key	english_source_xml	english	ms_start_length	ms_start	ms_result	ms_after	id_start_length	id_start	id_result	id_after
colour20_custom_selected_slot	Paintroid/src/main/res/values/strings.xml	Custom colours · Slot %1$d selected	33	Warna tersuai · Slot %1$d dipilih	retained after text comparison; no further change proposed in this bounded pass	Warna tersuai · Slot %1$d dipilih	32	Warna khusus · Slot %1$d dipilih	retained after text comparison; no further change proposed in this bounded pass	Warna khusus · Slot %1$d dipilih
colour20_empty_slot	Paintroid/src/main/res/values/strings.xml	Empty slot %1$d. Tap to choose where to save the current colour.	68	Slot kosong %1$d. Ketik untuk memilih tempat menyimpan warna semasa.	retained after text comparison; no further change proposed in this bounded pass	Slot kosong %1$d. Ketik untuk memilih tempat menyimpan warna semasa.	70	Slot kosong %1$d. Ketuk untuk memilih tempat menyimpan warna saat ini.	retained after text comparison; no further change proposed in this bounded pass	Slot kosong %1$d. Ketuk untuk memilih tempat menyimpan warna saat ini.
colour20_replace_slot	Paintroid/src/main/res/values/strings.xml	Replace slot %1$d	15	Ganti slot %1$d	retained after text comparison; no further change proposed in this bounded pass	Ganti slot %1$d	15	Ganti slot %1$d	retained after text comparison; no further change proposed in this bounded pass	Ganti slot %1$d
colour20_save_slot	Paintroid/src/main/res/values/strings.xml	Save to slot %1$d	19	Simpan ke slot %1$d	retained after text comparison; no further change proposed in this bounded pass	Simpan ke slot %1$d	19	Simpan ke slot %1$d	retained after text comparison; no further change proposed in this bounded pass	Simpan ke slot %1$d
colour20_saved_slot	Paintroid/src/main/res/values/strings.xml	Colour saved in slot %1$d	30	Warna disimpan dalam slot %1$d	retained after text comparison; no further change proposed in this bounded pass	Warna disimpan dalam slot %1$d	30	Warna disimpan dalam slot %1$d	retained after text comparison; no further change proposed in this bounded pass	Warna disimpan dalam slot %1$d
colour20_stored_slot	Paintroid/src/main/res/values/strings.xml	Slot %1$d · %2$s. Tap to use; adjust the colour, then Replace to save changes.	100	Slot %1$d · %2$s. Ketik untuk menggunakan; laraskan warna, kemudian Ganti untuk menyimpan perubahan.	retained after text comparison; no further change proposed in this bounded pass	Slot %1$d · %2$s. Ketik untuk menggunakan; laraskan warna, kemudian Ganti untuk menyimpan perubahan.	103	Slot %1$d · %2$s. Ketuk untuk menggunakan; sesuaikan warna, lalu pilih Ganti untuk menyimpan perubahan.	long counterpart: retained after text comparison; no further change proposed in this bounded pass	Slot %1$d · %2$s. Ketuk untuk menggunakan; sesuaikan warna, lalu pilih Ganti untuk menyimpan perubahan.
colour_converter_unavailable	Paintroid/src/main/res/values/strings.xml	The image colour converter could not start. The image was not imported.	62	Penukar warna imej tidak dapat dimulakan. Imej tidak diimport.	retained after text comparison; no further change proposed in this bounded pass	Penukar warna imej tidak dapat dimulakan. Imej tidak diimport.	68	Konverter warna gambar tidak dapat dijalankan. Gambar tidak diimpor.	retained after text comparison; no further change proposed in this bounded pass	Konverter warna gambar tidak dapat dijalankan. Gambar tidak diimpor.
colour_invalid_metadata	Paintroid/src/main/res/values/strings.xml	The image has invalid or unsupported colour metadata.	65	Imej mempunyai metadata warna yang tidak sah atau tidak disokong.	retained after text comparison; no further change proposed in this bounded pass	Imej mempunyai metadata warna yang tidak sah atau tidak disokong.	68	Gambar memiliki metadata warna yang tidak valid atau tidak didukung.	retained after text comparison; no further change proposed in this bounded pass	Gambar memiliki metadata warna yang tidak valid atau tidak didukung.
colour_truncated_metadata	Paintroid/src/main/res/values/strings.xml	The image ends inside its colour metadata.	42	Imej berakhir di tengah metadata warnanya.	retained after text comparison; no further change proposed in this bounded pass	Imej berakhir di tengah metadata warnanya.	44	Gambar berakhir di tengah metadata warnanya.	retained after text comparison; no further change proposed in this bounded pass	Gambar berakhir di tengah metadata warnanya.
formats22_animation_message	Paintroid/src/main/res/values/strings.xml	This %1$s contains %2$s frames. AN Paint edits still images and does not preserve animation.	96	%1$s ini mengandungi %2$s bingkai. AN Paint menyunting imej pegun dan tidak mengekalkan animasi.	retained after text comparison; no further change proposed in this bounded pass	%1$s ini mengandungi %2$s bingkai. AN Paint menyunting imej pegun dan tidak mengekalkan animasi.	93	%1$s ini berisi %2$s bingkai. AN Paint mengedit gambar diam dan tidak mempertahankan animasi.	retained after text comparison; no further change proposed in this bounded pass	%1$s ini berisi %2$s bingkai. AN Paint mengedit gambar diam dan tidak mempertahankan animasi.
formats22_animation_still	Paintroid/src/main/res/values/strings.xml	Only the first frame will be imported. Saving creates a still image.	71	Hanya bingkai pertama akan diimport. Menyimpan menghasilkan imej pegun.	retained after text comparison; no further change proposed in this bounded pass	Hanya bingkai pertama akan diimport. Menyimpan menghasilkan imej pegun.	73	Hanya bingkai pertama yang diimpor. Penyimpanan menghasilkan gambar diam.	retained after text comparison; no further change proposed in this bounded pass	Hanya bingkai pertama yang diimpor. Penyimpanan menghasilkan gambar diam.
formats22_animation_title	Paintroid/src/main/res/values/strings.xml	Animated image	15	Imej beranimasi	retained after text comparison; no further change proposed in this bounded pass	Imej beranimasi	17	Gambar beranimasi	retained after text comparison; no further change proposed in this bounded pass	Gambar beranimasi
formats22_ascii_columns	Paintroid/src/main/res/values/strings.xml	Width (characters)	14	Lebar (aksara)	retained after text comparison; no further change proposed in this bounded pass	Lebar (aksara)	16	Lebar (karakter)	retained after text comparison; no further change proposed in this bounded pass	Lebar (karakter)
formats22_ascii_invert	Paintroid/src/main/res/values/strings.xml	Invert light and dark characters	34	Songsangkan aksara cerah dan gelap	retained after text comparison; no further change proposed in this bounded pass	Songsangkan aksara cerah dan gelap	31	Tukar karakter terang dan gelap	retained after text comparison; no further change proposed in this bounded pass	Tukar karakter terang dan gelap
formats22_ascii_label	Paintroid/src/main/res/values/strings.xml	ASCII art	10	Seni ASCII	retained after text comparison; no further change proposed in this bounded pass	Seni ASCII	10	Seni ASCII	retained after text comparison; no further change proposed in this bounded pass	Seni ASCII
formats22_at_least_frames	Paintroid/src/main/res/values/strings.xml	at least %1$d	23	sekurang-kurangnya %1$d	retained after text comparison; no further change proposed in this bounded pass	sekurang-kurangnya %1$d	15	setidaknya %1$d	retained after text comparison; no further change proposed in this bounded pass	setidaknya %1$d
formats22_base64_label	Paintroid/src/main/res/values/strings.xml	Base64 text	11	Teks Base64	retained after text comparison; no further change proposed in this bounded pass	Teks Base64	11	Teks Base64	retained after text comparison; no further change proposed in this bounded pass	Teks Base64
formats22_dib_size_limit	Paintroid/src/main/res/values/strings.xml	The image exceeds the DIB file-size limit.	32	Imej melebihi had saiz fail DIB.	retained after text comparison; no further change proposed in this bounded pass	Imej melebihi had saiz fail DIB.	40	Gambar melebihi batas ukuran berkas DIB.	retained after text comparison; no further change proposed in this bounded pass	Gambar melebihi batas ukuran berkas DIB.
formats22_ico_decode_budget	Paintroid/src/main/res/values/strings.xml	Decoding this icon exceeds the available image memory budget.	55	Penyahkodan ikon ini melebihi had memori imej tersedia.	retained after text comparison; no further change proposed in this bounded pass	Penyahkodan ikon ini melebihi had memori imej tersedia.	59	Dekode ikon ini melebihi batas memori gambar yang tersedia.	retained after text comparison; no further change proposed in this bounded pass	Dekode ikon ini melebihi batas memori gambar yang tersedia.
formats22_ico_dimensions_error	Paintroid/src/main/res/values/strings.xml	The icon image dimensions disagree with its directory.	52	Dimensi imej ikon tidak sepadan dengan direktorinya.	retained after text comparison; no further change proposed in this bounded pass	Dimensi imej ikon tidak sepadan dengan direktorinya.	53	Dimensi gambar ikon tidak sesuai dengan direktorinya.	retained after text comparison; no further change proposed in this bounded pass	Dimensi gambar ikon tidak sesuai dengan direktorinya.
formats22_ico_invalid_size	Paintroid/src/main/res/values/strings.xml	Choose an icon size of 16, 24, 32, 48, 64, 128 or 256 pixels.	56	Pilih saiz ikon 16, 24, 32, 48, 64, 128 atau 256 piksel.	retained after text comparison; no further change proposed in this bounded pass	Pilih saiz ikon 16, 24, 32, 48, 64, 128 atau 256 piksel.	58	Pilih ukuran ikon 16, 24, 32, 48, 64, 128 atau 256 piksel.	retained after text comparison; no further change proposed in this bounded pass	Pilih ukuran ikon 16, 24, 32, 48, 64, 128 atau 256 piksel.
formats22_ico_size	Paintroid/src/main/res/values/strings.xml	Icon size	9	Saiz ikon	retained after text comparison; no further change proposed in this bounded pass	Saiz ikon	11	Ukuran ikon	retained after text comparison; no further change proposed in this bounded pass	Ukuran ikon
formats22_import_limit	Paintroid/src/main/res/values/strings.xml	This file exceeds the 512 MiB import limit. Choose a smaller file.	66	Fail ini melebihi had import 512 MiB. Pilih fail yang lebih kecil.	retained after text comparison; no further change proposed in this bounded pass	Fail ini melebihi had import 512 MiB. Pilih fail yang lebih kecil.	71	Berkas ini melebihi batas impor 512 MiB. Pilih berkas yang lebih kecil.	retained after text comparison; no further change proposed in this bounded pass	Berkas ini melebihi batas impor 512 MiB. Pilih berkas yang lebih kecil.
formats22_loading_page	Paintroid/src/main/res/values/strings.xml	Page %1$d of %2$d · Loading preview…	49	Halaman %1$d daripada %2$d · Memuatkan pratonton…	retained after text comparison; no further change proposed in this bounded pass	Halaman %1$d daripada %2$d · Memuatkan pratonton…	42	Halaman %1$d dari %2$d · Memuat pratinjau…	retained after text comparison; no further change proposed in this bounded pass	Halaman %1$d dari %2$d · Memuat pratinjau…
formats22_next_page	Paintroid/src/main/res/values/strings.xml	Next page	18	Halaman seterusnya	retained after text comparison; no further change proposed in this bounded pass	Halaman seterusnya	18	Halaman berikutnya	retained after text comparison; no further change proposed in this bounded pass	Halaman berikutnya
formats22_open_page	Paintroid/src/main/res/values/strings.xml	Open page	12	Buka halaman	retained after text comparison; no further change proposed in this bounded pass	Buka halaman	12	Buka halaman	retained after text comparison; no further change proposed in this bounded pass	Buka halaman
formats22_open_still	Paintroid/src/main/res/values/strings.xml	Open still image	15	Buka imej pegun	retained after text comparison; no further change proposed in this bounded pass	Buka imej pegun	16	Buka gambar diam	retained after text comparison; no further change proposed in this bounded pass	Buka gambar diam
formats22_page_description	Paintroid/src/main/res/values/strings.xml	%1$s · %2$s\n%3$d pages. Choose one page to edit as an image.	75	%1$s · %2$s\n%3$d halaman. Pilih satu halaman untuk disunting sebagai imej.	retained after text comparison; no further change proposed in this bounded pass	%1$s · %2$s\n%3$d halaman. Pilih satu halaman untuk disunting sebagai imej.	74	%1$s · %2$s\n%3$d halaman. Pilih satu halaman untuk diedit sebagai gambar.	retained after text comparison; no further change proposed in this bounded pass	%1$s · %2$s\n%3$d halaman. Pilih satu halaman untuk diedit sebagai gambar.
formats22_page_dimensions	Paintroid/src/main/res/values/strings.xml	Page %1$d of %2$d · %3$d × %4$d pixels	47	Halaman %1$d daripada %2$d · %3$d × %4$d piksel	retained after text comparison; no further change proposed in this bounded pass	Halaman %1$d daripada %2$d · %3$d × %4$d piksel	43	Halaman %1$d dari %2$d · %3$d × %4$d piksel	retained after text comparison; no further change proposed in this bounded pass	Halaman %1$d dari %2$d · %3$d × %4$d piksel
formats22_page_number	Paintroid/src/main/res/values/strings.xml	Page number	14	Nombor halaman	retained after text comparison; no further change proposed in this bounded pass	Nombor halaman	13	Nomor halaman	retained after text comparison; no further change proposed in this bounded pass	Nomor halaman
formats22_page_preview	Paintroid/src/main/res/values/strings.xml	Selected page preview	25	Pratonton halaman dipilih	retained after text comparison; no further change proposed in this bounded pass	Pratonton halaman dipilih	30	Pratinjau halaman yang dipilih	retained after text comparison; no further change proposed in this bounded pass	Pratinjau halaman yang dipilih
formats22_page_range	Paintroid/src/main/res/values/strings.xml	Enter a page number from 1 to %1$d.	43	Masukkan nombor halaman dari 1 hingga %1$d.	retained after text comparison; no further change proposed in this bounded pass	Masukkan nombor halaman dari 1 hingga %1$d.	42	Masukkan nomor halaman dari 1 hingga %1$d.	retained after text comparison; no further change proposed in this bounded pass	Masukkan nomor halaman dari 1 hingga %1$d.
formats22_pdf_crop	Paintroid/src/main/res/values/strings.xml	PDF crop must be a non-empty rectangle within the selected page.	80	Pangkasan PDF mestilah segi empat tepat tidak kosong dalam halaman yang dipilih.	corrected: States positive width AND height within the selected page	Pangkasan PDF mestilah segi empat tepat dalam halaman yang dipilih, dengan lebar dan tinggi melebihi sifar.	109	Area pemangkasan PDF harus berupa persegi panjang yang tidak kosong dan berada di dalam halaman yang dipilih.	long counterpart: corrected: States positive width AND height within the selected page	Area pemangkasan PDF harus berbentuk persegi panjang di dalam halaman yang dipilih, dengan lebar dan tinggi lebih dari nol.
formats22_pdf_dimensions	Paintroid/src/main/res/values/strings.xml	PDF page dimensions are invalid or too large to import.	64	Dimensi halaman PDF tidak sah atau terlalu besar untuk diimport.	retained after text comparison; no further change proposed in this bounded pass	Dimensi halaman PDF tidak sah atau terlalu besar untuk diimport.	65	Dimensi halaman PDF tidak valid atau terlalu besar untuk diimpor.	retained after text comparison; no further change proposed in this bounded pass	Dimensi halaman PDF tidak valid atau terlalu besar untuk diimpor.
formats22_pdf_file_size	Paintroid/src/main/res/values/strings.xml	PDF must be a non-empty file no larger than 512 MiB.	59	PDF mestilah fail tidak kosong yang tidak melebihi 512 MiB.	retained after text comparison; no further change proposed in this bounded pass	PDF mestilah fail tidak kosong yang tidak melebihi 512 MiB.	69	PDF harus berupa berkas yang tidak kosong dan tidak melebihi 512 MiB.	retained after text comparison; no further change proposed in this bounded pass	PDF harus berupa berkas yang tidak kosong dan tidak melebihi 512 MiB.
formats22_pdf_memory	Paintroid/src/main/res/values/strings.xml	PDF rendering exceeds the available image memory budget.	48	Pemaparan PDF melebihi had memori imej tersedia.	retained after text comparison; no further change proposed in this bounded pass	Pemaparan PDF melebihi had memori imej tersedia.	54	Render PDF melebihi batas memori gambar yang tersedia.	retained after text comparison; no further change proposed in this bounded pass	Render PDF melebihi batas memori gambar yang tersedia.
formats22_pdf_page_count	Paintroid/src/main/res/values/strings.xml	PDF must contain between 1 and %1$d pages.	51	PDF mesti mengandungi antara 1 hingga %1$d halaman.	retained after text comparison; no further change proposed in this bounded pass	PDF mesti mengandungi antara 1 hingga %1$d halaman.	39	PDF harus berisi 1 hingga %1$d halaman.	retained after text comparison; no further change proposed in this bounded pass	PDF harus berisi 1 hingga %1$d halaman.
formats22_pdf_page_index	Paintroid/src/main/res/values/strings.xml	PDF page selection is no longer valid. Choose a page from this document.	71	Pilihan halaman PDF tidak lagi sah. Pilih halaman daripada dokumen ini.	retained after text comparison; no further change proposed in this bounded pass	Pilihan halaman PDF tidak lagi sah. Pilih halaman daripada dokumen ini.	69	Pilihan halaman PDF tidak lagi valid. Pilih halaman dari dokumen ini.	retained after text comparison; no further change proposed in this bounded pass	Pilihan halaman PDF tidak lagi valid. Pilih halaman dari dokumen ini.
formats22_pdf_raster_hint	Paintroid/src/main/res/values/strings.xml	PDF pages are rendered at 144 dpi. Text and vector objects become pixels.	74	Halaman PDF dipaparkan pada 144 dpi. Teks dan objek vektor menjadi piksel.	retained after text comparison; no further change proposed in this bounded pass	Halaman PDF dipaparkan pada 144 dpi. Teks dan objek vektor menjadi piksel.	79	Halaman PDF dirender pada 144 dpi. Teks dan objek vektor diubah menjadi piksel.	retained after text comparison; no further change proposed in this bounded pass	Halaman PDF dirender pada 144 dpi. Teks dan objek vektor diubah menjadi piksel.
formats22_preview_unavailable	Paintroid/src/main/res/values/strings.xml	Preview unavailable: %1$s	30	Pratonton tidak tersedia: %1$s	retained after text comparison; no further change proposed in this bounded pass	Pratonton tidak tersedia: %1$s	30	Pratinjau tidak tersedia: %1$s	retained after text comparison; no further change proposed in this bounded pass	Pratinjau tidak tersedia: %1$s
formats22_previous_page	Paintroid/src/main/res/values/strings.xml	Previous page	18	Halaman sebelumnya	retained after text comparison; no further change proposed in this bounded pass	Halaman sebelumnya	18	Halaman sebelumnya	retained after text comparison; no further change proposed in this bounded pass	Halaman sebelumnya
formats22_select_page	Paintroid/src/main/res/values/strings.xml	Choose a page	13	Pilih halaman	retained after text comparison; no further change proposed in this bounded pass	Pilih halaman	13	Pilih halaman	retained after text comparison; no further change proposed in this bounded pass	Pilih halaman
formats22_text_not_image	Paintroid/src/main/res/values/strings.xml	The Base64 text does not contain a supported image.	49	Teks Base64 tidak mengandungi imej yang disokong.	retained after text comparison; no further change proposed in this bounded pass	Teks Base64 tidak mengandungi imej yang disokong.	46	Teks Base64 tidak berisi gambar yang didukung.	retained after text comparison; no further change proposed in this bounded pass	Teks Base64 tidak berisi gambar yang didukung.
formats22_tiff_compression	Paintroid/src/main/res/values/strings.xml	Lossless compression (Deflate)	35	Mampatan tanpa kehilangan (Deflate)	retained after text comparison; no further change proposed in this bounded pass	Mampatan tanpa kehilangan (Deflate)	40	Kompresi tanpa kehilangan data (Deflate)	retained after text comparison; no further change proposed in this bounded pass	Kompresi tanpa kehilangan data (Deflate)
gallery_copy_credit	Paintroid/src/main/res/values/strings.xml	Copy credit	12	Salin kredit	retained after text comparison; no further change proposed in this bounded pass	Salin kredit	12	Salin kredit	retained after text comparison; no further change proposed in this bounded pass	Salin kredit
gallery_credit_copied	Paintroid/src/main/res/values/strings.xml	Credit copied	14	Kredit disalin	retained after text comparison; no further change proposed in this bounded pass	Kredit disalin	14	Kredit disalin	retained after text comparison; no further change proposed in this bounded pass	Kredit disalin
gallery_credit_gallery	Paintroid/src/main/res/values/strings.xml	Gallery: %1$s	12	Galeri: %1$s	retained after text comparison; no further change proposed in this bounded pass	Galeri: %1$s	12	Galeri: %1$s	retained after text comparison; no further change proposed in this bounded pass	Galeri: %1$s
gallery_credit_licence	Paintroid/src/main/res/values/strings.xml	Catrobat original artwork: CC BY-SA 4.0 — %1$s	40	Karya asal Catrobat: CC BY-SA 4.0 — %1$s	retained after text comparison; no further change proposed in this bounded pass	Karya asal Catrobat: CC BY-SA 4.0 — %1$s	40	Karya asli Catrobat: CC BY-SA 4.0 — %1$s	retained after text comparison; no further change proposed in this bounded pass	Karya asli Catrobat: CC BY-SA 4.0 — %1$s
gallery_credit_publisher	Paintroid/src/main/res/values/strings.xml	Publisher: Catrobat project	25	Penerbit: projek Catrobat	retained after text comparison; no further change proposed in this bounded pass	Penerbit: projek Catrobat	25	Penerbit: proyek Catrobat	retained after text comparison; no further change proposed in this bounded pass	Penerbit: proyek Catrobat
gallery_credit_saved	Paintroid/src/main/res/values/strings.xml	Credit text saved	20	Teks kredit disimpan	retained after text comparison; no further change proposed in this bounded pass	Teks kredit disimpan	20	Teks kredit disimpan	retained after text comparison; no further change proposed in this bounded pass	Teks kredit disimpan
gallery_credit_source	Paintroid/src/main/res/values/strings.xml	Source: %1$s	12	Sumber: %1$s	retained after text comparison; no further change proposed in this bounded pass	Sumber: %1$s	12	Sumber: %1$s	retained after text comparison; no further change proposed in this bounded pass	Sumber: %1$s
gallery_credit_title	Paintroid/src/main/res/values/strings.xml	Artwork: %1$s	11	Karya: %1$s	retained after text comparison; no further change proposed in this bounded pass	Karya: %1$s	11	Karya: %1$s	retained after text comparison; no further change proposed in this bounded pass	Karya: %1$s
gallery_edit_credits	Paintroid/src/main/res/values/strings.xml	Edit credits	14	Sunting kredit	retained after text comparison; no further change proposed in this bounded pass	Sunting kredit	11	Edit kredit	retained after text comparison; no further change proposed in this bounded pass	Edit kredit
gallery_use_image	Paintroid/src/main/res/values/strings.xml	Use image	12	Gunakan imej	retained after text comparison; no further change proposed in this bounded pass	Gunakan imej	14	Gunakan gambar	retained after text comparison; no further change proposed in this bounded pass	Gunakan gambar
language20_app_language	Paintroid/src/main/res/values/strings.xml	App language	15	Bahasa aplikasi	retained after text comparison; no further change proposed in this bounded pass	Bahasa aplikasi	15	Bahasa aplikasi	retained after text comparison; no further change proposed in this bounded pass	Bahasa aplikasi
language20_current	Paintroid/src/main/res/values/strings.xml	App language: %1$s	21	Bahasa aplikasi: %1$s	retained after text comparison; no further change proposed in this bounded pass	Bahasa aplikasi: %1$s	21	Bahasa aplikasi: %1$s	retained after text comparison; no further change proposed in this bounded pass	Bahasa aplikasi: %1$s
language20_device_default	Paintroid/src/main/res/values/strings.xml	Use device language	21	Gunakan bahasa sistem	retained after text comparison; no further change proposed in this bounded pass	Gunakan bahasa sistem	21	Gunakan bahasa sistem	retained after text comparison; no further change proposed in this bounded pass	Gunakan bahasa sistem
language20_settings	Paintroid/src/main/res/values/strings.xml	Settings	6	Seting	retained after text comparison; no further change proposed in this bounded pass	Seting	10	Pengaturan	retained after text comparison; no further change proposed in this bounded pass	Pengaturan
language20_translation_note	Paintroid/src/main/res/values/strings.xml	App language\n\nTranslations are maintained in AN Paint’s language resources. New or untranslated text appears in English.	86	Versi bahasa ini mengandungi semua teks antara muka AN Paint yang boleh diterjemahkan.	corrected: Restores title and English-fallback meaning; removes completeness claim	Bahasa aplikasi\n\nTerjemahan diselenggarakan dalam sumber bahasa AN Paint. Teks baharu atau yang belum diterjemahkan dipaparkan dalam bahasa Inggeris.	79	Versi bahasa ini memuat semua teks antarmuka AN Paint yang dapat diterjemahkan.	corrected: Restores title and English-fallback meaning; removes completeness claim	Bahasa aplikasi\n\nTerjemahan dipelihara dalam sumber daya bahasa AN Paint. Teks baru atau yang belum diterjemahkan ditampilkan dalam bahasa Inggris.
save20_bmp_description	Paintroid/src/main/res/values/strings.xml	Uncompressed 24-bit RGB; exact colours, larger files.	57	RGB 24-bit tanpa mampatan; warna tepat, fail lebih besar.	retained after text comparison; no further change proposed in this bounded pass	RGB 24-bit tanpa mampatan; warna tepat, fail lebih besar.	59	RGB 24-bit tanpa kompresi; warna tepat, berkas lebih besar.	retained after text comparison; no further change proposed in this bounded pass	RGB 24-bit tanpa kompresi; warna tepat, berkas lebih besar.
save20_bmp_size_limit	Paintroid/src/main/res/values/strings.xml	The image exceeds the BMP file-size limit.	32	Imej melebihi had saiz fail BMP.	retained after text comparison; no further change proposed in this bounded pass	Imej melebihi had saiz fail BMP.	40	Gambar melebihi batas ukuran berkas BMP.	retained after text comparison; no further change proposed in this bounded pass	Gambar melebihi batas ukuran berkas BMP.
save20_destination_error	Paintroid/src/main/res/values/strings.xml	The completed image could not replace its destination.	53	Imej yang siap tidak dapat menggantikan destinasinya.	retained after text comparison; no further change proposed in this bounded pass	Imej yang siap tidak dapat menggantikan destinasinya.	68	Gambar yang selesai diproses tidak dapat menggantikan berkas tujuan.	retained after text comparison; no further change proposed in this bounded pass	Gambar yang selesai diproses tidak dapat menggantikan berkas tujuan.
save20_dither	Paintroid/src/main/res/values/strings.xml	Dither colours	10	Penditeran	retained after text comparison; no further change proposed in this bounded pass	Penditeran	15	Dithering warna	retained after text comparison; no further change proposed in this bounded pass	Dithering warna
save20_encoding_budget	Paintroid/src/main/res/values/strings.xml	The image and encoding buffers exceed the export memory budget.	57	Imej dan penimbal pengekodan melebihi had memori eksport.	retained after text comparison; no further change proposed in this bounded pass	Imej dan penimbal pengekodan melebihi had memori eksport.	57	Gambar dan buffer pengodean melebihi batas memori ekspor.	retained after text comparison; no further change proposed in this bounded pass	Gambar dan buffer pengodean melebihi batas memori ekspor.
save20_file_format	Paintroid/src/main/res/values/strings.xml	File format	11	Format fail	retained after text comparison; no further change proposed in this bounded pass	Format fail	13	Format berkas	retained after text comparison; no further change proposed in this bounded pass	Format berkas
save20_file_name	Paintroid/src/main/res/values/strings.xml	File name	9	Nama fail	retained after text comparison; no further change proposed in this bounded pass	Nama fail	11	Nama berkas	retained after text comparison; no further change proposed in this bounded pass	Nama berkas
save20_gif_size_limit	Paintroid/src/main/res/values/strings.xml	GIF dimensions cannot exceed 65,535 pixels per side.	64	Dimensi GIF tidak boleh melebihi 65,535 piksel pada setiap sisi.	retained after text comparison; no further change proposed in this bounded pass	Dimensi GIF tidak boleh melebihi 65,535 piksel pada setiap sisi.	64	Dimensi GIF tidak boleh melebihi 65.535 piksel pada setiap sisi.	retained after text comparison; no further change proposed in this bounded pass	Dimensi GIF tidak boleh melebihi 65.535 piksel pada setiap sisi.
save20_invalid_name	Paintroid/src/main/res/values/strings.xml	Enter a file name without slashes or control characters.	58	Masukkan nama fail tanpa garis miring atau aksara kawalan.	retained after text comparison; no further change proposed in this bounded pass	Masukkan nama fail tanpa garis miring atau aksara kawalan.	62	Masukkan nama berkas tanpa garis miring atau karakter kontrol.	retained after text comparison; no further change proposed in this bounded pass	Masukkan nama berkas tanpa garis miring atau karakter kontrol.
save20_title	Paintroid/src/main/res/values/strings.xml	Save as…	15	Simpan sebagai…	retained after text comparison; no further change proposed in this bounded pass	Simpan sebagai…	15	Simpan sebagai…	retained after text comparison; no further change proposed in this bounded pass	Simpan sebagai…
ui_0f_0f_px_1f	Paintroid/src/main/res/values/strings.xml	%1$.0f × %2$.0f px\n%3$.1f°	27	%1$.0f × %2$.0f px\n%3$.1f°	retained after text comparison; no further change proposed in this bounded pass	%1$.0f × %2$.0f px\n%3$.1f°	27	%1$.0f × %2$.0f px\n%3$.1f°	retained after text comparison; no further change proposed in this bounded pass	%1$.0f × %2$.0f px\n%3$.1f°
ui_100	Paintroid/src/main/res/values/strings.xml	100%	4	100%	retained after text comparison; no further change proposed in this bounded pass	100%	4	100%	retained after text comparison; no further change proposed in this bounded pass	100%
ui_1_px	Paintroid/src/main/res/values/strings.xml	1 px	4	1 px	retained after text comparison; no further change proposed in this bounded pass	1 px	4	1 px	retained after text comparison; no further change proposed in this bounded pass	1 px
ui_1f_s	Paintroid/src/main/res/values/strings.xml	%1$.1f %2$s	11	%1$.1f %2$s	retained after text comparison; no further change proposed in this bounded pass	%1$.1f %2$s	11	%1$.1f %2$s	retained after text comparison; no further change proposed in this bounded pass	%1$.1f %2$s
ui_aa_bb_0123	Paintroid/src/main/res/values/strings.xml	Aa Bb 0123 · あいう	16	Aa Bb 0123 · あいう	retained after text comparison; no further change proposed in this bounded pass	Aa Bb 0123 · あいう	16	Aa Bb 0123 · あいう	retained after text comparison; no further change proposed in this bounded pass	Aa Bb 0123 · あいう
ui_about_copyright	Paintroid/src/main/res/values/strings.xml	About & copyright	19	Perihal & hak cipta	retained after text comparison; no further change proposed in this bounded pass	Perihal & hak cipta	19	Tentang & hak cipta	retained after text comparison; no further change proposed in this bounded pass	Tentang & hak cipta
ui_about_copyright_licence	Paintroid/src/main/res/values/strings.xml	About, copyright & licence	26	Perihal, hak cipta & lesen	retained after text comparison; no further change proposed in this bounded pass	Perihal, hak cipta & lesen	28	Tentang, hak cipta & lisensi	retained after text comparison; no further change proposed in this bounded pass	Tentang, hak cipta & lisensi
ui_about_credits23	Paintroid/src/main/res/values/strings.xml	About, licences & credits	30	Perihal, lesen dan penghargaan	retained after text comparison; no further change proposed in this bounded pass	Perihal, lesen dan penghargaan	25	Tentang, lisensi & kredit	retained after text comparison; no further change proposed in this bounded pass	Tentang, lisensi & kredit
ui_actual_size_100	Paintroid/src/main/res/values/strings.xml	Actual size (100%)	19	Saiz sebenar (100%)	retained after text comparison; no further change proposed in this bounded pass	Saiz sebenar (100%)	24	Ukuran sebenarnya (100%)	retained after text comparison; no further change proposed in this bounded pass	Ukuran sebenarnya (100%)
ui_add_active23	Paintroid/src/main/res/values/strings.xml	Add active color	18	Tambah warna aktif	retained after text comparison; no further change proposed in this bounded pass	Tambah warna aktif	18	Tambah warna aktif	retained after text comparison; no further change proposed in this bounded pass	Tambah warna aktif
ui_add_colour26	Paintroid/src/main/res/values/strings.xml	Add colour	12	Tambah warna	retained after text comparison; no further change proposed in this bounded pass	Tambah warna	12	Tambah warna	retained after text comparison; no further change proposed in this bounded pass	Tambah warna
ui_add_images	Paintroid/src/main/res/values/strings.xml	Add images	11	Tambah imej	retained after text comparison; no further change proposed in this bounded pass	Tambah imej	13	Tambah gambar	retained after text comparison; no further change proposed in this bounded pass	Tambah gambar
ui_add_images_first	Paintroid/src/main/res/values/strings.xml	Add images first.	19	Tambah imej dahulu.	retained after text comparison; no further change proposed in this bounded pass	Tambah imej dahulu.	21	Tambah gambar dahulu.	retained after text comparison; no further change proposed in this bounded pass	Tambah gambar dahulu.
ui_add_images_then_drag_a_thumbnail_here	Paintroid/src/main/res/values/strings.xml	Add images, then drag a thumbnail here	49	Tambah imej, kemudian seret lakaran kecil ke sini	retained after text comparison; no further change proposed in this bounded pass	Tambah imej, kemudian seret lakaran kecil ke sini	49	Tambah gambar, kemudian seret gambar mini ke sini	retained after text comparison; no further change proposed in this bounded pass	Tambah gambar, kemudian seret gambar mini ke sini
ui_add_palette23	Paintroid/src/main/res/values/strings.xml	Add to palette	15	Tambah ke palet	retained after text comparison; no further change proposed in this bounded pass	Tambah ke palet	15	Tambah ke palet	retained after text comparison; no further change proposed in this bounded pass	Tambah ke palet
ui_add_text	Paintroid/src/main/res/values/strings.xml	Add text	11	Tambah teks	retained after text comparison; no further change proposed in this bounded pass	Tambah teks	11	Tambah teks	retained after text comparison; no further change proposed in this bounded pass	Tambah teks
ui_add_to_custom_colours	Paintroid/src/main/res/values/strings.xml	Add to custom colours	23	Tambah ke warna tersuai	retained after text comparison; no further change proposed in this bounded pass	Tambah ke warna tersuai	22	Tambah ke warna khusus	retained after text comparison; no further change proposed in this bounded pass	Tambah ke warna khusus
ui_added_palette23	Paintroid/src/main/res/values/strings.xml	Added to palette	17	Ditambah ke palet	retained after text comparison; no further change proposed in this bounded pass	Ditambah ke palet	17	Ditambah ke palet	retained after text comparison; no further change proposed in this bounded pass	Ditambah ke palet
ui_advanced	Paintroid/src/main/res/values/strings.xml	Advanced	8	Lanjutan	retained after text comparison; no further change proposed in this bounded pass	Lanjutan	8	Lanjutan	retained after text comparison; no further change proposed in this bounded pass	Lanjutan
ui_agpl_licence	Paintroid/src/main/res/values/strings.xml	AGPL licence	10	Lesen AGPL	retained after text comparison; no further change proposed in this bounded pass	Lesen AGPL	12	Lisensi AGPL	retained after text comparison; no further change proposed in this bounded pass	Lisensi AGPL
ui_airbrush	Paintroid/src/main/res/values/strings.xml	Airbrush	9	Penyembur	retained after text comparison; no further change proposed in this bounded pass	Penyembur	8	Airbrush	retained after text comparison; no further change proposed in this bounded pass	Airbrush
ui_all	Paintroid/src/main/res/values/strings.xml	All	5	Semua	retained after text comparison; no further change proposed in this bounded pass	Semua	5	Semua	retained after text comparison; no further change proposed in this bounded pass	Semua
ui_an_assembly_can_contain_up_to_20_images	Paintroid/src/main/res/values/strings.xml	An assembly can contain up to 20 images. Remove an image to add another.	91	Satu gabungan boleh mengandungi sehingga 20 imej. Buang satu imej untuk menambah imej lain.	retained after text comparison; no further change proposed in this bounded pass	Satu gabungan boleh mengandungi sehingga 20 imej. Buang satu imej untuk menambah imej lain.	93	Satu gabungan dapat memuat hingga 20 gambar. Hapus satu gambar untuk menambahkan gambar lain.	retained after text comparison; no further change proposed in this bounded pass	Satu gabungan dapat memuat hingga 20 gambar. Hapus satu gambar untuk menambahkan gambar lain.
ui_an_assembly_can_contain_up_to_20_images_86d995	Paintroid/src/main/res/values/strings.xml	An assembly can contain up to 20 images.	49	Satu gabungan boleh mengandungi sehingga 20 imej.	retained after text comparison; no further change proposed in this bounded pass	Satu gabungan boleh mengandungi sehingga 20 imej.	44	Satu gabungan dapat memuat hingga 20 gambar.	retained after text comparison; no further change proposed in this bounded pass	Satu gabungan dapat memuat hingga 20 gambar.
ui_an_assembly_source_image_is_missing	Paintroid/src/main/res/values/strings.xml	An assembly source image is missing.	27	Imej sumber gabungan tiada.	retained after text comparison; no further change proposed in this bounded pass	Imej sumber gabungan tiada.	39	Gambar sumber gabungan tidak ditemukan.	retained after text comparison; no further change proposed in this bounded pass	Gambar sumber gabungan tidak ditemukan.
ui_an_image_cannot_attach_to_itself_or_one	Paintroid/src/main/res/values/strings.xml	An image cannot attach to itself or one of its attached images.	98	Imej tidak boleh dicantumkan pada dirinya sendiri atau pada imej yang sudah dicantumkan kepadanya.	retained after text comparison; no further change proposed in this bounded pass	Imej tidak boleh dicantumkan pada dirinya sendiri atau pada imej yang sudah dicantumkan kepadanya.	97	Gambar tidak dapat disambungkan ke dirinya sendiri atau ke gambar yang sudah terhubung dengannya.	retained after text comparison; no further change proposed in this bounded pass	Gambar tidak dapat disambungkan ke dirinya sendiri atau ke gambar yang sudah terhubung dengannya.
ui_an_paint_assembly_image	Paintroid/src/main/res/values/strings.xml	AN Paint assembly image	22	Imej gabungan AN Paint	retained after text comparison; no further change proposed in this bounded pass	Imej gabungan AN Paint	24	Gambar gabungan AN Paint	retained after text comparison; no further change proposed in this bounded pass	Gambar gabungan AN Paint
ui_an_paint_image	Paintroid/src/main/res/values/strings.xml	AN Paint image	13	Imej AN Paint	retained after text comparison; no further change proposed in this bounded pass	Imej AN Paint	15	Gambar AN Paint	retained after text comparison; no further change proposed in this bounded pass	Gambar AN Paint
ui_an_paint_image_assembly	Paintroid/src/main/res/values/strings.xml	AN Paint · Image assembly	24	AN Paint · Gabungan imej	retained after text comparison; no further change proposed in this bounded pass	AN Paint · Gabungan imej	26	AN Paint · Gabungan gambar	retained after text comparison; no further change proposed in this bounded pass	AN Paint · Gabungan gambar
ui_an_paint_image_assembly_20_images_placed	Paintroid/src/main/res/values/strings.xml	AN Paint · Image assembly\n%1$s/20 images · %2$s placed	57	AN Paint · Gabungan imej\n%1$s/20 imej · %2$s ditempatkan	retained after text comparison; no further change proposed in this bounded pass	AN Paint · Gabungan imej\n%1$s/20 imej · %2$s ditempatkan	61	AN Paint · Gabungan gambar\n%1$s/20 gambar · %2$s ditempatkan	retained after text comparison; no further change proposed in this bounded pass	AN Paint · Gabungan gambar\n%1$s/20 gambar · %2$s ditempatkan
ui_android_blocked_the_file_picker	Paintroid/src/main/res/values/strings.xml	Android blocked the file picker: %1$s	35	Android menyekat pemilih fail: %1$s	retained after text comparison; no further change proposed in this bounded pass	Android menyekat pemilih fail: %1$s	38	Android memblokir pemilih berkas: %1$s	retained after text comparison; no further change proposed in this bounded pass	Android memblokir pemilih berkas: %1$s
ui_android_could_not_decode_this_image	Paintroid/src/main/res/values/strings.xml	Android could not decode this image.	39	Android tidak dapat menyahkod imej ini.	retained after text comparison; no further change proposed in this bounded pass	Android tidak dapat menyahkod imej ini.	41	Android tidak dapat mendekode gambar ini.	retained after text comparison; no further change proposed in this bounded pass	Android tidak dapat mendekode gambar ini.
ui_apply	Paintroid/src/main/res/values/strings.xml	Apply	7	Gunakan	retained after text comparison; no further change proposed in this bounded pass	Gunakan	8	Terapkan	retained after text comparison; no further change proposed in this bounded pass	Terapkan
ui_apply_bounds	Paintroid/src/main/res/values/strings.xml	Apply bounds	16	Gunakan sempadan	retained after text comparison; no further change proposed in this bounded pass	Gunakan sempadan	14	Terapkan batas	retained after text comparison; no further change proposed in this bounded pass	Terapkan batas
ui_apply_crop	Paintroid/src/main/res/values/strings.xml	Apply crop	17	Gunakan pangkasan	retained after text comparison; no further change proposed in this bounded pass	Gunakan pangkasan	20	Terapkan pemangkasan	retained after text comparison; no further change proposed in this bounded pass	Terapkan pemangkasan
ui_apply_to_all	Paintroid/src/main/res/values/strings.xml	Apply to all	18	Gunakan pada semua	retained after text comparison; no further change proposed in this bounded pass	Gunakan pada semua	17	Terapkan ke semua	retained after text comparison; no further change proposed in this bounded pass	Terapkan ke semua
ui_apply_to_these_images	Paintroid/src/main/res/values/strings.xml	Apply to these images	21	Gunakan pada imej ini	retained after text comparison; no further change proposed in this bounded pass	Gunakan pada imej ini	22	Terapkan ke gambar ini	retained after text comparison; no further change proposed in this bounded pass	Terapkan ke gambar ini
ui_arrow	Paintroid/src/main/res/values/strings.xml	Arrow	10	Anak panah	retained after text comparison; no further change proposed in this bounded pass	Anak panah	5	Panah	retained after text comparison; no further change proposed in this bounded pass	Panah
ui_assembly_decoded_output_estimated_editing_render_memory_at	Paintroid/src/main/res/values/strings.xml	Assembly: %1$s\nDecoded output: %2$s\nEstimated editing/render memory at original size: %3$s	96	Gabungan: %1$s\nOutput dinyahkod: %2$s\nAnggaran memori suntingan/pemaparan pada saiz asal: %3$s	retained after text comparison; no further change proposed in this bounded pass	Gabungan: %1$s\nOutput dinyahkod: %2$s\nAnggaran memori suntingan/pemaparan pada saiz asal: %3$s	93	Gabungan: %1$s\nHasil dekode: %2$s\nPerkiraan memori pengeditan/render pada ukuran asli: %3$s	retained after text comparison; no further change proposed in this bounded pass	Gabungan: %1$s\nHasil dekode: %2$s\nPerkiraan memori pengeditan/render pada ukuran asli: %3$s
ui_assembly_output_size	Paintroid/src/main/res/values/strings.xml	Assembly output size	20	Saiz output gabungan	retained after text comparison; no further change proposed in this bounded pass	Saiz output gabungan	21	Ukuran hasil gabungan	retained after text comparison; no further change proposed in this bounded pass	Ukuran hasil gabungan
ui_assembly_png	Paintroid/src/main/res/values/strings.xml	Assembly.png	12	Gabungan.png	retained after text comparison; no further change proposed in this bounded pass	Gabungan.png	12	Gabungan.png	retained after text comparison; no further change proposed in this bounded pass	Gabungan.png
ui_assembly_saved	Paintroid/src/main/res/values/strings.xml	Assembly saved	17	Gabungan disimpan	retained after text comparison; no further change proposed in this bounded pass	Gabungan disimpan	17	Gabungan disimpan	retained after text comparison; no further change proposed in this bounded pass	Gabungan disimpan
ui_autosave_failed_use_save	Paintroid/src/main/res/values/strings.xml	Autosave failed · use Save	33	Autosimpan gagal · gunakan Simpan	retained after text comparison; no further change proposed in this bounded pass	Autosimpan gagal · gunakan Simpan	43	Penyimpanan otomatis gagal · gunakan Simpan	retained after text comparison; no further change proposed in this bounded pass	Penyimpanan otomatis gagal · gunakan Simpan
ui_autosave_image_encoding_failed	Paintroid/src/main/res/values/strings.xml	Autosave image encoding failed.	33	Pengekodan imej autosimpan gagal.	retained after text comparison; no further change proposed in this bounded pass	Pengekodan imej autosimpan gagal.	50	Pengodean gambar untuk penyimpanan otomatis gagal.	retained after text comparison; no further change proposed in this bounded pass	Pengodean gambar untuk penyimpanan otomatis gagal.
ui_autosave_metadata_is_missing	Paintroid/src/main/res/values/strings.xml	Autosave metadata is missing.	26	Metadata autosimpan tiada.	retained after text comparison; no further change proposed in this bounded pass	Metadata autosimpan tiada.	46	Metadata penyimpanan otomatis tidak ditemukan.	retained after text comparison; no further change proposed in this bounded pass	Metadata penyimpanan otomatis tidak ditemukan.
ui_autosave_paused_use_save	Paintroid/src/main/res/values/strings.xml	Autosave paused · use Save	34	Autosimpan dijeda · gunakan Simpan	retained after text comparison; no further change proposed in this bounded pass	Autosimpan dijeda · gunakan Simpan	44	Penyimpanan otomatis dijeda · gunakan Simpan	retained after text comparison; no further change proposed in this bounded pass	Penyimpanan otomatis dijeda · gunakan Simpan
ui_autosave_pixels_are_missing	Paintroid/src/main/res/values/strings.xml	Autosave pixels are missing.	29	Data piksel autosimpan tiada.	retained after text comparison; no further change proposed in this bounded pass	Data piksel autosimpan tiada.	49	Data piksel penyimpanan otomatis tidak ditemukan.	retained after text comparison; no further change proposed in this bounded pass	Data piksel penyimpanan otomatis tidak ditemukan.
ui_autosave_pixels_could_not_be_read	Paintroid/src/main/res/values/strings.xml	Autosave pixels could not be read.	42	Data piksel autosimpan tidak dapat dibaca.	retained after text comparison; no further change proposed in this bounded pass	Data piksel autosimpan tidak dapat dibaca.	52	Data piksel penyimpanan otomatis tidak dapat dibaca.	retained after text comparison; no further change proposed in this bounded pass	Data piksel penyimpanan otomatis tidak dapat dibaca.
ui_autosave_selection_encoding_failed	Paintroid/src/main/res/values/strings.xml	Autosave selection encoding failed.	36	Pengekodan pilihan autosimpan gagal.	retained after text comparison; no further change proposed in this bounded pass	Pengekodan pilihan autosimpan gagal.	51	Pengodean seleksi untuk penyimpanan otomatis gagal.	retained after text comparison; no further change proposed in this bounded pass	Pengodean seleksi untuk penyimpanan otomatis gagal.
ui_autosaving_draft	Paintroid/src/main/res/values/strings.xml	Autosaving draft…	20	Mengautosimpan draf…	retained after text comparison; no further change proposed in this bounded pass	Mengautosimpan draf…	31	Menyimpan draf secara otomatis…	retained after text comparison; no further change proposed in this bounded pass	Menyimpan draf secara otomatis…
ui_background_colour	Paintroid/src/main/res/values/strings.xml	Background colour	11	Warna latar	retained after text comparison; no further change proposed in this bounded pass	Warna latar	20	Warna latar belakang	retained after text comparison; no further change proposed in this bounded pass	Warna latar belakang
ui_background_edit_colour	Paintroid/src/main/res/values/strings.xml	Background %1$s. Edit colour.	26	Latar %1$s. Sunting warna.	retained after text comparison; no further change proposed in this bounded pass	Latar %1$s. Sunting warna.	32	Latar belakang %1$s. Edit warna.	retained after text comparison; no further change proposed in this bounded pass	Latar belakang %1$s. Edit warna.
ui_basic_colours	Paintroid/src/main/res/values/strings.xml	Basic colours	10	Warna asas	retained after text comparison; no further change proposed in this bounded pass	Warna asas	11	Warna dasar	retained after text comparison; no further change proposed in this bounded pass	Warna dasar
ui_batch_crop	Paintroid/src/main/res/values/strings.xml	Batch crop	16	Pangkas kelompok	retained after text comparison; no further change proposed in this bounded pass	Pangkas kelompok	14	Pangkas massal	retained after text comparison; no further change proposed in this bounded pass	Pangkas massal
ui_batch_crop_images	Paintroid/src/main/res/values/strings.xml	Batch crop images	28	Pangkas imej secara kelompok	retained after text comparison; no further change proposed in this bounded pass	Pangkas imej secara kelompok	28	Pangkas gambar secara massal	retained after text comparison; no further change proposed in this bounded pass	Pangkas gambar secara massal
ui_bg	Paintroid/src/main/res/values/strings.xml	BG	5	Latar	retained after text comparison; no further change proposed in this bounded pass	Latar	5	Latar	retained after text comparison; no further change proposed in this bounded pass	Latar
ui_bold	Paintroid/src/main/res/values/strings.xml	Bold	5	Tebal	retained after text comparison; no further change proposed in this bounded pass	Tebal	5	Tebal	retained after text comparison; no further change proposed in this bounded pass	Tebal
ui_bottom	Paintroid/src/main/res/values/strings.xml	Bottom	5	Bawah	retained after text comparison; no further change proposed in this bounded pass	Bawah	5	Bawah	retained after text comparison; no further change proposed in this bounded pass	Bawah
ui_bottom23	Paintroid/src/main/res/values/strings.xml	Bottom aligned	13	Sejajar bawah	retained after text comparison; no further change proposed in this bounded pass	Sejajar bawah	10	Rata bawah	retained after text comparison; no further change proposed in this bounded pass	Rata bawah
ui_brush	Paintroid/src/main/res/values/strings.xml	Brush	5	Berus	retained after text comparison; no further change proposed in this bounded pass	Berus	4	Kuas	retained after text comparison; no further change proposed in this bounded pass	Kuas
ui_bucket_fill	Paintroid/src/main/res/values/strings.xml	Bucket fill	9	Isi warna	retained after text comparison; no further change proposed in this bounded pass	Isi warna	9	Isi warna	retained after text comparison; no further change proposed in this bounded pass	Isi warna
ui_by_pixels_hold_and_drag_to_place	Paintroid/src/main/res/values/strings.xml	%1$s. %2$s. %3$s by %4$s pixels. Hold and drag to place.	81	%1$s. %2$s. %3$s × %4$s piksel. Tekan dan tahan, kemudian seret untuk meletakkan.	retained after text comparison; no further change proposed in this bounded pass	%1$s. %2$s. %3$s × %4$s piksel. Tekan dan tahan, kemudian seret untuk meletakkan.	73	%1$s. %2$s. %3$s × %4$s piksel. Tekan lama, lalu seret untuk menempatkan.	retained after text comparison; no further change proposed in this bounded pass	%1$s. %2$s. %3$s × %4$s piksel. Tekan lama, lalu seret untuk menempatkan.
ui_calligraphy	Paintroid/src/main/res/values/strings.xml	Calligraphy	9	Kaligrafi	retained after text comparison; no further change proposed in this bounded pass	Kaligrafi	9	Kaligrafi	retained after text comparison; no further change proposed in this bounded pass	Kaligrafi
ui_cancel	Paintroid/src/main/res/values/strings.xml	Cancel	5	Batal	retained after text comparison; no further change proposed in this bounded pass	Batal	5	Batal	retained after text comparison; no further change proposed in this bounded pass	Batal
ui_cannot_create_the_undo_cache_free_some_device	Paintroid/src/main/res/values/strings.xml	Cannot create the undo cache. Free some device storage and try again.	85	Tidak dapat mencipta cache buat asal. Kosongkan sedikit storan peranti dan cuba lagi.	retained after text comparison; no further change proposed in this bounded pass	Tidak dapat mencipta cache buat asal. Kosongkan sedikit storan peranti dan cuba lagi.	100	Cache pembatalan tidak dapat dibuat. Kosongkan sebagian ruang penyimpanan perangkat, lalu coba lagi.	retained after text comparison; no further change proposed in this bounded pass	Cache pembatalan tidak dapat dibuat. Kosongkan sebagian ruang penyimpanan perangkat, lalu coba lagi.
ui_canvas_bounds	Paintroid/src/main/res/values/strings.xml	Canvas bounds	15	Sempadan kanvas	retained after text comparison; no further change proposed in this bounded pass	Sempadan kanvas	12	Batas kanvas	retained after text comparison; no further change proposed in this bounded pass	Batas kanvas
ui_canvas_size	Paintroid/src/main/res/values/strings.xml	Canvas size…	12	Saiz kanvas…	retained after text comparison; no further change proposed in this bounded pass	Saiz kanvas…	14	Ukuran kanvas…	retained after text comparison; no further change proposed in this bounded pass	Ukuran kanvas…
ui_canvas_size_30460e	Paintroid/src/main/res/values/strings.xml	Canvas size	11	Saiz kanvas	retained after text comparison; no further change proposed in this bounded pass	Saiz kanvas	13	Ukuran kanvas	retained after text comparison; no further change proposed in this bounded pass	Ukuran kanvas
ui_canvas_zoom	Paintroid/src/main/res/values/strings.xml	Canvas zoom	10	Zum kanvas	retained after text comparison; no further change proposed in this bounded pass	Zum kanvas	17	Pembesaran kanvas	retained after text comparison; no further change proposed in this bounded pass	Pembesaran kanvas
ui_canvas_zoom_771f84	Paintroid/src/main/res/values/strings.xml	Canvas zoom %1$s	15	Zum kanvas %1$s	retained after text comparison; no further change proposed in this bounded pass	Zum kanvas %1$s	22	Pembesaran kanvas %1$s	retained after text comparison; no further change proposed in this bounded pass	Pembesaran kanvas %1$s
ui_casual	Paintroid/src/main/res/values/strings.xml	Casual	6	Santai	retained after text comparison; no further change proposed in this bounded pass	Santai	6	Santai	retained after text comparison; no further change proposed in this bounded pass	Santai
ui_category_brush	Paintroid/src/main/res/values/strings.xml	Brush	5	Berus	retained after text comparison; no further change proposed in this bounded pass	Berus	4	Kuas	retained after text comparison; no further change proposed in this bounded pass	Kuas
ui_category_insert	Paintroid/src/main/res/values/strings.xml	Insert	5	Sisip	retained after text comparison; no further change proposed in this bounded pass	Sisip	8	Sisipkan	retained after text comparison; no further change proposed in this bounded pass	Sisipkan
ui_category_selection	Paintroid/src/main/res/values/strings.xml	Selection	7	Pilihan	retained after text comparison; no further change proposed in this bounded pass	Pilihan	7	Seleksi	retained after text comparison; no further change proposed in this bounded pass	Seleksi
ui_catrobat_online_gallery_artwork_by_its_credited_creators	Paintroid/src/main/res/values/strings.xml	Catrobat online gallery · artwork by its credited creators	67	Galeri dalam talian Catrobat · karya oleh pencipta yang dikreditkan	retained after text comparison; no further change proposed in this bounded pass	Galeri dalam talian Catrobat · karya oleh pencipta yang dikreditkan	59	Galeri daring Catrobat · karya oleh pembuat yang disebutkan	retained after text comparison; no further change proposed in this bounded pass	Galeri daring Catrobat · karya oleh pembuat yang disebutkan
ui_catrobat_sticker_gallery	Paintroid/src/main/res/values/strings.xml	Catrobat sticker gallery…	24	Galeri pelekat Catrobat…	retained after text comparison; no further change proposed in this bounded pass	Galeri pelekat Catrobat…	23	Galeri stiker Catrobat…	retained after text comparison; no further change proposed in this bounded pass	Galeri stiker Catrobat…
ui_centred	Paintroid/src/main/res/values/strings.xml	Centred	9	Di tengah	retained after text comparison; no further change proposed in this bounded pass	Di tengah	9	Di tengah	retained after text comparison; no further change proposed in this bounded pass	Di tengah
ui_choose_a_smaller_size	Paintroid/src/main/res/values/strings.xml	Choose a smaller size.	28	Pilih saiz yang lebih kecil.	retained after text comparison; no further change proposed in this bounded pass	Pilih saiz yang lebih kecil.	30	Pilih ukuran yang lebih kecil.	retained after text comparison; no further change proposed in this bounded pass	Pilih ukuran yang lebih kecil.
ui_choose_at_least_one_image	Paintroid/src/main/res/values/strings.xml	Choose at least one image.	35	Pilih sekurang-kurangnya satu imej.	retained after text comparison; no further change proposed in this bounded pass	Pilih sekurang-kurangnya satu imej.	29	Pilih setidaknya satu gambar.	retained after text comparison; no further change proposed in this bounded pass	Pilih setidaknya satu gambar.
ui_choose_dimensions_no_larger_than_the_original	Paintroid/src/main/res/values/strings.xml	Choose dimensions no larger than the original.	51	Pilih dimensi yang tidak lebih besar daripada asal.	retained after text comparison; no further change proposed in this bounded pass	Pilih dimensi yang tidak lebih besar daripada asal.	46	Pilih dimensi yang tidak melebihi ukuran asli.	retained after text comparison; no further change proposed in this bounded pass	Pilih dimensi yang tidak melebihi ukuran asli.
ui_choose_location	Paintroid/src/main/res/values/strings.xml	Choose location…	13	Pilih lokasi…	retained after text comparison; no further change proposed in this bounded pass	Pilih lokasi…	13	Pilih lokasi…	retained after text comparison; no further change proposed in this bounded pass	Pilih lokasi…
ui_clear_all	Paintroid/src/main/res/values/strings.xml	Clear all	15	Kosongkan semua	retained after text comparison; no further change proposed in this bounded pass	Kosongkan semua	15	Kosongkan semua	retained after text comparison; no further change proposed in this bounded pass	Kosongkan semua
ui_clear_image	Paintroid/src/main/res/values/strings.xml	Clear image	14	Kosongkan imej	retained after text comparison; no further change proposed in this bounded pass	Kosongkan imej	16	Kosongkan gambar	retained after text comparison; no further change proposed in this bounded pass	Kosongkan gambar
ui_close_polygon	Paintroid/src/main/res/values/strings.xml	Close polygon	13	Tutup poligon	retained after text comparison; no further change proposed in this bounded pass	Tutup poligon	13	Tutup poligon	retained after text comparison; no further change proposed in this bounded pass	Tutup poligon
ui_collapse_colour_palette	Paintroid/src/main/res/values/strings.xml	Collapse colour palette	21	Kuncupkan palet warna	retained after text comparison; no further change proposed in this bounded pass	Kuncupkan palet warna	19	Ciutkan palet warna	retained after text comparison; no further change proposed in this bounded pass	Ciutkan palet warna
ui_collapse_tool_category	Paintroid/src/main/res/values/strings.xml	%1$s: %2$s selected. Collapse tools and options	46	%1$s: %2$s dipilih. Kuncupkan alat dan pilihan	retained after text comparison; no further change proposed in this bounded pass	%1$s: %2$s dipilih. Kuncupkan alat dan pilihan	44	%1$s: %2$s dipilih. Ciutkan alat dan opsinya	retained after text comparison; no further change proposed in this bounded pass	%1$s: %2$s dipilih. Ciutkan alat dan opsinya
ui_collapse_toolbox	Paintroid/src/main/res/values/strings.xml	Collapse toolbox	20	Kuncupkan kotak alat	retained after text comparison; no further change proposed in this bounded pass	Kuncupkan kotak alat	18	Ciutkan kotak alat	retained after text comparison; no further change proposed in this bounded pass	Ciutkan kotak alat
ui_colour	Paintroid/src/main/res/values/strings.xml	Colour %1$s	10	Warna %1$s	retained after text comparison; no further change proposed in this bounded pass	Warna %1$s	10	Warna %1$s	retained after text comparison; no further change proposed in this bounded pass	Warna %1$s
ui_colour_blue_range	Paintroid/src/main/res/values/strings.xml	B · 0–255	9	B · 0–255	retained after text comparison; no further change proposed in this bounded pass	B · 0–255	9	B · 0–255	retained after text comparison; no further change proposed in this bounded pass	B · 0–255
ui_colour_component_range	Paintroid/src/main/res/values/strings.xml	0–%1$d	6	0–%1$d	retained after text comparison; no further change proposed in this bounded pass	0–%1$d	6	0–%1$d	retained after text comparison; no further change proposed in this bounded pass	0–%1$d
ui_colour_green_range	Paintroid/src/main/res/values/strings.xml	G · 0–255	9	G · 0–255	retained after text comparison; no further change proposed in this bounded pass	G · 0–255	9	G · 0–255	retained after text comparison; no further change proposed in this bounded pass	G · 0–255
ui_colour_hsl_hue_range	Paintroid/src/main/res/values/strings.xml	HSL H · 0–360°	14	HSL H · 0–360°	retained after text comparison; no further change proposed in this bounded pass	HSL H · 0–360°	14	HSL H · 0–360°	retained after text comparison; no further change proposed in this bounded pass	HSL H · 0–360°
ui_colour_hsl_lightness_range	Paintroid/src/main/res/values/strings.xml	HSL L · 0–100%	14	HSL L · 0–100%	retained after text comparison; no further change proposed in this bounded pass	HSL L · 0–100%	14	HSL L · 0–100%	retained after text comparison; no further change proposed in this bounded pass	HSL L · 0–100%
ui_colour_hsl_saturation_range	Paintroid/src/main/res/values/strings.xml	HSL S · 0–100%	14	HSL S · 0–100%	retained after text comparison; no further change proposed in this bounded pass	HSL S · 0–100%	14	HSL S · 0–100%	retained after text comparison; no further change proposed in this bounded pass	HSL S · 0–100%
ui_colour_hsv_hue_range	Paintroid/src/main/res/values/strings.xml	HSV H · 0–360°	14	HSV H · 0–360°	retained after text comparison; no further change proposed in this bounded pass	HSV H · 0–360°	14	HSV H · 0–360°	retained after text comparison; no further change proposed in this bounded pass	HSV H · 0–360°
ui_colour_hsv_saturation_range	Paintroid/src/main/res/values/strings.xml	HSV S · 0–100%	14	HSV S · 0–100%	retained after text comparison; no further change proposed in this bounded pass	HSV S · 0–100%	14	HSV S · 0–100%	retained after text comparison; no further change proposed in this bounded pass	HSV S · 0–100%
ui_colour_hsv_value_range	Paintroid/src/main/res/values/strings.xml	HSV V · 0–100%	14	HSV V · 0–100%	retained after text comparison; no further change proposed in this bounded pass	HSV V · 0–100%	14	HSV V · 0–100%	retained after text comparison; no further change proposed in this bounded pass	HSV V · 0–100%
ui_colour_palette_tap_for_foreground_hold_for_background	Paintroid/src/main/res/values/strings.xml	Colour palette. Tap for foreground; hold for background. Scroll for more colours.	100	Palet warna. Ketik untuk warna hadapan; tekan dan tahan untuk latar. Tatal untuk lebih banyak warna.	retained after text comparison; no further change proposed in this bounded pass	Palet warna. Ketik untuk warna hadapan; tekan dan tahan untuk latar. Tatal untuk lebih banyak warna.	105	Palet warna. Ketuk untuk latar depan; tekan lama untuk latar belakang. Gulir untuk melihat warna lainnya.	long counterpart: retained after text comparison; no further change proposed in this bounded pass	Palet warna. Ketuk untuk latar depan; tekan lama untuk latar belakang. Gulir untuk melihat warna lainnya.
ui_colour_red_range	Paintroid/src/main/res/values/strings.xml	R · 0–255	9	R · 0–255	retained after text comparison; no further change proposed in this bounded pass	R · 0–255	9	R · 0–255	retained after text comparison; no further change proposed in this bounded pass	R · 0–255
ui_colour_tab23	Paintroid/src/main/res/values/strings.xml	Color	5	Warna	retained after text comparison; no further change proposed in this bounded pass	Warna	5	Warna	retained after text comparison; no further change proposed in this bounded pass	Warna
ui_colour_tap_foreground_hold_background	Paintroid/src/main/res/values/strings.xml	Colour #%1$s. Tap foreground, hold background.	62	Warna #%1$s. Ketik untuk hadapan, tekan dan tahan untuk latar.	retained after text comparison; no further change proposed in this bounded pass	Warna #%1$s. Ketik untuk hadapan, tekan dan tahan untuk latar.	70	Warna #%1$s. Ketuk untuk latar depan; tekan lama untuk latar belakang.	retained after text comparison; no further change proposed in this bounded pass	Warna #%1$s. Ketuk untuk latar depan; tekan lama untuk latar belakang.
ui_commit_selection	Paintroid/src/main/res/values/strings.xml	Commit selection	16	Terapkan pilihan	retained after text comparison; no further change proposed in this bounded pass	Terapkan pilihan	16	Terapkan seleksi	retained after text comparison; no further change proposed in this bounded pass	Terapkan seleksi
ui_common_in	Paintroid/src/main/res/values/strings.xml	Common %1$s in %2$s	23	%1$s bersama dalam %2$s	retained after text comparison; no further change proposed in this bounded pass	%1$s bersama dalam %2$s	25	%1$s yang sama dalam %2$s	retained after text comparison; no further change proposed in this bounded pass	%1$s yang sama dalam %2$s
ui_common_in_pixels	Paintroid/src/main/res/values/strings.xml	Common %1$s in pixels	25	%1$s bersama dalam piksel	retained after text comparison; no further change proposed in this bounded pass	%1$s bersama dalam piksel	27	%1$s yang sama dalam piksel	retained after text comparison; no further change proposed in this bounded pass	%1$s yang sama dalam piksel
ui_copper	Paintroid/src/main/res/values/strings.xml	Copper	7	Tembaga	retained after text comparison; no further change proposed in this bounded pass	Tembaga	7	Tembaga	retained after text comparison; no further change proposed in this bounded pass	Tembaga
ui_copy	Paintroid/src/main/res/values/strings.xml	Copy	5	Salin	retained after text comparison; no further change proposed in this bounded pass	Salin	5	Salin	retained after text comparison; no further change proposed in this bounded pass	Salin
ui_copy_all	Paintroid/src/main/res/values/strings.xml	Copy all	11	Salin semua	retained after text comparison; no further change proposed in this bounded pass	Salin semua	11	Salin semua	retained after text comparison; no further change proposed in this bounded pass	Salin semua
ui_copy_an_area_or_use_file_insert_image	Paintroid/src/main/res/values/strings.xml	Copy an area or use Draw → Insert → Other images.	58	Salin satu kawasan atau gunakan Lukis → Sisip → Imej lain.	retained after text comparison; no further change proposed in this bounded pass	Salin satu kawasan atau gunakan Lukis → Sisip → Imej lain.	62	Salin suatu area atau gunakan Gambar → Sisipkan → Gambar lain.	retained after text comparison; no further change proposed in this bounded pass	Salin suatu area atau gunakan Gambar → Sisipkan → Gambar lain.
ui_copy_decoded_image_at_this_size_estimated_loading	Paintroid/src/main/res/values/strings.xml	Copy: %1$s\nDecoded image at this size: %2$s\nEstimated loading/editing memory: %3$s\n	93	Salinan: %1$s\nImej dinyahkod pada saiz ini: %2$s\nAnggaran memori pemuatan/suntingan: %3$s\n	retained after text comparison; no further change proposed in this bounded pass	Salinan: %1$s\nImej dinyahkod pada saiz ini: %2$s\nAnggaran memori pemuatan/suntingan: %3$s\n	95	Salinan: %1$s\nHasil dekode pada ukuran ini: %2$s\nPerkiraan memori pemuatan/pengeditan: %3$s\n	retained after text comparison; no further change proposed in this bounded pass	Salinan: %1$s\nHasil dekode pada ukuran ini: %2$s\nPerkiraan memori pemuatan/pengeditan: %3$s\n
ui_corners_and_edges_resize_round_handle_rotates	Paintroid/src/main/res/values/strings.xml	Corners and edges resize. Round handle rotates.	53	Sudut dan tepi mengubah saiz. Pemegang bulat memutar.	retained after text comparison; no further change proposed in this bounded pass	Sudut dan tepi mengubah saiz. Pemegang bulat memutar.	80	Tarik sudut atau tepi untuk mengubah ukuran. Tarik pegangan bulat untuk memutar.	retained after text comparison; no further change proposed in this bounded pass	Tarik sudut atau tepi untuk mengubah ukuran. Tarik pegangan bulat untuk memutar.
ui_could_not_apply_the_crop	Paintroid/src/main/res/values/strings.xml	Could not apply the crop.	34	Tidak dapat menggunakan pangkasan.	retained after text comparison; no further change proposed in this bounded pass	Tidak dapat menggunakan pangkasan.	35	Pemangkasan tidak dapat diterapkan.	retained after text comparison; no further change proposed in this bounded pass	Pemangkasan tidak dapat diterapkan.
ui_could_not_complete_the_edit	Paintroid/src/main/res/values/strings.xml	Could not complete the edit. %1$s	41	Tidak dapat menyelesaikan suntingan. %1$s	retained after text comparison; no further change proposed in this bounded pass	Tidak dapat menyelesaikan suntingan. %1$s	41	Pengeditan tidak dapat diselesaikan. %1$s	retained after text comparison; no further change proposed in this bounded pass	Pengeditan tidak dapat diselesaikan. %1$s
ui_could_not_complete_the_operation	Paintroid/src/main/res/values/strings.xml	Could not complete the operation.	34	Tidak dapat menyelesaikan operasi.	retained after text comparison; no further change proposed in this bounded pass	Tidak dapat menyelesaikan operasi.	34	Tidak dapat menyelesaikan operasi.	retained after text comparison; no further change proposed in this bounded pass	Tidak dapat menyelesaikan operasi.
ui_could_not_create_the_assembly	Paintroid/src/main/res/values/strings.xml	Could not create the assembly: %1$s	35	Tidak dapat mencipta gabungan: %1$s	retained after text comparison; no further change proposed in this bounded pass	Tidak dapat mencipta gabungan: %1$s	33	Gabungan tidak dapat dibuat: %1$s	retained after text comparison; no further change proposed in this bounded pass	Gabungan tidak dapat dibuat: %1$s
ui_could_not_decode_the_cropped_region_of	Paintroid/src/main/res/values/strings.xml	Could not decode the cropped region of %1$s.	59	Tidak dapat menyahkod kawasan yang dipangkas daripada %1$s.	retained after text comparison; no further change proposed in this bounded pass	Tidak dapat menyahkod kawasan yang dipangkas daripada %1$s.	53	Bagian yang dipangkas dari %1$s tidak dapat didekode.	retained after text comparison; no further change proposed in this bounded pass	Bagian yang dipangkas dari %1$s tidak dapat didekode.
ui_could_not_export_source_code	Paintroid/src/main/res/values/strings.xml	Could not export source code	34	Tidak dapat mengeksport kod sumber	retained after text comparison; no further change proposed in this bounded pass	Tidak dapat mengeksport kod sumber	32	Kode sumber tidak dapat diekspor	retained after text comparison; no further change proposed in this bounded pass	Kode sumber tidak dapat diekspor
ui_could_not_export_the_recovery_copy	Paintroid/src/main/res/values/strings.xml	Could not export the recovery copy	41	Tidak dapat mengeksport salinan pemulihan	retained after text comparison; no further change proposed in this bounded pass	Tidak dapat mengeksport salinan pemulihan	38	Salinan pemulihan tidak dapat diekspor	retained after text comparison; no further change proposed in this bounded pass	Salinan pemulihan tidak dapat diekspor
ui_could_not_load_gallery_image	Paintroid/src/main/res/values/strings.xml	Could not load gallery image: %1$s	39	Tidak dapat memuatkan imej galeri: %1$s	retained after text comparison; no further change proposed in this bounded pass	Tidak dapat memuatkan imej galeri: %1$s	38	Tidak dapat memuat gambar galeri: %1$s	retained after text comparison; no further change proposed in this bounded pass	Tidak dapat memuat gambar galeri: %1$s
ui_could_not_open_image	Paintroid/src/main/res/values/strings.xml	Could not open image	24	Tidak dapat membuka imej	retained after text comparison; no further change proposed in this bounded pass	Tidak dapat membuka imej	26	Tidak dapat membuka gambar	retained after text comparison; no further change proposed in this bounded pass	Tidak dapat membuka gambar
ui_could_not_place_the_image	Paintroid/src/main/res/values/strings.xml	Could not place the image.	28	Tidak dapat meletakkan imej.	retained after text comparison; no further change proposed in this bounded pass	Tidak dapat meletakkan imej.	31	Gambar tidak dapat ditempatkan.	retained after text comparison; no further change proposed in this bounded pass	Gambar tidak dapat ditempatkan.
ui_could_not_prepare_the_image	Paintroid/src/main/res/values/strings.xml	Could not prepare the image.	29	Tidak dapat menyediakan imej.	retained after text comparison; no further change proposed in this bounded pass	Tidak dapat menyediakan imej.	29	Gambar tidak dapat disiapkan.	retained after text comparison; no further change proposed in this bounded pass	Gambar tidak dapat disiapkan.
ui_could_not_save_image	Paintroid/src/main/res/values/strings.xml	Could not save image	26	Tidak dapat menyimpan imej	retained after text comparison; no further change proposed in this bounded pass	Tidak dapat menyimpan imej	28	Tidak dapat menyimpan gambar	retained after text comparison; no further change proposed in this bounded pass	Tidak dapat menyimpan gambar
ui_could_not_save_the_assembly	Paintroid/src/main/res/values/strings.xml	Could not save the assembly: %1$s	36	Tidak dapat menyimpan gabungan: %1$s	retained after text comparison; no further change proposed in this bounded pass	Tidak dapat menyimpan gabungan: %1$s	35	Gabungan tidak dapat disimpan: %1$s	retained after text comparison; no further change proposed in this bounded pass	Gabungan tidak dapat disimpan: %1$s
ui_could_not_store_the_assembly	Paintroid/src/main/res/values/strings.xml	Could not store the assembly.	31	Tidak dapat menyimpan gabungan.	retained after text comparison; no further change proposed in this bounded pass	Tidak dapat menyimpan gabungan.	30	Gabungan tidak dapat disimpan.	retained after text comparison; no further change proposed in this bounded pass	Gabungan tidak dapat disimpan.
ui_create_output	Paintroid/src/main/res/values/strings.xml	Create output	12	Cipta output	retained after text comparison; no further change proposed in this bounded pass	Cipta output	10	Buat hasil	retained after text comparison; no further change proposed in this bounded pass	Buat hasil
ui_creator_on_source34	Paintroid/src/main/res/values/editor34_strings.xml	See the source page for the contributor.	38	Lihat halaman sumber untuk penyumbang.	retained after text comparison; no further change proposed in this bounded pass	Lihat halaman sumber untuk penyumbang.	50	Lihat halaman sumber untuk keterangan kontributor.	retained after text comparison; no further change proposed in this bounded pass	Lihat halaman sumber untuk keterangan kontributor.
ui_credits_terms	Paintroid/src/main/res/values/strings.xml	Credits & terms	15	Kredit & syarat	retained after text comparison; no further change proposed in this bounded pass	Kredit & syarat	18	Kredit & ketentuan	retained after text comparison; no further change proposed in this bounded pass	Kredit & ketentuan
ui_crop	Paintroid/src/main/res/values/strings.xml	Crop %1$s	12	Pangkas %1$s	retained after text comparison; no further change proposed in this bounded pass	Pangkas %1$s	12	Pangkas %1$s	retained after text comparison; no further change proposed in this bounded pass	Pangkas %1$s
ui_crop_image	Paintroid/src/main/res/values/strings.xml	Crop image	12	Pangkas imej	retained after text comparison; no further change proposed in this bounded pass	Pangkas imej	14	Pangkas gambar	retained after text comparison; no further change proposed in this bounded pass	Pangkas gambar
ui_crop_must_stay_inside_the_canvas	Paintroid/src/main/res/values/strings.xml	Crop must stay inside the canvas.	35	Pangkasan mesti kekal dalam kanvas.	retained after text comparison; no further change proposed in this bounded pass	Pangkasan mesti kekal dalam kanvas.	46	Area pemangkasan harus berada di dalam kanvas.	retained after text comparison; no further change proposed in this bounded pass	Area pemangkasan harus berada di dalam kanvas.
ui_crop_preview_drag_an_edge_or_corner_drag	Paintroid/src/main/res/values/strings.xml	Crop preview. Drag an edge or corner; drag inside to move the crop.	94	Pratonton pangkasan. Seret tepi atau sudut; seret bahagian dalam untuk menggerakkan pangkasan.	retained after text comparison; no further change proposed in this bounded pass	Pratonton pangkasan. Seret tepi atau sudut; seret bahagian dalam untuk menggerakkan pangkasan.	98	Pratinjau pemangkasan. Seret tepi atau sudut; seret bagian dalam untuk menggeser area pemangkasan.	retained after text comparison; no further change proposed in this bounded pass	Pratinjau pemangkasan. Seret tepi atau sudut; seret bagian dalam untuk menggeser area pemangkasan.
ui_crop_to_selection	Paintroid/src/main/res/values/strings.xml	Crop to selection	24	Pangkas mengikut pilihan	retained after text comparison; no further change proposed in this bounded pass	Pangkas mengikut pilihan	18	Pangkas ke seleksi	retained after text comparison; no further change proposed in this bounded pass	Pangkas ke seleksi
ui_cropped_thumbnail	Paintroid/src/main/res/values/strings.xml	Cropped thumbnail: %1$s	29	Lakaran kecil dipangkas: %1$s	retained after text comparison; no further change proposed in this bounded pass	Lakaran kecil dipangkas: %1$s	27	Gambar mini dipangkas: %1$s	retained after text comparison; no further change proposed in this bounded pass	Gambar mini dipangkas: %1$s
ui_current_safe_budget_2f_mp	Paintroid/src/main/res/values/strings.xml	Current safe budget: %1$.2f MP.	30	Had selamat semasa: %1$.2f MP.	retained after text comparison; no further change proposed in this bounded pass	Had selamat semasa: %1$.2f MP.	31	Batas aman saat ini: %1$.2f MP.	retained after text comparison; no further change proposed in this bounded pass	Batas aman saat ini: %1$.2f MP.
ui_current_safe_editing_budget_s_up_to_2f	Paintroid/src/main/res/values/strings.xml	Current safe editing budget: %1$s · up to %2$.2f MP before decoder overhead	79	Had suntingan selamat semasa: %1$s · sehingga %2$.2f MP sebelum lebihan dekoder	corrected: Identifies decoder overhead as additional memory	Had suntingan selamat semasa: %1$s · sehingga %2$.2f MP sebelum mengambil kira memori tambahan penyahkod	87	Batas aman pengeditan saat ini: %1$s · hingga %2$.2f MP sebelum tambahan memori dekoder	retained after text comparison; no further change proposed in this bounded pass	Batas aman pengeditan saat ini: %1$s · hingga %2$.2f MP sebelum tambahan memori dekoder
ui_cursive	Paintroid/src/main/res/values/strings.xml	Cursive	18	Tulisan bersambung	retained after text comparison; no further change proposed in this bounded pass	Tulisan bersambung	18	Tulisan bersambung	retained after text comparison; no further change proposed in this bounded pass	Tulisan bersambung
ui_cursor_drawing32	Paintroid/src/main/res/values/strings.xml	Cursor drawing	21	Lukisan dengan kursor	retained after text comparison; no further change proposed in this bounded pass	Lukisan dengan kursor	24	Menggambar dengan kursor	retained after text comparison; no further change proposed in this bounded pass	Menggambar dengan kursor
ui_cursor_help29	Paintroid/src/main/res/values/strings.xml	@string/ui_cursor_help31	24	@string/ui_cursor_help31	alias inspected; target is a separate resource, not counted as short rendered prose	@string/ui_cursor_help31	24	@string/ui_cursor_help31	alias inspected; target is a separate resource, not counted as short rendered prose	@string/ui_cursor_help31
ui_cursor_ink30	Paintroid/src/main/res/values/strings.xml	Draw with cursor	19	Lukis dengan kursor	retained after text comparison; no further change proposed in this bounded pass	Lukis dengan kursor	20	Gambar dengan kursor	retained after text comparison; no further change proposed in this bounded pass	Gambar dengan kursor
ui_cursor_marker_help31	Paintroid/src/main/res/values/strings.xml	Enlarges the cursor marker without changing the painted brush size.	66	Membesarkan penanda kursor tanpa mengubah saiz berus yang dilukis.	retained after text comparison; no further change proposed in this bounded pass	Membesarkan penanda kursor tanpa mengubah saiz berus yang dilukis.	59	Perbesar penanda kursor tanpa mengubah ukuran goresan kuas.	retained after text comparison; no further change proposed in this bounded pass	Perbesar penanda kursor tanpa mengubah ukuran goresan kuas.
ui_cursor_marker_size31	Paintroid/src/main/res/values/strings.xml	Cursor marker size (%)	23	Saiz penanda kursor (%)	retained after text comparison; no further change proposed in this bounded pass	Saiz penanda kursor (%)	25	Ukuran penanda kursor (%)	retained after text comparison; no further change proposed in this bounded pass	Ukuran penanda kursor (%)
ui_cursor_pan_draw32	Paintroid/src/main/res/values/strings.xml	Pan to start drawing. Tap again to stop drawing.	67	Seret untuk mula melukis. Ketik sekali lagi untuk berhenti melukis.	retained after text comparison; no further change proposed in this bounded pass	Seret untuk mula melukis. Ketik sekali lagi untuk berhenti melukis.	56	Geser untuk mulai menggambar. Ketuk lagi untuk berhenti.	retained after text comparison; no further change proposed in this bounded pass	Geser untuk mulai menggambar. Ketuk lagi untuk berhenti.
ui_cursor_pan_move32	Paintroid/src/main/res/values/strings.xml	Pan to position the cursor. Tap the drawing button to start drawing.	71	Seret untuk meletakkan kursor. Ketik butang lukisan untuk mula melukis.	retained after text comparison; no further change proposed in this bounded pass	Seret untuk meletakkan kursor. Ketik butang lukisan untuk mula melukis.	75	Geser untuk memosisikan kursor. Ketuk tombol gambar untuk mulai menggambar.	retained after text comparison; no further change proposed in this bounded pass	Geser untuk memosisikan kursor. Ketuk tombol gambar untuk mulai menggambar.
ui_cursor_position26	Paintroid/src/main/res/values/strings.xml	x: %1$d, y: %2$d	16	x: %1$d, y: %2$d	retained after text comparison; no further change proposed in this bounded pass	x: %1$d, y: %2$d	16	x: %1$d, y: %2$d	retained after text comparison; no further change proposed in this bounded pass	x: %1$d, y: %2$d
ui_cursor_settings31	Paintroid/src/main/res/values/strings.xml	Cursor drawing settings…	30	Tetapan lukisan dengan kursor…	retained after text comparison; no further change proposed in this bounded pass	Tetapan lukisan dengan kursor…	36	Pengaturan menggambar dengan kursor…	retained after text comparison; no further change proposed in this bounded pass	Pengaturan menggambar dengan kursor…
ui_cursor_shape31	Paintroid/src/main/res/values/strings.xml	Cursor shape	13	Bentuk kursor	retained after text comparison; no further change proposed in this bounded pass	Bentuk kursor	13	Bentuk kursor	retained after text comparison; no further change proposed in this bounded pass	Bentuk kursor
ui_cursor_start31	Paintroid/src/main/res/values/strings.xml	Start drawing	12	Mula melukis	retained after text comparison; no further change proposed in this bounded pass	Mula melukis	16	Mulai menggambar	retained after text comparison; no further change proposed in this bounded pass	Mulai menggambar
ui_cursor_stop31	Paintroid/src/main/res/values/strings.xml	Stop drawing	16	Berhenti melukis	retained after text comparison; no further change proposed in this bounded pass	Berhenti melukis	19	Berhenti menggambar	retained after text comparison; no further change proposed in this bounded pass	Berhenti menggambar
ui_cursor_tap_hint37	Paintroid/src/main/res/values/strings.xml	Tap the cursor to start or stop drawing.	46	Ketik kursor untuk mula atau berhenti melukis.	retained after text comparison; no further change proposed in this bounded pass	Ketik kursor untuk mula atau berhenti melukis.	50	Ketuk kursor untuk mulai atau berhenti menggambar.	retained after text comparison; no further change proposed in this bounded pass	Ketuk kursor untuk mulai atau berhenti menggambar.
ui_curve	Paintroid/src/main/res/values/strings.xml	Curve	8	Lengkung	retained after text comparison; no further change proposed in this bounded pass	Lengkung	5	Kurva	retained after text comparison; no further change proposed in this bounded pass	Kurva
ui_custom_colour	Paintroid/src/main/res/values/strings.xml	Custom colour %1$s	18	Warna tersuai %1$s	retained after text comparison; no further change proposed in this bounded pass	Warna tersuai %1$s	17	Warna khusus %1$s	retained after text comparison; no further change proposed in this bounded pass	Warna khusus %1$s
ui_custom_colours_hold_a_swatch_to_replace_it	Paintroid/src/main/res/values/strings.xml	Custom colours · hold a swatch to replace it	60	Warna tersuai · tekan dan tahan swatch untuk menggantikannya	retained after text comparison; no further change proposed in this bounded pass	Warna tersuai · tekan dan tahan swatch untuk menggantikannya	65	Warna khusus · tekan dan tahan contoh warna untuk menggantikannya	retained after text comparison; no further change proposed in this bounded pass	Warna khusus · tekan dan tahan contoh warna untuk menggantikannya
ui_cut	Paintroid/src/main/res/values/strings.xml	Cut	6	Potong	retained after text comparison; no further change proposed in this bounded pass	Potong	6	Potong	retained after text comparison; no further change proposed in this bounded pass	Potong
ui_d_d_px_d_pixels_2f_mp	Paintroid/src/main/res/values/strings.xml	%1$d × %2$d px · %3$,d pixels (%4$.2f MP)	41	%1$d × %2$d px · %3$,d piksel (%4$.2f MP)	retained after text comparison; no further change proposed in this bounded pass	%1$d × %2$d px · %3$,d piksel (%4$.2f MP)	41	%1$d × %2$d px · %3$,d piksel (%4$.2f MP)	retained after text comparison; no further change proposed in this bounded pass	%1$d × %2$d px · %3$,d piksel (%4$.2f MP)
ui_delete_selection	Paintroid/src/main/res/values/strings.xml	Delete selection	13	Padam pilihan	retained after text comparison; no further change proposed in this bounded pass	Padam pilihan	13	Hapus seleksi	retained after text comparison; no further change proposed in this bounded pass	Hapus seleksi
ui_disable_cursor_drawing	Paintroid/src/main/res/values/strings.xml	Disable cursor drawing	34	Nyahaktifkan lukisan dengan kursor	retained after text comparison; no further change proposed in this bounded pass	Nyahaktifkan lukisan dengan kursor	36	Nonaktifkan menggambar dengan kursor	retained after text comparison; no further change proposed in this bounded pass	Nonaktifkan menggambar dengan kursor
ui_disable_cursor_drawing33	Paintroid/src/main/res/values/editor33_strings.xml	Disable cursor drawing	31	Nyahaktif lukisan dengan kursor	retained after text comparison; no further change proposed in this bounded pass	Nyahaktif lukisan dengan kursor	36	Nonaktifkan menggambar dengan kursor	retained after text comparison; no further change proposed in this bounded pass	Nonaktifkan menggambar dengan kursor
ui_discard	Paintroid/src/main/res/values/strings.xml	Discard	15	Buang perubahan	retained after text comparison; no further change proposed in this bounded pass	Buang perubahan	15	Buang perubahan	retained after text comparison; no further change proposed in this bounded pass	Buang perubahan
ui_discard_changes23	Paintroid/src/main/res/values/strings.xml	Discard changes	15	Buang perubahan	retained after text comparison; no further change proposed in this bounded pass	Buang perubahan	15	Buang perubahan	retained after text comparison; no further change proposed in this bounded pass	Buang perubahan
ui_done	Paintroid/src/main/res/values/strings.xml	Done	7	Selesai	retained after text comparison; no further change proposed in this bounded pass	Selesai	7	Selesai	retained after text comparison; no further change proposed in this bounded pass	Selesai
ui_downloading_image	Paintroid/src/main/res/values/strings.xml	Downloading image…	18	Memuat turun imej…	retained after text comparison; no further change proposed in this bounded pass	Memuat turun imej…	17	Mengunduh gambar…	retained after text comparison; no further change proposed in this bounded pass	Mengunduh gambar…
ui_draft_not_saved_yet	Paintroid/src/main/res/values/strings.xml	Draft not saved yet	19	Draf belum disimpan	retained after text comparison; no further change proposed in this bounded pass	Draf belum disimpan	19	Draf belum disimpan	retained after text comparison; no further change proposed in this bounded pass	Draf belum disimpan
ui_draft_pending	Paintroid/src/main/res/values/strings.xml	Draft pending	28	Draf menunggu untuk disimpan	retained after text comparison; no further change proposed in this bounded pass	Draf menunggu untuk disimpan	28	Draf menunggu untuk disimpan	retained after text comparison; no further change proposed in this bounded pass	Draf menunggu untuk disimpan
ui_draft_restored	Paintroid/src/main/res/values/strings.xml	Draft restored	15	Draf dipulihkan	retained after text comparison; no further change proposed in this bounded pass	Draf dipulihkan	15	Draf dipulihkan	retained after text comparison; no further change proposed in this bounded pass	Draf dipulihkan
ui_draft_saved	Paintroid/src/main/res/values/strings.xml	Draft saved	13	Draf disimpan	retained after text comparison; no further change proposed in this bounded pass	Draf disimpan	13	Draf disimpan	retained after text comparison; no further change proposed in this bounded pass	Draf disimpan
ui_drag_across_the_ellipse_s_bounding_box	Paintroid/src/main/res/values/strings.xml	Drag across the ellipse\'s bounding box.	37	Seret merentasi kotak pembatas elips.	retained after text comparison; no further change proposed in this bounded pass	Seret merentasi kotak pembatas elips.	37	Seret melintasi kotak pembatas elips.	retained after text comparison; no further change proposed in this bounded pass	Seret melintasi kotak pembatas elips.
ui_drag_between_opposite_corners_choose_outline_or_fill	Paintroid/src/main/res/values/strings.xml	Drag between opposite corners. Choose outline or fill below.	68	Seret antara sudut bertentangan. Pilih garis luar atau isi di bawah.	retained after text comparison; no further change proposed in this bounded pass	Seret antara sudut bertentangan. Pilih garis luar atau isi di bawah.	77	Seret di antara sudut yang berseberangan. Pilih garis tepi atau isi di bawah.	retained after text comparison; no further change proposed in this bounded pass	Seret di antara sudut yang berseberangan. Pilih garis tepi atau isi di bawah.
ui_drag_between_opposite_corners_to_draw_a_five	Paintroid/src/main/res/values/strings.xml	Drag between opposite corners to draw a five-pointed star. Choose an outline or fill.	91	Seret antara sudut bertentangan untuk melukis bintang lima bucu. Pilih garis luar atau isi.	retained after text comparison; no further change proposed in this bounded pass	Seret antara sudut bertentangan untuk melukis bintang lima bucu. Pilih garis luar atau isi.	111	Seret di antara dua sudut yang berseberangan untuk menggambar bintang bersudut lima. Pilih garis tepi atau isi.	long counterpart: retained after text comparison; no further change proposed in this bounded pass	Seret di antara dua sudut yang berseberangan untuk menggambar bintang bersudut lima. Pilih garis tepi atau isi.
ui_drag_between_opposite_corners_to_draw_a_heart	Paintroid/src/main/res/values/strings.xml	Drag between opposite corners to draw a heart. Choose an outline or fill.	78	Seret antara sudut bertentangan untuk melukis hati. Pilih garis luar atau isi.	retained after text comparison; no further change proposed in this bounded pass	Seret antara sudut bertentangan untuk melukis hati. Pilih garis luar atau isi.	94	Seret di antara dua sudut yang berseberangan untuk menggambar hati. Pilih garis tepi atau isi.	retained after text comparison; no further change proposed in this bounded pass	Seret di antara dua sudut yang berseberangan untuk menggambar hati. Pilih garis tepi atau isi.
ui_drag_from_the_start_to_the_end_of	Paintroid/src/main/res/values/strings.xml	Drag from the start to the end of the line.	41	Seret dari permulaan hingga hujung garis.	retained after text comparison; no further change proposed in this bounded pass	Seret dari permulaan hingga hujung garis.	35	Seret dari awal hingga ujung garis.	retained after text comparison; no further change proposed in this bounded pass	Seret dari awal hingga ujung garis.
ui_drag_from_the_tail_towards_the_arrowhead_choose	Paintroid/src/main/res/values/strings.xml	Drag from the tail towards the arrowhead. Choose an outline or fill.	69	Seret dari ekor ke arah kepala anak panah. Pilih garis luar atau isi.	retained after text comparison; no further change proposed in this bounded pass	Seret dari ekor ke arah kepala anak panah. Pilih garis luar atau isi.	64	Seret dari ekor ke arah kepala panah. Pilih garis tepi atau isi.	retained after text comparison; no further change proposed in this bounded pass	Seret dari ekor ke arah kepala panah. Pilih garis tepi atau isi.
ui_drag_to_erase_with_the_background_colour	Paintroid/src/main/res/values/strings.xml	Drag to erase with the background colour.	39	Seret untuk memadam dengan warna latar.	retained after text comparison; no further change proposed in this bounded pass	Seret untuk memadam dengan warna latar.	50	Seret untuk menghapus dengan warna latar belakang.	retained after text comparison; no further change proposed in this bounded pass	Seret untuk menghapus dengan warna latar belakang.
ui_draw26	Paintroid/src/main/res/values/strings.xml	Draw	5	Lukis	retained after text comparison; no further change proposed in this bounded pass	Lukis	6	Gambar	retained after text comparison; no further change proposed in this bounded pass	Gambar
ui_draw_a_crisp_one_pixel_line	Paintroid/src/main/res/values/strings.xml	Draw a crisp line. Adjust Width from 1 to 100 pixels.	68	Lukis garis yang tajam. Laraskan Lebar daripada 1 hingga 100 piksel.	retained after text comparison; no further change proposed in this bounded pass	Lukis garis yang tajam. Laraskan Lebar daripada 1 hingga 100 piksel.	61	Gambar garis yang tajam. Atur Lebar dari 1 hingga 100 piksel.	retained after text comparison; no further change proposed in this bounded pass	Gambar garis yang tajam. Atur Lebar dari 1 hingga 100 piksel.
ui_draw_again	Paintroid/src/main/res/values/strings.xml	Draw again	10	Lukis lagi	retained after text comparison; no further change proposed in this bounded pass	Lukis lagi	18	Kembali menggambar	retained after text comparison; no further change proposed in this bounded pass	Kembali menggambar
ui_draw_soft_watercolor_strokes_strength_controls_how_strongly	Paintroid/src/main/res/values/strings.xml	Draw soft watercolor strokes. Strength controls how strongly the colour blends into the canvas.	94	Lukis sapuan cat air yang lembut. Kekuatan mengawal sejauh mana warna bercampur dengan kanvas.	retained after text comparison; no further change proposed in this bounded pass	Lukis sapuan cat air yang lembut. Kekuatan mengawal sejauh mana warna bercampur dengan kanvas.	96	Buat goresan cat air yang lembut. Kekuatan mengatur seberapa kuat warna bercampur dengan kanvas.	retained after text comparison; no further change proposed in this bounded pass	Buat goresan cat air yang lembut. Kekuatan mengatur seberapa kuat warna bercampur dengan kanvas.
ui_draw_with_the_selected_brush_tip_and_size	Paintroid/src/main/res/values/strings.xml	Draw with the selected brush tip and size.	48	Lukis dengan hujung berus dan saiz yang dipilih.	retained after text comparison; no further change proposed in this bounded pass	Lukis dengan hujung berus dan saiz yang dipilih.	56	Gambar dengan bentuk ujung kuas dan ukuran yang dipilih.	retained after text comparison; no further change proposed in this bounded pass	Gambar dengan bentuk ujung kuas dan ukuran yang dipilih.
ui_drawing23	Paintroid/src/main/res/values/strings.xml	Drawing	7	Lukisan	retained after text comparison; no further change proposed in this bounded pass	Lukisan	10	Menggambar	retained after text comparison; no further change proposed in this bounded pass	Menggambar
ui_drawing_settings	Paintroid/src/main/res/values/strings.xml	Drawing settings…	16	Tetapan lukisan…	retained after text comparison; no further change proposed in this bounded pass	Tetapan lukisan…	22	Pengaturan menggambar…	retained after text comparison; no further change proposed in this bounded pass	Pengaturan menggambar…
ui_drawing_settings_d900c6	Paintroid/src/main/res/values/strings.xml	Drawing settings	15	Tetapan lukisan	retained after text comparison; no further change proposed in this bounded pass	Tetapan lukisan	21	Pengaturan menggambar	retained after text comparison; no further change proposed in this bounded pass	Pengaturan menggambar
ui_drop_at_a_highlighted_edge_right_top_aligned	Paintroid/src/main/res/values/strings.xml	Drop at a highlighted edge: right/top aligned or below/left aligned.	111	Lepaskan pada tepi yang diserlahkan: di kanan dengan tepi atas sejajar, atau di bawah dengan tepi kiri sejajar.	long counterpart: retained after text comparison; no further change proposed in this bounded pass	Lepaskan pada tepi yang diserlahkan: di kanan dengan tepi atas sejajar, atau di bawah dengan tepi kiri sejajar.	85	Lepaskan pada tepi yang disorot: kanan dengan rata atas, atau bawah dengan rata kiri.	retained after text comparison; no further change proposed in this bounded pass	Lepaskan pada tepi yang disorot: kanan dengan rata atas, atau bawah dengan rata kiri.
ui_edit_background	Paintroid/src/main/res/values/strings.xml	Edit background…	20	Sunting warna latar…	retained after text comparison; no further change proposed in this bounded pass	Sunting warna latar…	26	Edit warna latar belakang…	retained after text comparison; no further change proposed in this bounded pass	Edit warna latar belakang…
ui_edit_canvas33	Paintroid/src/main/res/values/editor33_strings.xml	Canvas	6	Kanvas	retained after text comparison; no further change proposed in this bounded pass	Kanvas	6	Kanvas	retained after text comparison; no further change proposed in this bounded pass	Kanvas
ui_edit_colour26	Paintroid/src/main/res/values/strings.xml	Edit colour	13	Sunting warna	retained after text comparison; no further change proposed in this bounded pass	Sunting warna	10	Edit warna	retained after text comparison; no further change proposed in this bounded pass	Edit warna
ui_edit_foreground	Paintroid/src/main/res/values/strings.xml	Edit foreground…	22	Sunting warna hadapan…	retained after text comparison; no further change proposed in this bounded pass	Sunting warna hadapan…	23	Edit warna latar depan…	retained after text comparison; no further change proposed in this bounded pass	Edit warna latar depan…
ui_edit_in_paint	Paintroid/src/main/res/values/strings.xml	Edit in Paint	19	Sunting dalam Paint	retained after text comparison; no further change proposed in this bounded pass	Sunting dalam Paint	16	Edit dalam Paint	retained after text comparison; no further change proposed in this bounded pass	Edit dalam Paint
ui_edit_palette23	Paintroid/src/main/res/values/strings.xml	Edit palette	13	Sunting palet	retained after text comparison; no further change proposed in this bounded pass	Sunting palet	10	Edit palet	retained after text comparison; no further change proposed in this bounded pass	Edit palet
ui_edit_transform33	Paintroid/src/main/res/values/editor33_strings.xml	Flip / Rotate	13	Balik / Putar	retained after text comparison; no further change proposed in this bounded pass	Balik / Putar	13	Balik / Putar	retained after text comparison; no further change proposed in this bounded pass	Balik / Putar
ui_ellipse	Paintroid/src/main/res/values/strings.xml	Ellipse	5	Elips	retained after text comparison; no further change proposed in this bounded pass	Elips	5	Elips	retained after text comparison; no further change proposed in this bounded pass	Elips
ui_empty_palette26	Paintroid/src/main/res/values/strings.xml	Empty palette slot %1$d — add colour	37	Slot palet kosong %1$d — tambah warna	retained after text comparison; no further change proposed in this bounded pass	Slot palet kosong %1$d — tambah warna	37	Slot palet kosong %1$d — tambah warna	retained after text comparison; no further change proposed in this bounded pass	Slot palet kosong %1$d — tambah warna
ui_enable_android_s_files_or_documents_app_then	Paintroid/src/main/res/values/strings.xml	Enable Android\'s Files or Documents app, then try again.	67	Aktifkan aplikasi Files atau Documents Android, kemudian cuba lagi.	retained after text comparison; no further change proposed in this bounded pass	Aktifkan aplikasi Files atau Documents Android, kemudian cuba lagi.	63	Aktifkan aplikasi Files atau Documents Android, lalu coba lagi.	retained after text comparison; no further change proposed in this bounded pass	Aktifkan aplikasi Files atau Documents Android, lalu coba lagi.
ui_enable_cursor_drawing	Paintroid/src/main/res/values/strings.xml	Enable cursor drawing	30	Aktifkan lukisan dengan kursor	retained after text comparison; no further change proposed in this bounded pass	Aktifkan lukisan dengan kursor	33	Aktifkan menggambar dengan kursor	retained after text comparison; no further change proposed in this bounded pass	Aktifkan menggambar dengan kursor
ui_enter_a_number_from_to	Paintroid/src/main/res/values/strings.xml	Enter a number from %1$s to %2$s.	38	Masukkan nombor dari %1$s hingga %2$s.	retained after text comparison; no further change proposed in this bounded pass	Masukkan nombor dari %1$s hingga %2$s.	37	Masukkan angka dari %1$s hingga %2$s.	retained after text comparison; no further change proposed in this bounded pass	Masukkan angka dari %1$s hingga %2$s.
ui_enter_a_positive_size	Paintroid/src/main/res/values/strings.xml	Enter a positive size.	22	Masukkan saiz positif.	retained after text comparison; no further change proposed in this bounded pass	Masukkan saiz positif.	24	Masukkan ukuran positif.	retained after text comparison; no further change proposed in this bounded pass	Masukkan ukuran positif.
ui_enter_a_trim_amount_for_every_edge	Paintroid/src/main/res/values/strings.xml	Enter a trim amount for every edge.	44	Masukkan jumlah pangkasan untuk setiap tepi.	retained after text comparison; no further change proposed in this bounded pass	Masukkan jumlah pangkasan untuk setiap tepi.	46	Masukkan jumlah pemangkasan untuk setiap tepi.	retained after text comparison; no further change proposed in this bounded pass	Masukkan jumlah pemangkasan untuk setiap tepi.
ui_enter_a_whole_number_from_to	Paintroid/src/main/res/values/strings.xml	Enter a whole number from %1$s to %2$s.	44	Masukkan nombor bulat dari %1$s hingga %2$s.	retained after text comparison; no further change proposed in this bounded pass	Masukkan nombor bulat dari %1$s hingga %2$s.	46	Masukkan bilangan bulat dari %1$s hingga %2$s.	retained after text comparison; no further change proposed in this bounded pass	Masukkan bilangan bulat dari %1$s hingga %2$s.
ui_enter_all_four_trim_amounts	Paintroid/src/main/res/values/strings.xml	Enter all four trim amounts.	51	Masukkan jumlah pangkasan untuk keempat-empat tepi.	retained after text comparison; no further change proposed in this bounded pass	Masukkan jumlah pangkasan untuk keempat-empat tepi.	46	Masukkan nilai pemangkasan untuk keempat tepi.	retained after text comparison; no further change proposed in this bounded pass	Masukkan nilai pemangkasan untuk keempat tepi.
ui_enter_positive_canvas_dimensions_within_android_s_coordinate	Paintroid/src/main/res/values/strings.xml	Enter positive canvas dimensions within Android\'s coordinate range.	62	Masukkan dimensi kanvas positif dalam julat koordinat Android.	retained after text comparison; no further change proposed in this bounded pass	Masukkan dimensi kanvas positif dalam julat koordinat Android.	64	Masukkan dimensi kanvas positif dalam rentang koordinat Android.	retained after text comparison; no further change proposed in this bounded pass	Masukkan dimensi kanvas positif dalam rentang koordinat Android.
ui_enter_positive_dimensions	Paintroid/src/main/res/values/strings.xml	Enter positive dimensions.	25	Masukkan dimensi positif.	retained after text comparison; no further change proposed in this bounded pass	Masukkan dimensi positif.	25	Masukkan dimensi positif.	retained after text comparison; no further change proposed in this bounded pass	Masukkan dimensi positif.
ui_enter_positive_dimensions_no_larger_than_the_original	Paintroid/src/main/res/values/strings.xml	Enter positive dimensions no larger than the original.	62	Masukkan dimensi positif yang tidak lebih besar daripada asal.	retained after text comparison; no further change proposed in this bounded pass	Masukkan dimensi positif yang tidak lebih besar daripada asal.	57	Masukkan dimensi positif yang tidak melebihi ukuran asli.	retained after text comparison; no further change proposed in this bounded pass	Masukkan dimensi positif yang tidak melebihi ukuran asli.
ui_enter_positive_dimensions_that_resolve_to_at_least	Paintroid/src/main/res/values/strings.xml	Enter positive dimensions that resolve to at least 1 pixel.	71	Masukkan dimensi positif yang menghasilkan sekurang-kurangnya 1 piksel.	retained after text comparison; no further change proposed in this bounded pass	Masukkan dimensi positif yang menghasilkan sekurang-kurangnya 1 piksel.	63	Masukkan dimensi positif yang menghasilkan setidaknya 1 piksel.	retained after text comparison; no further change proposed in this bounded pass	Masukkan dimensi positif yang menghasilkan setidaknya 1 piksel.
ui_enter_positive_image_dimensions	Paintroid/src/main/res/values/strings.xml	Enter positive image dimensions.	30	Masukkan dimensi imej positif.	retained after text comparison; no further change proposed in this bounded pass	Masukkan dimensi imej positif.	32	Masukkan dimensi gambar positif.	retained after text comparison; no further change proposed in this bounded pass	Masukkan dimensi gambar positif.
ui_enter_valid_dimensions	Paintroid/src/main/res/values/strings.xml	Enter valid dimensions.	26	Masukkan dimensi yang sah.	retained after text comparison; no further change proposed in this bounded pass	Masukkan dimensi yang sah.	28	Masukkan dimensi yang valid.	retained after text comparison; no further change proposed in this bounded pass	Masukkan dimensi yang valid.
ui_eraser	Paintroid/src/main/res/values/strings.xml	Eraser	7	Pemadam	retained after text comparison; no further change proposed in this bounded pass	Pemadam	9	Penghapus	retained after text comparison; no further change proposed in this bounded pass	Penghapus
ui_estimated_memory_current_working_budget	Paintroid/src/main/res/values/strings.xml	Estimated memory: %1$s\nCurrent working budget: %2$s\n	47	Anggaran memori: %1$s\nHad kerja semasa: %2$s\n	retained after text comparison; no further change proposed in this bounded pass	Anggaran memori: %1$s\nHad kerja semasa: %2$s\n	52	Perkiraan memori: %1$s\nBatas kerja saat ini: %2$s\n	retained after text comparison; no further change proposed in this bounded pass	Perkiraan memori: %1$s\nBatas kerja saat ini: %2$s\n
ui_expand_colour_palette	Paintroid/src/main/res/values/strings.xml	Expand colour palette	22	Kembangkan palet warna	retained after text comparison; no further change proposed in this bounded pass	Kembangkan palet warna	19	Luaskan palet warna	retained after text comparison; no further change proposed in this bounded pass	Luaskan palet warna
ui_expand_tool_category	Paintroid/src/main/res/values/strings.xml	%1$s: %2$s selected. Expand tools and options	47	%1$s: %2$s dipilih. Kembangkan alat dan pilihan	retained after text comparison; no further change proposed in this bounded pass	%1$s: %2$s dipilih. Kembangkan alat dan pilihan	41	%1$s: %2$s dipilih. Buka alat dan opsinya	retained after text comparison; no further change proposed in this bounded pass	%1$s: %2$s dipilih. Buka alat dan opsinya
ui_expand_toolbox	Paintroid/src/main/res/values/strings.xml	Expand toolbox	21	Kembangkan kotak alat	retained after text comparison; no further change proposed in this bounded pass	Kembangkan kotak alat	18	Luaskan kotak alat	retained after text comparison; no further change proposed in this bounded pass	Luaskan kotak alat
ui_export_as23	Paintroid/src/main/res/values/strings.xml	Export as…	16	Eksport sebagai…	retained after text comparison; no further change proposed in this bounded pass	Eksport sebagai…	15	Ekspor sebagai…	retained after text comparison; no further change proposed in this bounded pass	Ekspor sebagai…
ui_export_recovery_copy	Paintroid/src/main/res/values/strings.xml	Export recovery copy…	26	Eksport salinan pemulihan…	retained after text comparison; no further change proposed in this bounded pass	Eksport salinan pemulihan…	25	Ekspor salinan pemulihan…	retained after text comparison; no further change proposed in this bounded pass	Ekspor salinan pemulihan…
ui_export_recovery_copy_144b8a	Paintroid/src/main/res/values/strings.xml	Export recovery copy	25	Eksport salinan pemulihan	retained after text comparison; no further change proposed in this bounded pass	Eksport salinan pemulihan	24	Ekspor salinan pemulihan	retained after text comparison; no further change proposed in this bounded pass	Ekspor salinan pemulihan
ui_export_this_version_s_source_code	Paintroid/src/main/res/values/strings.xml	Export this version\'s source code…	29	Eksport kod sumber versi ini…	retained after text comparison; no further change proposed in this bounded pass	Eksport kod sumber versi ini…	29	Ekspor kode sumber versi ini…	retained after text comparison; no further change proposed in this bounded pass	Ekspor kode sumber versi ini…
ui_eyedropper	Paintroid/src/main/res/values/strings.xml	Eyedropper	7	Penitis	retained after text comparison; no further change proposed in this bounded pass	Penitis	5	Pipet	retained after text comparison; no further change proposed in this bounded pass	Pipet
ui_fg	Paintroid/src/main/res/values/strings.xml	FG	7	Hadapan	retained after text comparison; no further change proposed in this bounded pass	Hadapan	5	Depan	retained after text comparison; no further change proposed in this bounded pass	Depan
ui_filename_a_z	Paintroid/src/main/res/values/strings.xml	Filename A–Z	13	Nama fail A–Z	retained after text comparison; no further change proposed in this bounded pass	Nama fail A–Z	15	Nama berkas A–Z	retained after text comparison; no further change proposed in this bounded pass	Nama berkas A–Z
ui_filename_z_a	Paintroid/src/main/res/values/strings.xml	Filename Z–A	13	Nama fail Z–A	retained after text comparison; no further change proposed in this bounded pass	Nama fail Z–A	15	Nama berkas Z–A	retained after text comparison; no further change proposed in this bounded pass	Nama berkas Z–A
ui_fill_line	Paintroid/src/main/res/values/strings.xml	Fill + line	11	Isi + garis	retained after text comparison; no further change proposed in this bounded pass	Isi + garis	11	Isi + garis	retained after text comparison; no further change proposed in this bounded pass	Isi + garis
ui_fill_text_box_with_bg_colour	Paintroid/src/main/res/values/strings.xml	Fill text box with BG colour	30	Isi kotak teks dengan warna BG	corrected: Names the localized background colour; expands BG	Isi kotak teks dengan warna latar	42	Isi kotak teks dengan warna latar belakang	retained after text comparison; no further change proposed in this bounded pass	Isi kotak teks dengan warna latar belakang
ui_finish_curve	Paintroid/src/main/res/values/strings.xml	Finish curve	19	Selesaikan lengkung	retained after text comparison; no further change proposed in this bounded pass	Selesaikan lengkung	16	Selesaikan kurva	retained after text comparison; no further change proposed in this bounded pass	Selesaikan kurva
ui_finish_polygon	Paintroid/src/main/res/values/strings.xml	Finish polygon	18	Selesaikan poligon	retained after text comparison; no further change proposed in this bounded pass	Selesaikan poligon	18	Selesaikan poligon	retained after text comparison; no further change proposed in this bounded pass	Selesaikan poligon
ui_fit	Paintroid/src/main/res/values/strings.xml	Fit	4	Muat	retained after text comparison; no further change proposed in this bounded pass	Muat	9	Sesuaikan	retained after text comparison; no further change proposed in this bounded pass	Sesuaikan
ui_fit_entire_canvas_in_view	Paintroid/src/main/res/values/strings.xml	Fit entire canvas in view	36	Muatkan seluruh kanvas dalam paparan	retained after text comparison; no further change proposed in this bounded pass	Muatkan seluruh kanvas dalam paparan	36	Sesuaikan seluruh kanvas ke tampilan	retained after text comparison; no further change proposed in this bounded pass	Sesuaikan seluruh kanvas ke tampilan
ui_fit_image	Paintroid/src/main/res/values/strings.xml	Fit image	12	Muatkan imej	retained after text comparison; no further change proposed in this bounded pass	Muatkan imej	16	Sesuaikan gambar	retained after text comparison; no further change proposed in this bounded pass	Sesuaikan gambar
ui_fit_selection34	Paintroid/src/main/res/values/editor34_strings.xml	Fit image to canvas	24	Muatkan imej pada kanvas	retained after text comparison; no further change proposed in this bounded pass	Muatkan imej pada kanvas	26	Sesuaikan gambar ke kanvas	retained after text comparison; no further change proposed in this bounded pass	Sesuaikan gambar ke kanvas
ui_fits_the_current_budget	Paintroid/src/main/res/values/strings.xml	Fits the current budget.	31	Muatan berada dalam had semasa.	retained after text comparison; no further change proposed in this bounded pass	Muatan berada dalam had semasa.	36	Pemuatan masih dalam batas saat ini.	retained after text comparison; no further change proposed in this bounded pass	Pemuatan masih dalam batas saat ini.
ui_flip_horizontal	Paintroid/src/main/res/values/strings.xml	Flip horizontal	14	Balik mendatar	retained after text comparison; no further change proposed in this bounded pass	Balik mendatar	14	Balik mendatar	retained after text comparison; no further change proposed in this bounded pass	Balik mendatar
ui_flip_vertical	Paintroid/src/main/res/values/strings.xml	Flip vertical	13	Balik menegak	retained after text comparison; no further change proposed in this bounded pass	Balik menegak	14	Balik vertikal	retained after text comparison; no further change proposed in this bounded pass	Balik vertikal
ui_font	Paintroid/src/main/res/values/strings.xml	Font	3	Fon	retained after text comparison; no further change proposed in this bounded pass	Fon	4	Font	retained after text comparison; no further change proposed in this bounded pass	Font
ui_font_family	Paintroid/src/main/res/values/strings.xml	Font family	12	Keluarga fon	retained after text comparison; no further change proposed in this bounded pass	Keluarga fon	13	Keluarga font	retained after text comparison; no further change proposed in this bounded pass	Keluarga font
ui_font_licences	Paintroid/src/main/res/values/strings.xml	Font licences	9	Lesen fon	retained after text comparison; no further change proposed in this bounded pass	Lesen fon	12	Lisensi font	retained after text comparison; no further change proposed in this bounded pass	Lisensi font
ui_foreground_background_colour_palette	Paintroid/src/main/res/values/strings.xml	Foreground %1$s, background %2$s. %3$s colour palette.	43	Hadapan %1$s, latar %2$s. Palet warna %3$s.	retained after text comparison; no further change proposed in this bounded pass	Hadapan %1$s, latar %2$s. Palet warna %3$s.	56	Latar depan %1$s, latar belakang %2$s. Palet warna %3$s.	retained after text comparison; no further change proposed in this bounded pass	Latar depan %1$s, latar belakang %2$s. Palet warna %3$s.
ui_foreground_colour	Paintroid/src/main/res/values/strings.xml	Foreground colour	13	Warna hadapan	retained after text comparison; no further change proposed in this bounded pass	Warna hadapan	17	Warna latar depan	retained after text comparison; no further change proposed in this bounded pass	Warna latar depan
ui_foreground_edit_colour	Paintroid/src/main/res/values/strings.xml	Foreground %1$s. Edit colour.	28	Hadapan %1$s. Sunting warna.	retained after text comparison; no further change proposed in this bounded pass	Hadapan %1$s. Sunting warna.	29	Latar depan %1$s. Edit warna.	retained after text comparison; no further change proposed in this bounded pass	Latar depan %1$s. Edit warna.
ui_free_form_select	Paintroid/src/main/res/values/strings.xml	Free-form select	20	Pilihan bentuk bebas	retained after text comparison; no further change proposed in this bounded pass	Pilihan bentuk bebas	13	Seleksi bebas	retained after text comparison; no further change proposed in this bounded pass	Seleksi bebas
ui_from_device34	Paintroid/src/main/res/values/editor34_strings.xml	From device…	17	Daripada peranti…	retained after text comparison; no further change proposed in this bounded pass	Daripada peranti…	15	Dari perangkat…	retained after text comparison; no further change proposed in this bounded pass	Dari perangkat…
ui_full_text_copied	Paintroid/src/main/res/values/strings.xml	Full text copied	18	Teks penuh disalin	retained after text comparison; no further change proposed in this bounded pass	Teks penuh disalin	18	Teks penuh disalin	retained after text comparison; no further change proposed in this bounded pass	Teks penuh disalin
ui_fullscreen33	Paintroid/src/main/res/values/editor33_strings.xml	Full screen	11	Skrin penuh	retained after text comparison; no further change proposed in this bounded pass	Skrin penuh	11	Layar penuh	retained after text comparison; no further change proposed in this bounded pass	Layar penuh
ui_gallery_back34	Paintroid/src/main/res/values/editor34_strings.xml	Back	7	Kembali	retained after text comparison; no further change proposed in this bounded pass	Kembali	7	Kembali	retained after text comparison; no further change proposed in this bounded pass	Kembali
ui_gallery_image	Paintroid/src/main/res/values/strings.xml	Gallery image	11	Imej galeri	retained after text comparison; no further change proposed in this bounded pass	Imej galeri	13	Gambar galeri	retained after text comparison; no further change proposed in this bounded pass	Gambar galeri
ui_gallery_unsupported34	Paintroid/src/main/res/values/editor34_strings.xml	This image is outside the selected illustration source.	54	Imej ini berada di luar sumber ilustrasi yang dipilih.	retained after text comparison; no further change proposed in this bounded pass	Imej ini berada di luar sumber ilustrasi yang dipilih.	56	Gambar ini berada di luar sumber ilustrasi yang dipilih.	retained after text comparison; no further change proposed in this bounded pass	Gambar ini berada di luar sumber ilustrasi yang dipilih.
ui_gimp_translations31	Paintroid/src/main/res/values/strings.xml	Translation credits & licences	25	Kredit & lesen terjemahan	retained after text comparison; no further change proposed in this bounded pass	Kredit & lesen terjemahan	27	Kredit & lisensi terjemahan	retained after text comparison; no further change proposed in this bounded pass	Kredit & lisensi terjemahan
ui_gnu_affero_general_public_license	Paintroid/src/main/res/values/strings.xml	GNU Affero General Public License	33	GNU Affero General Public License	retained after text comparison; no further change proposed in this bounded pass	GNU Affero General Public License	33	GNU Affero General Public License	retained after text comparison; no further change proposed in this bounded pass	GNU Affero General Public License
ui_gnu_agpl_licence	Paintroid/src/main/res/values/strings.xml	GNU AGPL licence	14	Lesen GNU AGPL	retained after text comparison; no further change proposed in this bounded pass	Lesen GNU AGPL	16	Lisensi GNU AGPL	retained after text comparison; no further change proposed in this bounded pass	Lisensi GNU AGPL
ui_gold	Paintroid/src/main/res/values/strings.xml	Gold	4	Emas	retained after text comparison; no further change proposed in this bounded pass	Emas	4	Emas	retained after text comparison; no further change proposed in this bounded pass	Emas
ui_heart	Paintroid/src/main/res/values/strings.xml	Heart	4	Hati	retained after text comparison; no further change proposed in this bounded pass	Hati	4	Hati	retained after text comparison; no further change proposed in this bounded pass	Hati
ui_heic_avif_codec_licences	Paintroid/src/main/res/values/strings.xml	HEIC and AVIF codec licences	25	Lesen codec HEIC dan AVIF	retained after text comparison; no further change proposed in this bounded pass	Lesen codec HEIC dan AVIF	27	Lisensi codec HEIC dan AVIF	retained after text comparison; no further change proposed in this bounded pass	Lisensi codec HEIC dan AVIF
ui_height	Paintroid/src/main/res/values/strings.xml	Height (%1$s)	13	Tinggi (%1$s)	retained after text comparison; no further change proposed in this bounded pass	Tinggi (%1$s)	13	Tinggi (%1$s)	retained after text comparison; no further change proposed in this bounded pass	Tinggi (%1$s)
ui_height_in	Paintroid/src/main/res/values/strings.xml	Height in %1$s	17	Tinggi dalam %1$s	retained after text comparison; no further change proposed in this bounded pass	Tinggi dalam %1$s	17	Tinggi dalam %1$s	retained after text comparison; no further change proposed in this bounded pass	Tinggi dalam %1$s
ui_heights	Paintroid/src/main/res/values/strings.xml	Heights	6	Tinggi	retained after text comparison; no further change proposed in this bounded pass	Tinggi	6	Tinggi	retained after text comparison; no further change proposed in this bounded pass	Tinggi
ui_hex_rrggbb	Paintroid/src/main/res/values/strings.xml	Hex #RRGGBB	12	Heks #RRGGBB	retained after text comparison; no further change proposed in this bounded pass	Heks #RRGGBB	12	Heks #RRGGBB	retained after text comparison; no further change proposed in this bounded pass	Heks #RRGGBB
ui_hide_editor_controls	Paintroid/src/main/res/values/strings.xml	Hide editor controls	32	Sembunyikan kawalan penyuntingan	retained after text comparison; no further change proposed in this bounded pass	Sembunyikan kawalan penyuntingan	26	Sembunyikan kontrol editor	retained after text comparison; no further change proposed in this bounded pass	Sembunyikan kontrol editor
ui_hide_pixel_grid_800	Paintroid/src/main/res/values/strings.xml	Hide pixel grid (800%+)	38	Sembunyikan grid piksel (800% ke atas)	retained after text comparison; no further change proposed in this bounded pass	Sembunyikan grid piksel (800% ke atas)	38	Sembunyikan kisi piksel (800% ke atas)	retained after text comparison; no further change proposed in this bounded pass	Sembunyikan kisi piksel (800% ke atas)
ui_hold_a_thumbnail_and_drag_it_here_or	Paintroid/src/main/res/values/strings.xml	Hold a thumbnail and drag it here, or tap it then tap the workspace.	102	Tekan dan tahan lakaran kecil lalu seret ke sini, atau ketik lakaran kecil kemudian ketik ruang kerja.	long counterpart: retained after text comparison; no further change proposed in this bounded pass	Tekan dan tahan lakaran kecil lalu seret ke sini, atau ketik lakaran kecil kemudian ketik ruang kerja.	94	Tekan lama gambar mini, lalu seret ke sini, atau ketuk gambar mini kemudian ketuk ruang kerja.	retained after text comparison; no further change proposed in this bounded pass	Tekan lama gambar mini, lalu seret ke sini, atau ketuk gambar mini kemudian ketuk ruang kerja.
ui_hold_or_drag_to_spray_colour	Paintroid/src/main/res/values/strings.xml	Hold or drag to spray colour.	49	Tekan dan tahan atau seret untuk menyembur warna.	retained after text comparison; no further change proposed in this bounded pass	Tekan dan tahan atau seret untuk menyembur warna.	48	Tekan lama atau seret untuk menyemprotkan warna.	retained after text comparison; no further change proposed in this bounded pass	Tekan lama atau seret untuk menyemprotkan warna.
ui_honeycomb	Paintroid/src/main/res/values/strings.xml	Honeycomb	12	Sarang lebah	retained after text comparison; no further change proposed in this bounded pass	Sarang lebah	12	Sarang lebah	retained after text comparison; no further change proposed in this bounded pass	Sarang lebah
ui_honeycomb_colour_06x	Paintroid/src/main/res/values/strings.xml	Honeycomb colour #%1$06X	26	Warna sarang lebah #%1$06X	retained after text comparison; no further change proposed in this bounded pass	Warna sarang lebah #%1$06X	26	Warna sarang lebah #%1$06X	retained after text comparison; no further change proposed in this bounded pass	Warna sarang lebah #%1$06X
ui_honeycomb_colour_swatches_with_a_greyscale_row	Paintroid/src/main/res/values/strings.xml	Honeycomb colour swatches with a greyscale row	51	Swatch warna sarang lebah dengan baris skala kelabu	retained after text comparison; no further change proposed in this bounded pass	Swatch warna sarang lebah dengan baris skala kelabu	68	Pilihan warna berbentuk sarang lebah dengan satu baris skala abu-abu	retained after text comparison; no further change proposed in this bounded pass	Pilihan warna berbentuk sarang lebah dengan satu baris skala abu-abu
ui_horizontal23	Paintroid/src/main/res/values/strings.xml	Horizontal	8	Mendatar	retained after text comparison; no further change proposed in this bounded pass	Mendatar	8	Mendatar	retained after text comparison; no further change proposed in this bounded pass	Mendatar
ui_how_to_use	Paintroid/src/main/res/values/strings.xml	How to use	15	Cara penggunaan	retained after text comparison; no further change proposed in this bounded pass	Cara penggunaan	16	Cara menggunakan	retained after text comparison; no further change proposed in this bounded pass	Cara menggunakan
ui_hue_and_saturation_spectrum_lightness_slider_on_the	Paintroid/src/main/res/values/strings.xml	Hue and saturation spectrum; lightness slider on the right	55	Spektrum rona dan ketepuan; peluncur kecerahan di kanan	retained after text comparison; no further change proposed in this bounded pass	Spektrum rona dan ketepuan; peluncur kecerahan di kanan	55	Spektrum hue dan saturasi; penggeser kecerahan di kanan	retained after text comparison; no further change proposed in this bounded pass	Spektrum hue dan saturasi; penggeser kecerahan di kanan
ui_hue_and_saturation_wheel_value_slider_on_the	Paintroid/src/main/res/values/strings.xml	Hue and saturation wheel; value slider on the right	47	Roda rona dan ketepuan; peluncur nilai di kanan	retained after text comparison; no further change proposed in this bounded pass	Roda rona dan ketepuan; peluncur nilai di kanan	47	Roda hue dan saturasi; penggeser nilai di kanan	retained after text comparison; no further change proposed in this bounded pass	Roda hue dan saturasi; penggeser nilai di kanan
ui_icon_licences	Paintroid/src/main/res/values/strings.xml	Icon licences	10	Lesen ikon	retained after text comparison; no further change proposed in this bounded pass	Lesen ikon	12	Lisensi ikon	retained after text comparison; no further change proposed in this bounded pass	Lisensi ikon
ui_icon_licences_kde_breeze	Paintroid/src/main/res/values/strings.xml	Icon licences — KDE Breeze	23	Lesen ikon — KDE Breeze	retained after text comparison; no further change proposed in this bounded pass	Lesen ikon — KDE Breeze	25	Lisensi ikon — KDE Breeze	retained after text comparison; no further change proposed in this bounded pass	Lisensi ikon — KDE Breeze
ui_icons_artwork	Paintroid/src/main/res/values/strings.xml	Icons & artwork	17	Ikon & karya seni	retained after text comparison; no further change proposed in this bounded pass	Ikon & karya seni	12	Ikon & karya	retained after text comparison; no further change proposed in this bounded pass	Ikon & karya
ui_icons_fonts_artwork_credits	Paintroid/src/main/res/values/strings.xml	Icons, fonts & artwork credits	29	Kredit ikon, fon & karya seni	retained after text comparison; no further change proposed in this bounded pass	Kredit ikon, fon & karya seni	25	Kredit ikon, font & karya	retained after text comparison; no further change proposed in this bounded pass	Kredit ikon, font & karya
ui_image	Paintroid/src/main/res/values/strings.xml	Image	4	Imej	retained after text comparison; no further change proposed in this bounded pass	Imej	6	Gambar	retained after text comparison; no further change proposed in this bounded pass	Gambar
ui_image_assembly	Paintroid/src/main/res/values/strings.xml	Image assembly…	15	Gabungkan imej…	retained after text comparison; no further change proposed in this bounded pass	Gabungkan imej…	17	Gabungkan gambar…	retained after text comparison; no further change proposed in this bounded pass	Gabungkan gambar…
ui_image_codec_licences	Paintroid/src/main/res/values/strings.xml	Image codec licences	16	Lesen codec imej	retained after text comparison; no further change proposed in this bounded pass	Lesen codec imej	20	Lisensi codec gambar	retained after text comparison; no further change proposed in this bounded pass	Lisensi codec gambar
ui_image_credits	Paintroid/src/main/res/values/strings.xml	Image credits	11	Kredit imej	retained after text comparison; no further change proposed in this bounded pass	Kredit imej	13	Kredit gambar	retained after text comparison; no further change proposed in this bounded pass	Kredit gambar
ui_image_placed_drag_it_to_move_or_hold	Paintroid/src/main/res/values/strings.xml	Image placed. Drag it to move, or hold and drag another thumbnail.	97	Imej ditempatkan. Seret untuk mengalihkannya, atau tekan dan tahan lalu seret lakaran kecil lain.	retained after text comparison; no further change proposed in this bounded pass	Imej ditempatkan. Seret untuk mengalihkannya, atau tekan dan tahan lalu seret lakaran kecil lain.	98	Gambar ditempatkan. Seret untuk menggeserkannya, atau tekan dan tahan lalu seret gambar mini lain.	retained after text comparison; no further change proposed in this bounded pass	Gambar ditempatkan. Seret untuk menggeserkannya, atau tekan dan tahan lalu seret gambar mini lain.
ui_image_shown_in_crop_preview	Paintroid/src/main/res/values/strings.xml	Image shown in crop preview	47	Imej yang ditunjukkan dalam pratonton pangkasan	retained after text comparison; no further change proposed in this bounded pass	Imej yang ditunjukkan dalam pratonton pangkasan	51	Gambar yang ditampilkan dalam pratinjau pemangkasan	retained after text comparison; no further change proposed in this bounded pass	Gambar yang ditampilkan dalam pratinjau pemangkasan
ui_image_thumbnails_and_filenames_scroll_horizontally_for_more	Paintroid/src/main/res/values/strings.xml	Image thumbnails and filenames. Scroll horizontally for more.	83	Lakaran kecil dan nama fail imej. Tatal secara mendatar untuk melihat lebih banyak.	retained after text comparison; no further change proposed in this bounded pass	Lakaran kecil dan nama fail imej. Tatal secara mendatar untuk melihat lebih banyak.	85	Gambar mini dan nama berkas gambar. Gulir secara mendatar untuk melihat lebih banyak.	retained after text comparison; no further change proposed in this bounded pass	Gambar mini dan nama berkas gambar. Gulir secara mendatar untuk melihat lebih banyak.
ui_insert	Paintroid/src/main/res/values/strings.xml	Insert	5	Sisip	retained after text comparison; no further change proposed in this bounded pass	Sisip	8	Sisipkan	retained after text comparison; no further change proposed in this bounded pass	Sisipkan
ui_insert_gallery_image	Paintroid/src/main/res/values/strings.xml	Insert gallery image?	18	Sisip imej galeri?	retained after text comparison; no further change proposed in this bounded pass	Sisip imej galeri?	23	Sisipkan gambar galeri?	retained after text comparison; no further change proposed in this bounded pass	Sisipkan gambar galeri?
ui_insert_image_into_canvas	Paintroid/src/main/res/values/strings.xml	Insert image into canvas…	23	Sisip imej pada kanvas…	retained after text comparison; no further change proposed in this bounded pass	Sisip imej pada kanvas…	26	Sisipkan gambar ke kanvas…	retained after text comparison; no further change proposed in this bounded pass	Sisipkan gambar ke kanvas…
ui_invalid_autosave_metadata	Paintroid/src/main/res/values/strings.xml	Invalid autosave metadata.	30	Metadata autosimpan tidak sah.	retained after text comparison; no further change proposed in this bounded pass	Metadata autosimpan tidak sah.	42	Metadata penyimpanan otomatis tidak valid.	retained after text comparison; no further change proposed in this bounded pass	Metadata penyimpanan otomatis tidak valid.
ui_invalid_colour	Paintroid/src/main/res/values/strings.xml	Invalid colour	15	Warna tidak sah	retained after text comparison; no further change proposed in this bounded pass	Warna tidak sah	17	Warna tidak valid	retained after text comparison; no further change proposed in this bounded pass	Warna tidak valid
ui_invalid_image_attachments	Paintroid/src/main/res/values/strings.xml	Invalid image attachments.	24	Cantuman imej tidak sah.	retained after text comparison; no further change proposed in this bounded pass	Cantuman imej tidak sah.	29	Sambungan gambar tidak valid.	retained after text comparison; no further change proposed in this bounded pass	Sambungan gambar tidak valid.
ui_invalid_selection_outline	Paintroid/src/main/res/values/strings.xml	Invalid selection outline.	29	Garis luar pilihan tidak sah.	retained after text comparison; no further change proposed in this bounded pass	Garis luar pilihan tidak sah.	31	Garis tepi seleksi tidak valid.	retained after text comparison; no further change proposed in this bounded pass	Garis tepi seleksi tidak valid.
ui_invert_colours	Paintroid/src/main/res/values/strings.xml	Invert colours	17	Songsangkan warna	retained after text comparison; no further change proposed in this bounded pass	Songsangkan warna	11	Balik warna	retained after text comparison; no further change proposed in this bounded pass	Balik warna
ui_italic	Paintroid/src/main/res/values/strings.xml	Italic	6	Italik	retained after text comparison; no further change proposed in this bounded pass	Italik	6	Miring	retained after text comparison; no further change proposed in this bounded pass	Miring
ui_jpeg_xl_codec_licences	Paintroid/src/main/res/values/strings.xml	JPEG XL codec licences	19	Lesen codec JPEG XL	retained after text comparison; no further change proposed in this bounded pass	Lesen codec JPEG XL	21	Lisensi codec JPEG XL	retained after text comparison; no further change proposed in this bounded pass	Lisensi codec JPEG XL
ui_keep_editing23	Paintroid/src/main/res/values/strings.xml	Keep editing	19	Teruskan menyunting	retained after text comparison; no further change proposed in this bounded pass	Teruskan menyunting	18	Lanjutkan mengedit	retained after text comparison; no further change proposed in this bounded pass	Lanjutkan mengedit
ui_languages23	Paintroid/src/main/res/values/strings.xml	Languages	6	Bahasa	retained after text comparison; no further change proposed in this bounded pass	Bahasa	6	Bahasa	retained after text comparison; no further change proposed in this bounded pass	Bahasa
ui_largest	Paintroid/src/main/res/values/strings.xml	Largest	8	Terbesar	retained after text comparison; no further change proposed in this bounded pass	Terbesar	8	Terbesar	retained after text comparison; no further change proposed in this bounded pass	Terbesar
ui_left	Paintroid/src/main/res/values/strings.xml	Left	4	Kiri	retained after text comparison; no further change proposed in this bounded pass	Kiri	4	Kiri	retained after text comparison; no further change proposed in this bounded pass	Kiri
ui_left_aligned	Paintroid/src/main/res/values/strings.xml	Left aligned	12	Sejajar kiri	retained after text comparison; no further change proposed in this bounded pass	Sejajar kiri	9	Rata kiri	retained after text comparison; no further change proposed in this bounded pass	Rata kiri
ui_left_arrow_collapse	Paintroid/src/main/res/values/strings.xml	Left arrow: collapse	26	Anak panah kiri: kuncupkan	retained after text comparison; no further change proposed in this bounded pass	Anak panah kiri: kuncupkan	19	Panah kiri: ciutkan	retained after text comparison; no further change proposed in this bounded pass	Panah kiri: ciutkan
ui_line	Paintroid/src/main/res/values/strings.xml	Line	5	Garis	retained after text comparison; no further change proposed in this bounded pass	Garis	5	Garis	retained after text comparison; no further change proposed in this bounded pass	Garis
ui_line_spacing	Paintroid/src/main/res/values/strings.xml	Line spacing (%)	15	Jarak baris (%)	retained after text comparison; no further change proposed in this bounded pass	Jarak baris (%)	15	Jarak baris (%)	retained after text comparison; no further change proposed in this bounded pass	Jarak baris (%)
ui_load_image	Paintroid/src/main/res/values/strings.xml	Load image…	10	Buka imej…	retained after text comparison; no further change proposed in this bounded pass	Buka imej…	12	Buka gambar…	retained after text comparison; no further change proposed in this bounded pass	Buka gambar…
ui_lock_aspect_ratio	Paintroid/src/main/res/values/strings.xml	Lock aspect ratio	19	Kunci nisbah bidang	retained after text comparison; no further change proposed in this bounded pass	Kunci nisbah bidang	17	Kunci rasio aspek	retained after text comparison; no further change proposed in this bounded pass	Kunci rasio aspek
ui_lock_proportions	Paintroid/src/main/res/values/strings.xml	Lock proportions	12	Kunci nisbah	retained after text comparison; no further change proposed in this bounded pass	Kunci nisbah	14	Kunci proporsi	retained after text comparison; no further change proposed in this bounded pass	Kunci proporsi
ui_lossless_format	Paintroid/src/main/res/values/strings.xml	Lossless %1$s	21	%1$s tanpa kehilangan	retained after text comparison; no further change proposed in this bounded pass	%1$s tanpa kehilangan	26	%1$s tanpa kehilangan data	retained after text comparison; no further change proposed in this bounded pass	%1$s tanpa kehilangan data
ui_lossless_jpeg_xl	Paintroid/src/main/res/values/strings.xml	Lossless JPEG XL	24	JPEG XL tanpa kehilangan	retained after text comparison; no further change proposed in this bounded pass	JPEG XL tanpa kehilangan	29	JPEG XL tanpa kehilangan data	retained after text comparison; no further change proposed in this bounded pass	JPEG XL tanpa kehilangan data
ui_magnification	Paintroid/src/main/res/values/strings.xml	Magnification (%)	14	Pembesaran (%)	retained after text comparison; no further change proposed in this bounded pass	Pembesaran (%)	14	Perbesaran (%)	retained after text comparison; no further change proposed in this bounded pass	Perbesaran (%)
ui_magnified_preview	Paintroid/src/main/res/values/strings.xml	Magnified preview…	21	Pratonton diperbesar…	retained after text comparison; no further change proposed in this bounded pass	Pratonton diperbesar…	21	Pratinjau diperbesar…	retained after text comparison; no further change proposed in this bounded pass	Pratinjau diperbesar…
ui_magnified_preview_ea9209	Paintroid/src/main/res/values/strings.xml	Magnified preview	20	Pratonton diperbesar	retained after text comparison; no further change proposed in this bounded pass	Pratonton diperbesar	20	Pratinjau diperbesar	retained after text comparison; no further change proposed in this bounded pass	Pratinjau diperbesar
ui_magnifier33	Paintroid/src/main/res/values/editor33_strings.xml	Magnifier	14	Kanta pembesar	retained after text comparison; no further change proposed in this bounded pass	Kanta pembesar	13	Kaca pembesar	retained after text comparison; no further change proposed in this bounded pass	Kaca pembesar
ui_main23	Paintroid/src/main/res/values/strings.xml	Main	5	Utama	retained after text comparison; no further change proposed in this bounded pass	Utama	5	Utama	retained after text comparison; no further change proposed in this bounded pass	Utama
ui_menu	Paintroid/src/main/res/values/strings.xml	Menu	4	Menu	retained after text comparison; no further change proposed in this bounded pass	Menu	4	Menu	retained after text comparison; no further change proposed in this bounded pass	Menu
ui_menu_colours	Paintroid/src/main/res/values/strings.xml	Colors	5	Warna	retained after text comparison; no further change proposed in this bounded pass	Warna	5	Warna	retained after text comparison; no further change proposed in this bounded pass	Warna
ui_menu_edit	Paintroid/src/main/res/values/strings.xml	Edit	7	Sunting	retained after text comparison; no further change proposed in this bounded pass	Sunting	4	Edit	retained after text comparison; no further change proposed in this bounded pass	Edit
ui_menu_file	Paintroid/src/main/res/values/strings.xml	File	4	Fail	retained after text comparison; no further change proposed in this bounded pass	Fail	6	Berkas	retained after text comparison; no further change proposed in this bounded pass	Berkas
ui_menu_help	Paintroid/src/main/res/values/strings.xml	Help	7	Bantuan	retained after text comparison; no further change proposed in this bounded pass	Bantuan	7	Bantuan	retained after text comparison; no further change proposed in this bounded pass	Bantuan
ui_menu_image	Paintroid/src/main/res/values/strings.xml	Image	4	Imej	retained after text comparison; no further change proposed in this bounded pass	Imej	6	Gambar	retained after text comparison; no further change proposed in this bounded pass	Gambar
ui_menu_view	Paintroid/src/main/res/values/strings.xml	View	7	Paparan	retained after text comparison; no further change proposed in this bounded pass	Paparan	8	Tampilan	retained after text comparison; no further change proposed in this bounded pass	Tampilan
ui_modified_newest_first	Paintroid/src/main/res/values/strings.xml	Modified: newest first	27	Diubah suai: terbaru dahulu	retained after text comparison; no further change proposed in this bounded pass	Diubah suai: terbaru dahulu	26	Diubah: terbaru lebih dulu	retained after text comparison; no further change proposed in this bounded pass	Diubah: terbaru lebih dulu
ui_modified_oldest_first	Paintroid/src/main/res/values/strings.xml	Modified: oldest first	27	Diubah suai: terlama dahulu	retained after text comparison; no further change proposed in this bounded pass	Diubah suai: terlama dahulu	26	Diubah: terlama lebih dulu	retained after text comparison; no further change proposed in this bounded pass	Diubah: terlama lebih dulu
ui_monospace	Paintroid/src/main/res/values/strings.xml	Monospace	9	Monospace	retained after text comparison; no further change proposed in this bounded pass	Monospace	9	Monospace	retained after text comparison; no further change proposed in this bounded pass	Monospace
ui_navigate	Paintroid/src/main/res/values/strings.xml	Navigate	12	Alih dan zum	retained after text comparison; no further change proposed in this bounded pass	Alih dan zum	8	Navigasi	retained after text comparison; no further change proposed in this bounded pass	Navigasi
ui_new	Paintroid/src/main/res/values/strings.xml	New…	7	Baharu…	retained after text comparison; no further change proposed in this bounded pass	Baharu…	5	Baru…	retained after text comparison; no further change proposed in this bounded pass	Baru…
ui_new_colour	Paintroid/src/main/res/values/strings.xml	New colour	12	Warna baharu	retained after text comparison; no further change proposed in this bounded pass	Warna baharu	10	Warna baru	retained after text comparison; no further change proposed in this bounded pass	Warna baru
ui_new_image	Paintroid/src/main/res/values/strings.xml	New image	11	Imej baharu	retained after text comparison; no further change proposed in this bounded pass	Imej baharu	11	Gambar baru	retained after text comparison; no further change proposed in this bounded pass	Gambar baru
ui_no_attachment_fits_within_the_current_coordinate_range	Paintroid/src/main/res/values/strings.xml	No attachment fits within the current coordinate range. Try smaller image sizes.	87	Tiada cantuman yang muat dalam julat koordinat semasa. Cuba saiz imej yang lebih kecil.	retained after text comparison; no further change proposed in this bounded pass	Tiada cantuman yang muat dalam julat koordinat semasa. Cuba saiz imej yang lebih kecil.	100	Tidak ada sambungan yang muat dalam rentang koordinat saat ini. Coba ukuran gambar yang lebih kecil.	retained after text comparison; no further change proposed in this bounded pass	Tidak ada sambungan yang muat dalam rentang koordinat saat ini. Coba ukuran gambar yang lebih kecil.
ui_no_gallery_images_have_been_inserted	Paintroid/src/main/res/values/strings.xml	No gallery images have been inserted.	40	Tiada imej galeri yang telah disisipkan.	retained after text comparison; no further change proposed in this bounded pass	Tiada imej galeri yang telah disisipkan.	40	Belum ada gambar galeri yang disisipkan.	retained after text comparison; no further change proposed in this bounded pass	Belum ada gambar galeri yang disisipkan.
ui_no_readable_image_data	Paintroid/src/main/res/values/strings.xml	No readable image data.	34	Tiada data imej yang boleh dibaca.	retained after text comparison; no further change proposed in this bounded pass	Tiada data imej yang boleh dibaca.	40	Tidak ada data gambar yang dapat dibaca.	retained after text comparison; no further change proposed in this bounded pass	Tidak ada data gambar yang dapat dibaca.
ui_none	Paintroid/src/main/res/values/strings.xml	None	5	Tiada	retained after text comparison; no further change proposed in this bounded pass	Tiada	9	Tidak ada	retained after text comparison; no further change proposed in this bounded pass	Tidak ada
ui_not_enough_memory_for_this_operation_the_assembly	Paintroid/src/main/res/values/strings.xml	Not enough memory for this operation. The assembly source files are retained.	74	Memori tidak mencukupi untuk operasi ini. Fail sumber gabungan dikekalkan.	retained after text comparison; no further change proposed in this bounded pass	Memori tidak mencukupi untuk operasi ini. Fail sumber gabungan dikekalkan.	76	Memori tidak cukup untuk operasi ini. Berkas sumber gabungan tetap disimpan.	retained after text comparison; no further change proposed in this bounded pass	Memori tidak cukup untuk operasi ini. Berkas sumber gabungan tetap disimpan.
ui_not_enough_memory_to_finish_opening_this_image	Paintroid/src/main/res/values/strings.xml	Not enough memory to finish opening this image	53	Memori tidak mencukupi untuk selesai membuka imej ini	retained after text comparison; no further change proposed in this bounded pass	Memori tidak mencukupi untuk selesai membuka imej ini	59	Memori tidak cukup untuk menyelesaikan pembukaan gambar ini	retained after text comparison; no further change proposed in this bounded pass	Memori tidak cukup untuk menyelesaikan pembukaan gambar ini
ui_not_enough_memory_to_inspect_the_gallery_image	Paintroid/src/main/res/values/strings.xml	Not enough memory to inspect the gallery image.	51	Memori tidak mencukupi untuk memeriksa imej galeri.	retained after text comparison; no further change proposed in this bounded pass	Memori tidak mencukupi untuk memeriksa imej galeri.	49	Memori tidak cukup untuk memeriksa gambar galeri.	retained after text comparison; no further change proposed in this bounded pass	Memori tidak cukup untuk memeriksa gambar galeri.
ui_not_enough_memory_to_inspect_this_image	Paintroid/src/main/res/values/strings.xml	Not enough memory to inspect this image	47	Memori tidak mencukupi untuk memeriksa imej ini	retained after text comparison; no further change proposed in this bounded pass	Memori tidak mencukupi untuk memeriksa imej ini	45	Memori tidak cukup untuk memeriksa gambar ini	retained after text comparison; no further change proposed in this bounded pass	Memori tidak cukup untuk memeriksa gambar ini
ui_not_enough_memory_to_save_in_this_format	Paintroid/src/main/res/values/strings.xml	Not enough memory to save in this format. Try PNG	65	Memori tidak mencukupi untuk menyimpan dalam format ini. Cuba PNG	retained after text comparison; no further change proposed in this bounded pass	Memori tidak mencukupi untuk menyimpan dalam format ini. Cuba PNG	61	Memori tidak cukup untuk menyimpan dalam format ini. Coba PNG	retained after text comparison; no further change proposed in this bounded pass	Memori tidak cukup untuk menyimpan dalam format ini. Coba PNG
ui_not_placed	Paintroid/src/main/res/values/strings.xml	Not placed	17	Belum ditempatkan	retained after text comparison; no further change proposed in this bounded pass	Belum ditempatkan	17	Belum ditempatkan	retained after text comparison; no further change proposed in this bounded pass	Belum ditempatkan
ui_numeric_slider_value	Paintroid/src/main/res/values/strings.xml	%1$s: %2$d	10	%1$s: %2$d	retained after text comparison; no further change proposed in this bounded pass	%1$s: %2$d	10	%1$s: %2$d	retained after text comparison; no further change proposed in this bounded pass	%1$s: %2$d
ui_ok	Paintroid/src/main/res/values/strings.xml	OK	2	OK	retained after text comparison; no further change proposed in this bounded pass	OK	2	OK	retained after text comparison; no further change proposed in this bounded pass	OK
ui_open_artwork34	Paintroid/src/main/res/values/editor34_strings.xml	Open the artwork page first, then tap Use image.	55	Buka halaman karya dahulu, kemudian ketik Gunakan imej.	retained after text comparison; no further change proposed in this bounded pass	Buka halaman karya dahulu, kemudian ketik Gunakan imej.	62	Buka halaman karya terlebih dahulu, lalu ketuk Gunakan gambar.	retained after text comparison; no further change proposed in this bounded pass	Buka halaman karya terlebih dahulu, lalu ketuk Gunakan gambar.
ui_open_source_credits_and_notices	Paintroid/src/main/res/values/strings.xml	Open-source credits and notices	31	Kredit dan notis sumber terbuka	retained after text comparison; no further change proposed in this bounded pass	Kredit dan notis sumber terbuka	39	Kredit dan pemberitahuan sumber terbuka	retained after text comparison; no further change proposed in this bounded pass	Kredit dan pemberitahuan sumber terbuka
ui_original_size34	Paintroid/src/main/res/values/editor34_strings.xml	Original size	9	Saiz asal	retained after text comparison; no further change proposed in this bounded pass	Saiz asal	11	Ukuran asli	retained after text comparison; no further change proposed in this bounded pass	Ukuran asli
ui_other_images34	Paintroid/src/main/res/values/editor34_strings.xml	Other images	9	Imej lain	retained after text comparison; no further change proposed in this bounded pass	Imej lain	11	Gambar lain	retained after text comparison; no further change proposed in this bounded pass	Gambar lain
ui_other_terms	Paintroid/src/main/res/values/strings.xml	Other terms	11	Syarat lain	retained after text comparison; no further change proposed in this bounded pass	Syarat lain	14	Ketentuan lain	retained after text comparison; no further change proposed in this bounded pass	Ketentuan lain
ui_outline	Paintroid/src/main/res/values/strings.xml	Outline	10	Garis luar	retained after text comparison; no further change proposed in this bounded pass	Garis luar	10	Garis tepi	retained after text comparison; no further change proposed in this bounded pass	Garis tepi
ui_pale_violet	Paintroid/src/main/res/values/strings.xml	Pale Violet	10	Ungu pucat	retained after text comparison; no further change proposed in this bounded pass	Ungu pucat	10	Ungu pucat	retained after text comparison; no further change proposed in this bounded pass	Ungu pucat
ui_palette	Paintroid/src/main/res/values/strings.xml	Palette	5	Palet	retained after text comparison; no further change proposed in this bounded pass	Palet	5	Palet	retained after text comparison; no further change proposed in this bounded pass	Palet
ui_paste	Paintroid/src/main/res/values/strings.xml	Paste	6	Tampal	retained after text comparison; no further change proposed in this bounded pass	Tampal	6	Tempel	retained after text comparison; no further change proposed in this bounded pass	Tempel
ui_paste_hint34	Paintroid/src/main/res/values/editor34_strings.xml	Copy an area or use Draw → Insert → Other images.	58	Salin satu kawasan atau gunakan Lukis → Sisip → Imej lain.	retained after text comparison; no further change proposed in this bounded pass	Salin satu kawasan atau gunakan Lukis → Sisip → Imej lain.	62	Salin suatu area atau gunakan Gambar → Sisipkan → Gambar lain.	retained after text comparison; no further change proposed in this bounded pass	Salin suatu area atau gunakan Gambar → Sisipkan → Gambar lain.
ui_pencil	Paintroid/src/main/res/values/strings.xml	Pencil	6	Pensil	corrected: Pencil caption agrees with its Pensel hints/manual	Pensel	6	Pensil	retained after text comparison; no further change proposed in this bounded pass	Pensil
ui_pencil_crisp_adjustable_strokes	Paintroid/src/main/res/values/strings.xml	Pencil keeps crisp edges at any selected width.	63	Pensel mengekalkan tepi tajam pada sebarang lebar yang dipilih.	retained after text comparison; no further change proposed in this bounded pass	Pensel mengekalkan tepi tajam pada sebarang lebar yang dipilih.	69	Pensil mempertahankan tepi yang tajam pada setiap lebar yang dipilih.	retained after text comparison; no further change proposed in this bounded pass	Pensil mempertahankan tepi yang tajam pada setiap lebar yang dipilih.
ui_pencil_keeps_crisp_one_pixel_strokes_cursor_drawing	Paintroid/src/main/res/values/strings.xml	Pencil keeps crisp edges at any selected width.	63	Pensel mengekalkan tepi tajam pada sebarang lebar yang dipilih.	retained after text comparison; no further change proposed in this bounded pass	Pensel mengekalkan tepi tajam pada sebarang lebar yang dipilih.	69	Pensil mempertahankan tepi yang tajam pada setiap lebar yang dipilih.	retained after text comparison; no further change proposed in this bounded pass	Pensil mempertahankan tepi yang tajam pada setiap lebar yang dipilih.
ui_percent	Paintroid/src/main/res/values/strings.xml	Percent	7	Peratus	retained after text comparison; no further change proposed in this bounded pass	Peratus	6	Persen	retained after text comparison; no further change proposed in this bounded pass	Persen
ui_percent_fd8671	Paintroid/src/main/res/values/strings.xml	percent	7	peratus	retained after text comparison; no further change proposed in this bounded pass	peratus	6	persen	retained after text comparison; no further change proposed in this bounded pass	persen
ui_percent_of_pixels	Paintroid/src/main/res/values/strings.xml	percent of %1$s pixels	28	peratus daripada %1$s piksel	retained after text comparison; no further change proposed in this bounded pass	peratus daripada %1$s piksel	23	persen dari %1$s piksel	retained after text comparison; no further change proposed in this bounded pass	persen dari %1$s piksel
ui_pinch_and_pan_mode	Paintroid/src/main/res/values/strings.xml	Pinch and pan mode	18	Mod cubit dan alih	retained after text comparison; no further change proposed in this bounded pass	Mod cubit dan alih	20	Mode cubit dan geser	retained after text comparison; no further change proposed in this bounded pass	Mode cubit dan geser
ui_pinch_to_zoom_drag_to_pan	Paintroid/src/main/res/values/strings.xml	Pinch to zoom. Drag to pan.	38	Cubit untuk zum. Seret untuk mengalih.	retained after text comparison; no further change proposed in this bounded pass	Cubit untuk zum. Seret untuk mengalih.	102	Rapatkan atau renggangkan dua jari untuk memperkecil atau memperbesar tampilan. Seret untuk menggeser.	long counterpart: retained after text comparison; no further change proposed in this bounded pass	Rapatkan atau renggangkan dua jari untuk memperkecil atau memperbesar tampilan. Seret untuk menggeser.
ui_pixel_grid33	Paintroid/src/main/res/values/editor33_strings.xml	Pixel grid	11	Grid piksel	retained after text comparison; no further change proposed in this bounded pass	Grid piksel	11	Kisi piksel	retained after text comparison; no further change proposed in this bounded pass	Kisi piksel
ui_pixel_grid_help33	Paintroid/src/main/res/values/editor33_strings.xml	Pixel grid appears at 800% zoom or above. Rulers show positions in image pixels.	94	Grid piksel muncul pada zum 800% atau lebih. Pembaris menunjukkan kedudukan dalam piksel imej.	retained after text comparison; no further change proposed in this bounded pass	Grid piksel muncul pada zum 800% atau lebih. Pembaris menunjukkan kedudukan dalam piksel imej.	101	Kisi piksel muncul pada pembesaran 800% atau lebih. Penggaris menunjukkan posisi dalam piksel gambar.	long counterpart: retained after text comparison; no further change proposed in this bounded pass	Kisi piksel muncul pada pembesaran 800% atau lebih. Penggaris menunjukkan posisi dalam piksel gambar.
ui_pixels	Paintroid/src/main/res/values/strings.xml	Pixels	6	Piksel	retained after text comparison; no further change proposed in this bounded pass	Piksel	6	Piksel	retained after text comparison; no further change proposed in this bounded pass	Piksel
ui_pixels_6ec9c2	Paintroid/src/main/res/values/strings.xml	pixels	6	Piksel	retained after text comparison; no further change proposed in this bounded pass	Piksel	6	Piksel	retained after text comparison; no further change proposed in this bounded pass	Piksel
ui_place_at_least_one_image_in_the_workspace	Paintroid/src/main/res/values/strings.xml	Place at least one image in the workspace first.	63	Letakkan sekurang-kurangnya satu imej dalam ruang kerja dahulu.	retained after text comparison; no further change proposed in this bounded pass	Letakkan sekurang-kurangnya satu imej dalam ruang kerja dahulu.	64	Tempatkan setidaknya satu gambar di ruang kerja terlebih dahulu.	retained after text comparison; no further change proposed in this bounded pass	Tempatkan setidaknya satu gambar di ruang kerja terlebih dahulu.
ui_place_text	Paintroid/src/main/res/values/strings.xml	Place text	13	Letakkan teks	retained after text comparison; no further change proposed in this bounded pass	Letakkan teks	13	Letakkan teks	retained after text comparison; no further change proposed in this bounded pass	Letakkan teks
ui_placed	Paintroid/src/main/res/values/strings.xml	Placed	11	Ditempatkan	retained after text comparison; no further change proposed in this bounded pass	Ditempatkan	11	Ditempatkan	retained after text comparison; no further change proposed in this bounded pass	Ditempatkan
ui_please_try_again	Paintroid/src/main/res/values/strings.xml	Please try again.	15	Sila cuba lagi.	retained after text comparison; no further change proposed in this bounded pass	Sila cuba lagi.	18	Silakan coba lagi.	retained after text comparison; no further change proposed in this bounded pass	Silakan coba lagi.
ui_please_wait_for_the_current_operation	Paintroid/src/main/res/values/strings.xml	Please wait for the current operation.	35	Sila tunggu operasi semasa selesai.	retained after text comparison; no further change proposed in this bounded pass	Sila tunggu operasi semasa selesai.	39	Tunggu hingga operasi saat ini selesai.	retained after text comparison; no further change proposed in this bounded pass	Tunggu hingga operasi saat ini selesai.
ui_png_encoding_failed	Paintroid/src/main/res/values/strings.xml	PNG encoding failed.	21	Pengekodan PNG gagal.	retained after text comparison; no further change proposed in this bounded pass	Pengekodan PNG gagal.	20	Pengodean PNG gagal.	retained after text comparison; no further change proposed in this bounded pass	Pengodean PNG gagal.
ui_polygon	Paintroid/src/main/res/values/strings.xml	Polygon	7	Poligon	retained after text comparison; no further change proposed in this bounded pass	Poligon	7	Poligon	retained after text comparison; no further change proposed in this bounded pass	Poligon
ui_preview	Paintroid/src/main/res/values/strings.xml	Preview	8	Pralihat	corrected: Preview caption agrees with Pratonton elsewhere	Pratonton	9	Pratinjau	retained after text comparison; no further change proposed in this bounded pass	Pratinjau
ui_preview_memory_error	Paintroid/src/main/res/values/strings.xml	%1$s: not enough memory for its preview.	48	%1$s: memori tidak mencukupi untuk pratontonnya.	retained after text comparison; no further change proposed in this bounded pass	%1$s: memori tidak mencukupi untuk pratontonnya.	41	%1$s: memori tidak cukup untuk pratinjau.	retained after text comparison; no further change proposed in this bounded pass	%1$s: memori tidak cukup untuk pratinjau.
ui_previous_draft_kept_for_recovery	Paintroid/src/main/res/values/strings.xml	Previous draft kept for recovery	40	Draf sebelumnya disimpan untuk pemulihan	retained after text comparison; no further change proposed in this bounded pass	Draf sebelumnya disimpan untuk pemulihan	40	Draf sebelumnya disimpan untuk pemulihan	retained after text comparison; no further change proposed in this bounded pass	Draf sebelumnya disimpan untuk pemulihan
ui_px	Paintroid/src/main/res/values/strings.xml	%1$s · %2$s\n%3$s × %4$s px · %5$s	34	%1$s · %2$s\n%3$s × %4$s px · %5$s	retained after text comparison; no further change proposed in this bounded pass	%1$s · %2$s\n%3$s × %4$s px · %5$s	34	%1$s · %2$s\n%3$s × %4$s px · %5$s	retained after text comparison; no further change proposed in this bounded pass	%1$s · %2$s\n%3$s × %4$s px · %5$s
ui_px_724eb3	Paintroid/src/main/res/values/strings.xml	%1$s × %2$s px	14	%1$s × %2$s px	retained after text comparison; no further change proposed in this bounded pass	%1$s × %2$s px	14	%1$s × %2$s px	retained after text comparison; no further change proposed in this bounded pass	%1$s × %2$s px
ui_px_drag_an_image_to_move_hold_a	Paintroid/src/main/res/values/strings.xml	%1$s × %2$s px · drag an image to move; hold a thumbnail to add.	79	%1$s × %2$s px · seret imej untuk mengalih; tahan lakaran kecil untuk menambah.	retained after text comparison; no further change proposed in this bounded pass	%1$s × %2$s px · seret imej untuk mengalih; tahan lakaran kecil untuk menambah.	80	%1$s × %2$s px · seret gambar untuk menggeser; tahan gambar mini untuk menambah.	retained after text comparison; no further change proposed in this bounded pass	%1$s × %2$s px · seret gambar untuk menggeser; tahan gambar mini untuk menambah.
ui_quality	Paintroid/src/main/res/values/strings.xml	Quality (%)	11	Kualiti (%)	retained after text comparison; no further change proposed in this bounded pass	Kualiti (%)	12	Kualitas (%)	retained after text comparison; no further change proposed in this bounded pass	Kualitas (%)
ui_radius_px	Paintroid/src/main/res/values/strings.xml	Radius (px)	11	Jejari (px)	retained after text comparison; no further change proposed in this bounded pass	Jejari (px)	11	Radius (px)	retained after text comparison; no further change proposed in this bounded pass	Radius (px)
ui_ready	Paintroid/src/main/res/values/strings.xml	Ready	5	Sedia	retained after text comparison; no further change proposed in this bounded pass	Sedia	4	Siap	retained after text comparison; no further change proposed in this bounded pass	Siap
ui_recent_colour_d_06x_tap_foreground_hold_background	Paintroid/src/main/res/values/strings.xml	Recent colour %1$d: #%2$06X. Tap foreground, hold background.	68	Warna terkini %1$d: #%2$06X. Ketik untuk hadapan, tahan untuk latar.	retained after text comparison; no further change proposed in this bounded pass	Warna terkini %1$d: #%2$06X. Ketik untuk hadapan, tahan untuk latar.	86	Warna terbaru %1$d: #%2$06X. Ketuk untuk latar depan; tekan lama untuk latar belakang.	retained after text comparison; no further change proposed in this bounded pass	Warna terbaru %1$d: #%2$06X. Ketuk untuk latar depan; tekan lama untuk latar belakang.
ui_recent_colour_empty	Paintroid/src/main/res/values/strings.xml	Recent colour %1$s: empty	26	Warna terkini %1$s: kosong	retained after text comparison; no further change proposed in this bounded pass	Warna terkini %1$s: kosong	26	Warna terbaru %1$s: kosong	retained after text comparison; no further change proposed in this bounded pass	Warna terbaru %1$s: kosong
ui_recovered_image	Paintroid/src/main/res/values/strings.xml	Recovered image	15	Imej dipulihkan	retained after text comparison; no further change proposed in this bounded pass	Imej dipulihkan	17	Gambar dipulihkan	retained after text comparison; no further change proposed in this bounded pass	Gambar dipulihkan
ui_rectangle	Paintroid/src/main/res/values/strings.xml	Rectangle	16	Segi empat tepat	retained after text comparison; no further change proposed in this bounded pass	Segi empat tepat	15	Persegi panjang	retained after text comparison; no further change proposed in this bounded pass	Persegi panjang
ui_rectangle_select	Paintroid/src/main/res/values/strings.xml	Rectangle select	22	Pilih segi empat tepat	retained after text comparison; no further change proposed in this bounded pass	Pilih segi empat tepat	23	Seleksi persegi panjang	retained after text comparison; no further change proposed in this bounded pass	Seleksi persegi panjang
ui_redo	Paintroid/src/main/res/values/strings.xml	Redo	11	Buat semula	retained after text comparison; no further change proposed in this bounded pass	Buat semula	6	Ulangi	retained after text comparison; no further change proposed in this bounded pass	Ulangi
ui_remove	Paintroid/src/main/res/values/strings.xml	Remove	5	Buang	retained after text comparison; no further change proposed in this bounded pass	Buang	5	Hapus	retained after text comparison; no further change proposed in this bounded pass	Hapus
ui_remove_palette23	Paintroid/src/main/res/values/strings.xml	Remove from palette	20	Buang daripada palet	retained after text comparison; no further change proposed in this bounded pass	Buang daripada palet	16	Hapus dari palet	retained after text comparison; no further change proposed in this bounded pass	Hapus dari palet
ui_rendering_images	Paintroid/src/main/res/values/strings.xml	Rendering %1$s / %2$s images…	28	Memaparkan %1$s / %2$s imej…	retained after text comparison; no further change proposed in this bounded pass	Memaparkan %1$s / %2$s imej…	28	Merender %1$s / %2$s gambar…	retained after text comparison; no further change proposed in this bounded pass	Merender %1$s / %2$s gambar…
ui_replace_palette23	Paintroid/src/main/res/values/strings.xml	Palette full — choose a color to replace	39	Palet penuh — pilih warna untuk diganti	retained after text comparison; no further change proposed in this bounded pass	Palet penuh — pilih warna untuk diganti	39	Palet penuh — pilih warna untuk diganti	retained after text comparison; no further change proposed in this bounded pass	Palet penuh — pilih warna untuk diganti
ui_replace_with_active23	Paintroid/src/main/res/values/strings.xml	Replace with active color	24	Ganti dengan warna aktif	retained after text comparison; no further change proposed in this bounded pass	Ganti dengan warna aktif	24	Ganti dengan warna aktif	retained after text comparison; no further change proposed in this bounded pass	Ganti dengan warna aktif
ui_reset_bw23	Paintroid/src/main/res/values/strings.xml	Black / white	13	Hitam / putih	retained after text comparison; no further change proposed in this bounded pass	Hitam / putih	13	Hitam / putih	retained after text comparison; no further change proposed in this bounded pass	Hitam / putih
ui_reset_crop	Paintroid/src/main/res/values/strings.xml	Reset crop	25	Tetapkan semula pangkasan	retained after text comparison; no further change proposed in this bounded pass	Tetapkan semula pangkasan	22	Atur ulang pemangkasan	retained after text comparison; no further change proposed in this bounded pass	Atur ulang pemangkasan
ui_reset_to_black_white	Paintroid/src/main/res/values/strings.xml	Reset to black / white	36	Tetapkan semula kepada hitam / putih	retained after text comparison; no further change proposed in this bounded pass	Tetapkan semula kepada hitam / putih	27	Atur ulang ke hitam / putih	retained after text comparison; no further change proposed in this bounded pass	Atur ulang ke hitam / putih
ui_resize_and_load	Paintroid/src/main/res/values/strings.xml	Resize and load	18	Ubah saiz dan buka	retained after text comparison; no further change proposed in this bounded pass	Ubah saiz dan buka	20	Ubah ukuran dan buka	retained after text comparison; no further change proposed in this bounded pass	Ubah ukuran dan buka
ui_resize_image	Paintroid/src/main/res/values/strings.xml	Resize image…	15	Ubah saiz imej…	retained after text comparison; no further change proposed in this bounded pass	Ubah saiz imej…	19	Ubah ukuran gambar…	retained after text comparison; no further change proposed in this bounded pass	Ubah ukuran gambar…
ui_resize_image_ab28be	Paintroid/src/main/res/values/strings.xml	Resize image	14	Ubah saiz imej	retained after text comparison; no further change proposed in this bounded pass	Ubah saiz imej	18	Ubah ukuran gambar	retained after text comparison; no further change proposed in this bounded pass	Ubah ukuran gambar
ui_resize_large_image	Paintroid/src/main/res/values/strings.xml	Resize large image?	21	Ubah saiz imej besar?	retained after text comparison; no further change proposed in this bounded pass	Ubah saiz imej besar?	25	Ubah ukuran gambar besar?	retained after text comparison; no further change proposed in this bounded pass	Ubah ukuran gambar besar?
ui_resize_the_copy	Paintroid/src/main/res/values/strings.xml	Resize the copy	17	Ubah saiz salinan	retained after text comparison; no further change proposed in this bounded pass	Ubah saiz salinan	19	Ubah ukuran salinan	retained after text comparison; no further change proposed in this bounded pass	Ubah ukuran salinan
ui_restore_original_sizes	Paintroid/src/main/res/values/strings.xml	Restore original sizes	18	Pulihkan saiz asal	retained after text comparison; no further change proposed in this bounded pass	Pulihkan saiz asal	20	Pulihkan ukuran asli	retained after text comparison; no further change proposed in this bounded pass	Pulihkan ukuran asli
ui_right	Paintroid/src/main/res/values/strings.xml	Right	5	Kanan	retained after text comparison; no further change proposed in this bounded pass	Kanan	5	Kanan	retained after text comparison; no further change proposed in this bounded pass	Kanan
ui_right_aligned	Paintroid/src/main/res/values/strings.xml	Right aligned	13	Sejajar kanan	retained after text comparison; no further change proposed in this bounded pass	Sejajar kanan	10	Rata kanan	retained after text comparison; no further change proposed in this bounded pass	Rata kanan
ui_right_arrow_expand	Paintroid/src/main/res/values/strings.xml	Right arrow: expand	28	Anak panah kanan: kembangkan	retained after text comparison; no further change proposed in this bounded pass	Anak panah kanan: kembangkan	20	Panah kanan: luaskan	retained after text comparison; no further change proposed in this bounded pass	Panah kanan: luaskan
ui_rotate	Paintroid/src/main/res/values/strings.xml	Rotate	5	Putar	retained after text comparison; no further change proposed in this bounded pass	Putar	5	Putar	retained after text comparison; no further change proposed in this bounded pass	Putar
ui_rotate_180	Paintroid/src/main/res/values/strings.xml	Rotate 180°	10	Putar 180°	retained after text comparison; no further change proposed in this bounded pass	Putar 180°	10	Putar 180°	retained after text comparison; no further change proposed in this bounded pass	Putar 180°
ui_rotate_90_clockwise	Paintroid/src/main/res/values/strings.xml	Rotate 90° clockwise	27	Putar 90° mengikut arah jam	retained after text comparison; no further change proposed in this bounded pass	Putar 90° mengikut arah jam	26	Putar 90° searah jarum jam	retained after text comparison; no further change proposed in this bounded pass	Putar 90° searah jarum jam
ui_round	Paintroid/src/main/res/values/strings.xml	Round	5	Bulat	retained after text comparison; no further change proposed in this bounded pass	Bulat	5	Bulat	retained after text comparison; no further change proposed in this bounded pass	Bulat
ui_rounded_rectangle	Paintroid/src/main/res/values/strings.xml	Rounded rectangle	30	Segi empat tepat berbucu bulat	retained after text comparison; no further change proposed in this bounded pass	Segi empat tepat berbucu bulat	30	Persegi panjang bersudut bulat	retained after text comparison; no further change proposed in this bounded pass	Persegi panjang bersudut bulat
ui_same	Paintroid/src/main/res/values/strings.xml	Same %1$s	9	%1$s sama	retained after text comparison; no further change proposed in this bounded pass	%1$s sama	9	%1$s sama	retained after text comparison; no further change proposed in this bounded pass	%1$s sama
ui_same_height	Paintroid/src/main/res/values/strings.xml	Same height	11	Tinggi sama	retained after text comparison; no further change proposed in this bounded pass	Tinggi sama	11	Tinggi sama	retained after text comparison; no further change proposed in this bounded pass	Tinggi sama
ui_same_width	Paintroid/src/main/res/values/strings.xml	Same width	10	Lebar sama	retained after text comparison; no further change proposed in this bounded pass	Lebar sama	10	Lebar sama	retained after text comparison; no further change proposed in this bounded pass	Lebar sama
ui_sans_condensed	Paintroid/src/main/res/values/strings.xml	Sans condensed	11	Sans mampat	retained after text comparison; no further change proposed in this bounded pass	Sans mampat	11	Sans sempit	retained after text comparison; no further change proposed in this bounded pass	Sans sempit
ui_sans_light	Paintroid/src/main/res/values/strings.xml	Sans light	11	Sans ringan	retained after text comparison; no further change proposed in this bounded pass	Sans ringan	11	Sans ringan	retained after text comparison; no further change proposed in this bounded pass	Sans ringan
ui_sans_medium	Paintroid/src/main/res/values/strings.xml	Sans medium	14	Sans sederhana	retained after text comparison; no further change proposed in this bounded pass	Sans sederhana	11	Sans sedang	retained after text comparison; no further change proposed in this bounded pass	Sans sedang
ui_sans_serif	Paintroid/src/main/res/values/strings.xml	Sans serif	10	Sans Serif	retained after text comparison; no further change proposed in this bounded pass	Sans Serif	10	Sans serif	retained after text comparison; no further change proposed in this bounded pass	Sans serif
ui_sans_thin	Paintroid/src/main/res/values/strings.xml	Sans thin	10	Sans nipis	retained after text comparison; no further change proposed in this bounded pass	Sans nipis	10	Sans tipis	retained after text comparison; no further change proposed in this bounded pass	Sans tipis
ui_save	Paintroid/src/main/res/values/strings.xml	Save	6	Simpan	retained after text comparison; no further change proposed in this bounded pass	Simpan	6	Simpan	retained after text comparison; no further change proposed in this bounded pass	Simpan
ui_save_a5d0d9	Paintroid/src/main/res/values/strings.xml	Save…	15	@string/ui_save	alias inspected; target is a separate resource, not counted as short rendered prose	@string/ui_save	15	@string/ui_save	alias inspected; target is a separate resource, not counted as short rendered prose	@string/ui_save
ui_save_and_share	Paintroid/src/main/res/values/strings.xml	Save and share…	18	Simpan dan kongsi…	retained after text comparison; no further change proposed in this bounded pass	Simpan dan kongsi…	19	Simpan dan bagikan…	retained after text comparison; no further change proposed in this bounded pass	Simpan dan bagikan…
ui_save_and_share_41edb4	Paintroid/src/main/res/values/strings.xml	Save and share	17	Simpan dan kongsi	retained after text comparison; no further change proposed in this bounded pass	Simpan dan kongsi	18	Simpan dan bagikan	retained after text comparison; no further change proposed in this bounded pass	Simpan dan bagikan
ui_save_as	Paintroid/src/main/res/values/strings.xml	Save as %1$s	19	Simpan sebagai %1$s	retained after text comparison; no further change proposed in this bounded pass	Simpan sebagai %1$s	19	Simpan sebagai %1$s	retained after text comparison; no further change proposed in this bounded pass	Simpan sebagai %1$s
ui_save_as_avif	Paintroid/src/main/res/values/strings.xml	Save as AVIF…	20	Simpan sebagai AVIF…	retained after text comparison; no further change proposed in this bounded pass	Simpan sebagai AVIF…	20	Simpan sebagai AVIF…	retained after text comparison; no further change proposed in this bounded pass	Simpan sebagai AVIF…
ui_save_as_heic	Paintroid/src/main/res/values/strings.xml	Save as HEIC…	20	Simpan sebagai HEIC…	retained after text comparison; no further change proposed in this bounded pass	Simpan sebagai HEIC…	20	Simpan sebagai HEIC…	retained after text comparison; no further change proposed in this bounded pass	Simpan sebagai HEIC…
ui_save_as_jpeg	Paintroid/src/main/res/values/strings.xml	Save as JPEG…	20	Simpan sebagai JPEG…	retained after text comparison; no further change proposed in this bounded pass	Simpan sebagai JPEG…	20	Simpan sebagai JPEG…	retained after text comparison; no further change proposed in this bounded pass	Simpan sebagai JPEG…
ui_save_as_jpeg_xl	Paintroid/src/main/res/values/strings.xml	Save as JPEG XL…	23	Simpan sebagai JPEG XL…	retained after text comparison; no further change proposed in this bounded pass	Simpan sebagai JPEG XL…	23	Simpan sebagai JPEG XL…	retained after text comparison; no further change proposed in this bounded pass	Simpan sebagai JPEG XL…
ui_save_as_png	Paintroid/src/main/res/values/strings.xml	Save as PNG…	19	Simpan sebagai PNG…	retained after text comparison; no further change proposed in this bounded pass	Simpan sebagai PNG…	19	Simpan sebagai PNG…	retained after text comparison; no further change proposed in this bounded pass	Simpan sebagai PNG…
ui_save_as_webp	Paintroid/src/main/res/values/strings.xml	Save as WebP…	20	Simpan sebagai WebP…	retained after text comparison; no further change proposed in this bounded pass	Simpan sebagai WebP…	20	Simpan sebagai WebP…	retained after text comparison; no further change proposed in this bounded pass	Simpan sebagai WebP…
ui_save_png	Paintroid/src/main/res/values/strings.xml	Save PNG	10	Simpan PNG	retained after text comparison; no further change proposed in this bounded pass	Simpan PNG	10	Simpan PNG	retained after text comparison; no further change proposed in this bounded pass	Simpan PNG
ui_save_your_changes	Paintroid/src/main/res/values/strings.xml	Save your changes?	17	Simpan perubahan?	retained after text comparison; no further change proposed in this bounded pass	Simpan perubahan?	17	Simpan perubahan?	retained after text comparison; no further change proposed in this bounded pass	Simpan perubahan?
ui_saved	Paintroid/src/main/res/values/strings.xml	Saved %1$s	13	%1$s disimpan	retained after text comparison; no further change proposed in this bounded pass	%1$s disimpan	13	%1$s disimpan	retained after text comparison; no further change proposed in this bounded pass	%1$s disimpan
ui_saved_palette23	Paintroid/src/main/res/values/strings.xml	Saved palette	14	Palet disimpan	retained after text comparison; no further change proposed in this bounded pass	Palet disimpan	14	Palet disimpan	retained after text comparison; no further change proposed in this bounded pass	Palet disimpan
ui_scales_the_image_unlock_the_ratio_to_stretch	Paintroid/src/main/res/values/strings.xml	Scales the image. Unlock the ratio to stretch width and height independently.	89	Menskalakan imej. Buka kunci nisbah untuk meregangkan lebar dan tinggi secara berasingan.	retained after text comparison; no further change proposed in this bounded pass	Menskalakan imej. Buka kunci nisbah untuk meregangkan lebar dan tinggi secara berasingan.	90	Ubah skala gambar. Buka kunci proporsi untuk meregangkan lebar dan tinggi secara terpisah.	retained after text comparison; no further change proposed in this bounded pass	Ubah skala gambar. Buka kunci proporsi untuk meregangkan lebar dan tinggi secara terpisah.
ui_search34	Paintroid/src/main/res/values/editor34_strings.xml	Search	4	Cari	retained after text comparison; no further change proposed in this bounded pass	Cari	4	Cari	retained after text comparison; no further change proposed in this bounded pass	Cari
ui_search_english34	Paintroid/src/main/res/values/editor34_strings.xml	Search in English or Japanese	37	Cari dalam bahasa Inggeris atau Jepun	retained after text comparison; no further change proposed in this bounded pass	Cari dalam bahasa Inggeris atau Jepun	37	Cari dalam bahasa Inggris atau Jepang	retained after text comparison; no further change proposed in this bounded pass	Cari dalam bahasa Inggris atau Jepang
ui_select_all	Paintroid/src/main/res/values/strings.xml	Select all	11	Pilih semua	retained after text comparison; no further change proposed in this bounded pass	Pilih semua	11	Pilih semua	retained after text comparison; no further change proposed in this bounded pass	Pilih semua
ui_select_an_area	Paintroid/src/main/res/values/strings.xml	Select an area	18	Pilih satu kawasan	retained after text comparison; no further change proposed in this bounded pass	Pilih satu kawasan	16	Pilih suatu area	retained after text comparison; no further change proposed in this bounded pass	Pilih suatu area
ui_select_an_area_first	Paintroid/src/main/res/values/strings.xml	Select an area first.	26	Pilih satu kawasan dahulu.	retained after text comparison; no further change proposed in this bounded pass	Pilih satu kawasan dahulu.	33	Pilih suatu area terlebih dahulu.	retained after text comparison; no further change proposed in this bounded pass	Pilih suatu area terlebih dahulu.
ui_selected_colour23	Paintroid/src/main/res/values/strings.xml	Selected color	13	Warna dipilih	retained after text comparison; no further change proposed in this bounded pass	Warna dipilih	13	Warna dipilih	retained after text comparison; no further change proposed in this bounded pass	Warna dipilih
ui_selection_dimensions_are_too_large	Paintroid/src/main/res/values/strings.xml	Selection dimensions are too large.	30	Dimensi pilihan terlalu besar.	retained after text comparison; no further change proposed in this bounded pass	Dimensi pilihan terlalu besar.	30	Dimensi seleksi terlalu besar.	retained after text comparison; no further change proposed in this bounded pass	Dimensi seleksi terlalu besar.
ui_serif	Paintroid/src/main/res/values/strings.xml	Serif	5	Serif	retained after text comparison; no further change proposed in this bounded pass	Serif	5	Serif	retained after text comparison; no further change proposed in this bounded pass	Serif
ui_share_saved_image	Paintroid/src/main/res/values/strings.xml	Share saved image	25	Kongsi imej yang disimpan	retained after text comparison; no further change proposed in this bounded pass	Kongsi imej yang disimpan	28	Bagikan gambar yang disimpan	retained after text comparison; no further change proposed in this bounded pass	Bagikan gambar yang disimpan
ui_show_all	Paintroid/src/main/res/values/strings.xml	Show all	12	Tunjuk semua	retained after text comparison; no further change proposed in this bounded pass	Tunjuk semua	15	Tampilkan semua	retained after text comparison; no further change proposed in this bounded pass	Tampilkan semua
ui_show_controls	Paintroid/src/main/res/values/strings.xml	Show controls	14	Tunjuk kawalan	retained after text comparison; no further change proposed in this bounded pass	Tunjuk kawalan	17	Tampilkan kontrol	retained after text comparison; no further change proposed in this bounded pass	Tampilkan kontrol
ui_show_editor_controls	Paintroid/src/main/res/values/strings.xml	Show editor controls	27	Tunjuk kawalan penyuntingan	retained after text comparison; no further change proposed in this bounded pass	Tunjuk kawalan penyuntingan	24	Tampilkan kontrol editor	retained after text comparison; no further change proposed in this bounded pass	Tampilkan kontrol editor
ui_show_magnified_drawing_preview	Paintroid/src/main/res/values/strings.xml	Show magnified drawing preview	35	Tunjuk pratonton lukisan diperbesar	retained after text comparison; no further change proposed in this bounded pass	Tunjuk pratonton lukisan diperbesar	42	Tampilkan pratinjau gambar yang diperbesar	retained after text comparison; no further change proposed in this bounded pass	Tampilkan pratinjau gambar yang diperbesar
ui_show_pixel_grid_800	Paintroid/src/main/res/values/strings.xml	Show pixel grid (800%+)	33	Tunjuk grid piksel (800% ke atas)	retained after text comparison; no further change proposed in this bounded pass	Tunjuk grid piksel (800% ke atas)	36	Tampilkan kisi piksel (800% ke atas)	retained after text comparison; no further change proposed in this bounded pass	Tampilkan kisi piksel (800% ke atas)
ui_shows_the_whole_assembly_image_and_output_sizes	Paintroid/src/main/res/values/strings.xml	Shows the whole assembly. Image and output sizes stay unchanged.	71	Menunjukkan seluruh gabungan. Saiz imej dan output kekal tidak berubah.	retained after text comparison; no further change proposed in this bounded pass	Menunjukkan seluruh gabungan. Saiz imej dan output kekal tidak berubah.	66	Tampilkan seluruh gabungan. Ukuran gambar dan hasil tidak berubah.	retained after text comparison; no further change proposed in this bounded pass	Tampilkan seluruh gabungan. Ukuran gambar dan hasil tidak berubah.
ui_silver	Paintroid/src/main/res/values/strings.xml	Silver	5	Perak	retained after text comparison; no further change proposed in this bounded pass	Perak	5	Perak	retained after text comparison; no further change proposed in this bounded pass	Perak
ui_size_pixels	Paintroid/src/main/res/values/strings.xml	Size (pixels)	13	Saiz (piksel)	retained after text comparison; no further change proposed in this bounded pass	Saiz (piksel)	15	Ukuran (piksel)	retained after text comparison; no further change proposed in this bounded pass	Ukuran (piksel)
ui_size_px	Paintroid/src/main/res/values/strings.xml	Size (px)	9	Saiz (px)	retained after text comparison; no further change proposed in this bounded pass	Saiz (px)	11	Ukuran (px)	retained after text comparison; no further change proposed in this bounded pass	Ukuran (px)
ui_smallest	Paintroid/src/main/res/values/strings.xml	Smallest	8	Terkecil	retained after text comparison; no further change proposed in this bounded pass	Terkecil	8	Terkecil	retained after text comparison; no further change proposed in this bounded pass	Terkecil
ui_smooth_freehand_strokes	Paintroid/src/main/res/values/strings.xml	Smooth freehand strokes	21	Licinkan sapuan bebas	retained after text comparison; no further change proposed in this bounded pass	Licinkan sapuan bebas	22	Haluskan goresan bebas	retained after text comparison; no further change proposed in this bounded pass	Haluskan goresan bebas
ui_smooth_pixel_edges_anti_aliasing	Paintroid/src/main/res/values/strings.xml	Smooth pixel edges (anti-aliasing)	32	Licinkan tepi piksel (antialias)	retained after text comparison; no further change proposed in this bounded pass	Licinkan tepi piksel (antialias)	35	Haluskan tepi piksel (antialiasing)	retained after text comparison; no further change proposed in this bounded pass	Haluskan tepi piksel (antialiasing)
ui_solid_fill	Paintroid/src/main/res/values/strings.xml	Solid fill	9	Isi penuh	retained after text comparison; no further change proposed in this bounded pass	Isi penuh	9	Isi penuh	retained after text comparison; no further change proposed in this bounded pass	Isi penuh
ui_sort_images_by_filename_or_modification_time	Paintroid/src/main/res/values/strings.xml	Sort images by filename or modification time	53	Isih imej mengikut nama fail atau masa pengubahsuaian	retained after text comparison; no further change proposed in this bounded pass	Isih imej mengikut nama fail atau masa pengubahsuaian	55	Urutkan gambar menurut nama berkas atau waktu perubahan	retained after text comparison; no further change proposed in this bounded pass	Urutkan gambar menurut nama berkas atau waktu perubahan
ui_sort_tray	Paintroid/src/main/res/values/strings.xml	Sort tray	11	Isih dulang	retained after text comparison; no further change proposed in this bounded pass	Isih dulang	12	Urutkan baki	retained after text comparison; no further change proposed in this bounded pass	Urutkan baki
ui_source_code_exported_including_build_scripts_and_licence	Paintroid/src/main/res/values/strings.xml	Source code exported, including build scripts and licence notices.	60	Kod sumber dieksport, termasuk skrip binaan dan notis lesen.	retained after text comparison; no further change proposed in this bounded pass	Kod sumber dieksport, termasuk skrip binaan dan notis lesen.	69	Kode sumber diekspor, termasuk skrip build dan pemberitahuan lisensi.	retained after text comparison; no further change proposed in this bounded pass	Kode sumber diekspor, termasuk skrip build dan pemberitahuan lisensi.
ui_spectrum	Paintroid/src/main/res/values/strings.xml	Spectrum	8	Spektrum	retained after text comparison; no further change proposed in this bounded pass	Spektrum	8	Spektrum	retained after text comparison; no further change proposed in this bounded pass	Spektrum
ui_spray_radius_px	Paintroid/src/main/res/values/strings.xml	Spray radius (px)	20	Jejari semburan (px)	retained after text comparison; no further change proposed in this bounded pass	Jejari semburan (px)	21	Radius semprotan (px)	retained after text comparison; no further change proposed in this bounded pass	Radius semprotan (px)
ui_square	Paintroid/src/main/res/values/strings.xml	Square	15	Segi empat sama	retained after text comparison; no further change proposed in this bounded pass	Segi empat sama	7	Persegi	retained after text comparison; no further change proposed in this bounded pass	Persegi
ui_star	Paintroid/src/main/res/values/strings.xml	Star	7	Bintang	retained after text comparison; no further change proposed in this bounded pass	Bintang	7	Bintang	retained after text comparison; no further change proposed in this bounded pass	Bintang
ui_strength	Paintroid/src/main/res/values/strings.xml	Strength (%)	12	Kekuatan (%)	retained after text comparison; no further change proposed in this bounded pass	Kekuatan (%)	12	Kekuatan (%)	retained after text comparison; no further change proposed in this bounded pass	Kekuatan (%)
ui_strikethrough	Paintroid/src/main/res/values/strings.xml	Strikethrough	12	Coret tengah	retained after text comparison; no further change proposed in this bounded pass	Coret tengah	12	Coret tengah	retained after text comparison; no further change proposed in this bounded pass	Coret tengah
ui_swap23	Paintroid/src/main/res/values/strings.xml	Swap colors	11	Tukar warna	retained after text comparison; no further change proposed in this bounded pass	Tukar warna	11	Tukar warna	retained after text comparison; no further change proposed in this bounded pass	Tukar warna
ui_swap_foreground_background	Paintroid/src/main/res/values/strings.xml	Swap foreground / background	27	Tukar warna hadapan / latar	retained after text comparison; no further change proposed in this bounded pass	Tukar warna hadapan / latar	40	Tukar warna latar depan / latar belakang	retained after text comparison; no further change proposed in this bounded pass	Tukar warna latar depan / latar belakang
ui_tap_a_pixel	Paintroid/src/main/res/values/strings.xml	Tap a pixel	17	Ketik satu piksel	retained after text comparison; no further change proposed in this bounded pass	Ketik satu piksel	17	Ketuk satu piksel	retained after text comparison; no further change proposed in this bounded pass	Ketuk satu piksel
ui_tap_an_enclosed_area_adjust_tolerance_for_similar	Paintroid/src/main/res/values/strings.xml	Tap an enclosed area. Adjust tolerance for similar colours.	67	Ketik kawasan tertutup. Laraskan toleransi untuk warna yang serupa.	retained after text comparison; no further change proposed in this bounded pass	Ketik kawasan tertutup. Laraskan toleransi untuk warna yang serupa.	64	Ketuk area tertutup. Sesuaikan toleransi untuk warna yang mirip.	retained after text comparison; no further change proposed in this bounded pass	Ketuk area tertutup. Sesuaikan toleransi untuk warna yang mirip.
ui_tap_an_image_first	Paintroid/src/main/res/values/strings.xml	Tap an image first.	18	Ketik imej dahulu.	retained after text comparison; no further change proposed in this bounded pass	Ketik imej dahulu.	29	Ketuk gambar terlebih dahulu.	retained after text comparison; no further change proposed in this bounded pass	Ketuk gambar terlebih dahulu.
ui_tap_an_image_thumbnail_first	Paintroid/src/main/res/values/strings.xml	Tap an image thumbnail first.	32	Ketik lakaran kecil imej dahulu.	retained after text comparison; no further change proposed in this bounded pass	Ketik lakaran kecil imej dahulu.	34	Ketuk gambar mini terlebih dahulu.	retained after text comparison; no further change proposed in this bounded pass	Ketuk gambar mini terlebih dahulu.
ui_tap_canvas_to_type	Paintroid/src/main/res/values/strings.xml	Tap canvas\nto type	26	Ketik kanvas\nuntuk menaip	retained after text comparison; no further change proposed in this bounded pass	Ketik kanvas\nuntuk menaip	28	Ketuk kanvas\nuntuk mengetik	retained after text comparison; no further change proposed in this bounded pass	Ketuk kanvas\nuntuk mengetik
ui_tap_the_canvas_to_place_text_and_choose	Paintroid/src/main/res/values/strings.xml	Tap the canvas to place text and choose its font and size.	63	Ketik kanvas untuk meletakkan teks dan pilih fon serta saiznya.	retained after text comparison; no further change proposed in this bounded pass	Ketik kanvas untuk meletakkan teks dan pilih fon serta saiznya.	67	Ketuk kanvas untuk menempatkan teks, lalu pilih font dan ukurannya.	retained after text comparison; no further change proposed in this bounded pass	Ketuk kanvas untuk menempatkan teks, lalu pilih font dan ukurannya.
ui_tap_the_image_to_sample_the_foreground_colour	Paintroid/src/main/res/values/strings.xml	Tap the image to sample the foreground colour.	48	Ketik imej untuk mengambil sampel warna hadapan.	retained after text comparison; no further change proposed in this bounded pass	Ketik imej untuk mengambil sampel warna hadapan.	54	Ketuk gambar untuk mengambil sampel warna latar depan.	retained after text comparison; no further change proposed in this bounded pass	Ketuk gambar untuk mengambil sampel warna latar depan.
ui_tap_to_type_a_number	Paintroid/src/main/res/values/strings.xml	%1$s: %2$s. Tap to type a number.	38	%1$s: %2$s. Ketik untuk menaip nombor.	retained after text comparison; no further change proposed in this bounded pass	%1$s: %2$s. Ketik untuk menaip nombor.	41	%1$s: %2$s. Ketuk untuk memasukkan angka.	retained after text comparison; no further change proposed in this bounded pass	%1$s: %2$s. Ketuk untuk memasukkan angka.
ui_text	Paintroid/src/main/res/values/strings.xml	Text	4	Teks	retained after text comparison; no further change proposed in this bounded pass	Teks	4	Teks	retained after text comparison; no further change proposed in this bounded pass	Teks
ui_text_alignment	Paintroid/src/main/res/values/strings.xml	Text alignment	15	Penjajaran teks	retained after text comparison; no further change proposed in this bounded pass	Penjajaran teks	13	Perataan teks	retained after text comparison; no further change proposed in this bounded pass	Perataan teks
ui_text_direction23	Paintroid/src/main/res/values/strings.xml	Text direction	9	Arah teks	retained after text comparison; no further change proposed in this bounded pass	Arah teks	9	Arah teks	retained after text comparison; no further change proposed in this bounded pass	Arah teks
ui_the_assembly_exceeds_android_s_coordinate_range	Paintroid/src/main/res/values/strings.xml	The assembly exceeds Android\'s coordinate range.	42	Gabungan melebihi julat koordinat Android.	retained after text comparison; no further change proposed in this bounded pass	Gabungan melebihi julat koordinat Android.	44	Gabungan melebihi rentang koordinat Android.	retained after text comparison; no further change proposed in this bounded pass	Gabungan melebihi rentang koordinat Android.
ui_the_assembly_needs_about_choose_a_smaller_output	Paintroid/src/main/res/values/strings.xml	The assembly needs about %1$s. Choose a smaller output size.	71	Gabungan memerlukan kira-kira %1$s. Pilih saiz output yang lebih kecil.	retained after text comparison; no further change proposed in this bounded pass	Gabungan memerlukan kira-kira %1$s. Pilih saiz output yang lebih kecil.	71	Gabungan membutuhkan sekitar %1$s. Pilih ukuran hasil yang lebih kecil.	retained after text comparison; no further change proposed in this bounded pass	Gabungan membutuhkan sekitar %1$s. Pilih ukuran hasil yang lebih kecil.
ui_the_assembly_output_is_unavailable_reopen_image_assembly	Paintroid/src/main/res/values/strings.xml	The assembly output is unavailable. Reopen Image assembly and try again.	72	Output gabungan tidak tersedia. Buka semula Gabungan imej dan cuba lagi.	corrected: Names actual Gabungkan imej control	Output gabungan tidak tersedia. Buka semula Gabungkan imej dan cuba lagi.	77	Hasil gabungan tidak tersedia. Buka kembali Gabungkan gambar, lalu coba lagi.	retained after text comparison; no further change proposed in this bounded pass	Hasil gabungan tidak tersedia. Buka kembali Gabungkan gambar, lalu coba lagi.
ui_the_attachment_image_is_missing	Paintroid/src/main/res/values/strings.xml	The attachment image is missing.	20	Imej cantuman tiada.	retained after text comparison; no further change proposed in this bounded pass	Imej cantuman tiada.	33	Gambar sambungan tidak ditemukan.	retained after text comparison; no further change proposed in this bounded pass	Gambar sambungan tidak ditemukan.
ui_the_attachment_image_is_not_placed	Paintroid/src/main/res/values/strings.xml	The attachment image is not placed.	32	Imej cantuman belum ditempatkan.	retained after text comparison; no further change proposed in this bounded pass	Imej cantuman belum ditempatkan.	35	Gambar sambungan belum ditempatkan.	retained after text comparison; no further change proposed in this bounded pass	Gambar sambungan belum ditempatkan.
ui_the_crop_must_contain_at_least_one_pixel	Paintroid/src/main/res/values/strings.xml	The crop must contain at least one pixel.	59	Pangkasan mesti mengandungi sekurang-kurangnya satu piksel.	retained after text comparison; no further change proposed in this bounded pass	Pangkasan mesti mengandungi sekurang-kurangnya satu piksel.	53	Area pemangkasan harus memuat setidaknya satu piksel.	retained after text comparison; no further change proposed in this bounded pass	Area pemangkasan harus memuat setidaknya satu piksel.
ui_the_crop_must_stay_inside_the_image	Paintroid/src/main/res/values/strings.xml	The crop must stay inside the image.	33	Pangkasan mesti kekal dalam imej.	retained after text comparison; no further change proposed in this bounded pass	Pangkasan mesti kekal dalam imej.	46	Area pemangkasan harus berada di dalam gambar.	retained after text comparison; no further change proposed in this bounded pass	Area pemangkasan harus berada di dalam gambar.
ui_the_draft_is_saving_try_again_shortly	Paintroid/src/main/res/values/strings.xml	The draft is saving. Try again shortly.	46	Draf sedang disimpan. Cuba lagi sebentar lagi.	retained after text comparison; no further change proposed in this bounded pass	Draf sedang disimpan. Cuba lagi sebentar lagi.	46	Draf sedang disimpan. Coba lagi sebentar lagi.	retained after text comparison; no further change proposed in this bounded pass	Draf sedang disimpan. Coba lagi sebentar lagi.
ui_the_encoder_did_not_finish	Paintroid/src/main/res/values/strings.xml	The encoder did not finish.	23	Pengekod tidak selesai.	retained after text comparison; no further change proposed in this bounded pass	Pengekod tidak selesai.	22	Enkoder tidak selesai.	retained after text comparison; no further change proposed in this bounded pass	Enkoder tidak selesai.
ui_the_first_image_starts_at_the_top_left	Paintroid/src/main/res/values/strings.xml	The first image starts at the top left.	34	Imej pertama bermula di kiri atas.	retained after text comparison; no further change proposed in this bounded pass	Imej pertama bermula di kiri atas.	38	Gambar pertama dimulai dari kiri atas.	retained after text comparison; no further change proposed in this bounded pass	Gambar pertama dimulai dari kiri atas.
ui_the_gallery_download_is_too_large	Paintroid/src/main/res/values/strings.xml	The gallery download is too large.	32	Muat turun galeri terlalu besar.	retained after text comparison; no further change proposed in this bounded pass	Muat turun galeri terlalu besar.	29	Unduhan galeri terlalu besar.	retained after text comparison; no further change proposed in this bounded pass	Unduhan galeri terlalu besar.
ui_the_gallery_image_is_unavailable	Paintroid/src/main/res/values/strings.xml	The gallery image is unavailable.	27	Imej galeri tidak tersedia.	retained after text comparison; no further change proposed in this bounded pass	Imej galeri tidak tersedia.	29	Gambar galeri tidak tersedia.	retained after text comparison; no further change proposed in this bounded pass	Gambar galeri tidak tersedia.
ui_the_gallery_redirected_outside_its_supported_hosts	Paintroid/src/main/res/values/strings.xml	The gallery redirected outside its supported hosts.	47	Galeri mengubah hala ke luar hos yang disokong.	retained after text comparison; no further change proposed in this bounded pass	Galeri mengubah hala ke luar hos yang disokong.	46	Galeri mengalihkan ke luar host yang didukung.	retained after text comparison; no further change proposed in this bounded pass	Galeri mengalihkan ke luar host yang didukung.
ui_the_image_could_not_be_downloaded	Paintroid/src/main/res/values/strings.xml	The image could not be downloaded.	30	Imej tidak dapat dimuat turun.	retained after text comparison; no further change proposed in this bounded pass	Imej tidak dapat dimuat turun.	27	Gambar tidak dapat diunduh.	retained after text comparison; no further change proposed in this bounded pass	Gambar tidak dapat diunduh.
ui_the_image_was_saved_but_android_could_not	Paintroid/src/main/res/values/strings.xml	The image was saved, but Android could not open sharing: %1$s	73	Imej telah disimpan, tetapi Android tidak dapat membuka perkongsian: %1$s	retained after text comparison; no further change proposed in this bounded pass	Imej telah disimpan, tetapi Android tidak dapat membuka perkongsian: %1$s	76	Gambar telah disimpan, tetapi Android tidak dapat membuka menu berbagi: %1$s	retained after text comparison; no further change proposed in this bounded pass	Gambar telah disimpan, tetapi Android tidak dapat membuka menu berbagi: %1$s
ui_the_images_cannot_fit_within_android_s_coordinate	Paintroid/src/main/res/values/strings.xml	The images cannot fit within Android\'s coordinate range. Choose smaller image sizes.	91	Imej tidak dapat dimuatkan dalam julat koordinat Android. Pilih saiz imej yang lebih kecil.	retained after text comparison; no further change proposed in this bounded pass	Imej tidak dapat dimuatkan dalam julat koordinat Android. Pilih saiz imej yang lebih kecil.	88	Gambar tidak muat dalam rentang koordinat Android. Pilih ukuran gambar yang lebih kecil.	retained after text comparison; no further change proposed in this bounded pass	Gambar tidak muat dalam rentang koordinat Android. Pilih ukuran gambar yang lebih kecil.
ui_the_normalized_image_dimensions_are_outside_android_s	Paintroid/src/main/res/values/strings.xml	The normalized image dimensions are outside Android\'s range.	60	Dimensi imej yang diseragamkan berada di luar julat Android.	retained after text comparison; no further change proposed in this bounded pass	Dimensi imej yang diseragamkan berada di luar julat Android.	64	Dimensi gambar yang diseragamkan berada di luar rentang Android.	retained after text comparison; no further change proposed in this bounded pass	Dimensi gambar yang diseragamkan berada di luar rentang Android.
ui_the_online_gallery_could_not_be_loaded_check	Paintroid/src/main/res/values/strings.xml	The online gallery could not be loaded. Check your connection and try again.	78	Galeri dalam talian tidak dapat dimuatkan. Semak sambungan anda dan cuba lagi.	retained after text comparison; no further change proposed in this bounded pass	Galeri dalam talian tidak dapat dimuatkan. Semak sambungan anda dan cuba lagi.	71	Galeri daring tidak dapat dimuat. Periksa koneksi Anda, lalu coba lagi.	retained after text comparison; no further change proposed in this bounded pass	Galeri daring tidak dapat dimuat. Periksa koneksi Anda, lalu coba lagi.
ui_the_picker_returned_no_file_please_choose_the	Paintroid/src/main/res/values/strings.xml	The picker returned no file. Please choose the file again.	61	Pemilih tidak mengembalikan fail. Sila pilih fail itu semula.	retained after text comparison; no further change proposed in this bounded pass	Pemilih tidak mengembalikan fail. Sila pilih fail itu semula.	66	Pemilih tidak mengembalikan berkas. Pilih kembali berkas tersebut.	retained after text comparison; no further change proposed in this bounded pass	Pemilih tidak mengembalikan berkas. Pilih kembali berkas tersebut.
ui_the_picker_returned_no_files	Paintroid/src/main/res/values/strings.xml	The picker returned no files.	42	Pemilih tidak mengembalikan sebarang fail.	retained after text comparison; no further change proposed in this bounded pass	Pemilih tidak mengembalikan sebarang fail.	43	Pemilih tidak mengembalikan berkas apa pun.	retained after text comparison; no further change proposed in this bounded pass	Pemilih tidak mengembalikan berkas apa pun.
ui_the_previous_draft_could_not_be_moved_to	Paintroid/src/main/res/values/strings.xml	The previous draft could not be moved to a recovery copy.	61	Draf sebelumnya tidak dapat dipindahkan ke salinan pemulihan.	retained after text comparison; no further change proposed in this bounded pass	Draf sebelumnya tidak dapat dipindahkan ke salinan pemulihan.	61	Draf sebelumnya tidak dapat dipindahkan ke salinan pemulihan.	retained after text comparison; no further change proposed in this bounded pass	Draf sebelumnya tidak dapat dipindahkan ke salinan pemulihan.
ui_the_previous_draft_could_not_be_preserved_separately	Paintroid/src/main/res/values/strings.xml	The previous draft could not be preserved separately.	55	Draf sebelumnya tidak dapat disimpan secara berasingan.	retained after text comparison; no further change proposed in this bounded pass	Draf sebelumnya tidak dapat disimpan secara berasingan.	53	Draf sebelumnya tidak dapat disimpan secara terpisah.	retained after text comparison; no further change proposed in this bounded pass	Draf sebelumnya tidak dapat disimpan secara terpisah.
ui_the_previous_draft_could_not_be_restored	Paintroid/src/main/res/values/strings.xml	The previous draft could not be restored.	39	Draf sebelumnya tidak dapat dipulihkan.	retained after text comparison; no further change proposed in this bounded pass	Draf sebelumnya tidak dapat dipulihkan.	39	Draf sebelumnya tidak dapat dipulihkan.	retained after text comparison; no further change proposed in this bounded pass	Draf sebelumnya tidak dapat dipulihkan.
ui_the_previous_draft_needs_more_memory_to_reopen	Paintroid/src/main/res/values/strings.xml	The previous draft needs more memory to reopen.	67	Draf sebelumnya memerlukan lebih banyak memori untuk dibuka semula.	retained after text comparison; no further change proposed in this bounded pass	Draf sebelumnya memerlukan lebih banyak memori untuk dibuka semula.	69	Draf sebelumnya membutuhkan lebih banyak memori untuk dibuka kembali.	retained after text comparison; no further change proposed in this bounded pass	Draf sebelumnya membutuhkan lebih banyak memori untuk dibuka kembali.
ui_the_saved_assembly_could_not_be_opened	Paintroid/src/main/res/values/strings.xml	The saved assembly could not be opened: %1$s	47	Gabungan yang disimpan tidak dapat dibuka: %1$s	retained after text comparison; no further change proposed in this bounded pass	Gabungan yang disimpan tidak dapat dibuka: %1$s	47	Gabungan yang disimpan tidak dapat dibuka: %1$s	retained after text comparison; no further change proposed in this bounded pass	Gabungan yang disimpan tidak dapat dibuka: %1$s
ui_the_selected_location_is_not_writable	Paintroid/src/main/res/values/strings.xml	The selected location is not writable.	40	Lokasi yang dipilih tidak boleh ditulis.	retained after text comparison; no further change proposed in this bounded pass	Lokasi yang dipilih tidak boleh ditulis.	41	Lokasi yang dipilih tidak dapat ditulisi.	retained after text comparison; no further change proposed in this bounded pass	Lokasi yang dipilih tidak dapat ditulisi.
ui_the_selected_provider_did_not_return_any_image	Paintroid/src/main/res/values/strings.xml	The selected provider did not return any image data.	61	Penyedia yang dipilih tidak mengembalikan sebarang data imej.	retained after text comparison; no further change proposed in this bounded pass	Penyedia yang dipilih tidak mengembalikan sebarang data imej.	62	Penyedia yang dipilih tidak mengembalikan data gambar apa pun.	retained after text comparison; no further change proposed in this bounded pass	Penyedia yang dipilih tidak mengembalikan data gambar apa pun.
ui_the_trim_would_remove_the_entire_image	Paintroid/src/main/res/values/strings.xml	The trim would remove the entire image.	41	Pangkasan itu akan membuang seluruh imej.	retained after text comparison; no further change proposed in this bounded pass	Pangkasan itu akan membuang seluruh imej.	45	Pemangkasan itu akan membuang seluruh gambar.	retained after text comparison; no further change proposed in this bounded pass	Pemangkasan itu akan membuang seluruh gambar.
ui_the_undo_cache_is_damaged	Paintroid/src/main/res/values/strings.xml	The undo cache is damaged.	22	Cache buat asal rosak.	retained after text comparison; no further change proposed in this bounded pass	Cache buat asal rosak.	23	Cache pembatalan rusak.	retained after text comparison; no further change proposed in this bounded pass	Cache pembatalan rusak.
ui_there_is_not_enough_memory_for_this_operation	Paintroid/src/main/res/values/strings.xml	There is not enough memory for this operation at the original resolution. No automatic resizing was applied.	97	Memori tidak mencukupi untuk operasi ini pada resolusi asal. Tiada ubah saiz automatik digunakan.	retained after text comparison; no further change proposed in this bounded pass	Memori tidak mencukupi untuk operasi ini pada resolusi asal. Tiada ubah saiz automatik digunakan.	100	Memori tidak cukup untuk operasi ini pada resolusi asli. Ukuran gambar tidak diubah secara otomatis.	retained after text comparison; no further change proposed in this bounded pass	Memori tidak cukup untuk operasi ini pada resolusi asli. Ukuran gambar tidak diubah secara otomatis.
ui_third_party_notices	Paintroid/src/main/res/values/strings.xml	Third-party notices	18	Notis pihak ketiga	retained after text comparison; no further change proposed in this bounded pass	Notis pihak ketiga	26	Pemberitahuan pihak ketiga	retained after text comparison; no further change proposed in this bounded pass	Pemberitahuan pihak ketiga
ui_this_image_is_outside_the_supported_catrobat_gallery	Paintroid/src/main/res/values/strings.xml	This image is outside the supported Catrobat gallery.	54	Imej ini berada di luar galeri Catrobat yang disokong.	retained after text comparison; no further change proposed in this bounded pass	Imej ini berada di luar galeri Catrobat yang disokong.	56	Gambar ini berada di luar galeri Catrobat yang didukung.	retained after text comparison; no further change proposed in this bounded pass	Gambar ini berada di luar galeri Catrobat yang didukung.
ui_this_location_is_not_writable	Paintroid/src/main/res/values/strings.xml	This location is not writable.	31	Lokasi ini tidak boleh ditulis.	retained after text comparison; no further change proposed in this bounded pass	Lokasi ini tidak boleh ditulis.	32	Lokasi ini tidak dapat ditulisi.	retained after text comparison; no further change proposed in this bounded pass	Lokasi ini tidak dapat ditulisi.
ui_time_unavailable	Paintroid/src/main/res/values/strings.xml	Time unavailable	19	Masa tidak tersedia	retained after text comparison; no further change proposed in this bounded pass	Masa tidak tersedia	20	Waktu tidak tersedia	retained after text comparison; no further change proposed in this bounded pass	Waktu tidak tersedia
ui_toggle_toolbox	Paintroid/src/main/res/values/strings.xml	Toggle toolbox	24	Tukar keadaan kotak alat	retained after text comparison; no further change proposed in this bounded pass	Tukar keadaan kotak alat	32	Tampilkan/sembunyikan kotak alat	retained after text comparison; no further change proposed in this bounded pass	Tampilkan/sembunyikan kotak alat
ui_tolerance	Paintroid/src/main/res/values/strings.xml	Tolerance	9	Toleransi	retained after text comparison; no further change proposed in this bounded pass	Toleransi	9	Toleransi	retained after text comparison; no further change proposed in this bounded pass	Toleransi
ui_too_large_for_the_current_budget_reduce_the	Paintroid/src/main/res/values/strings.xml	Too large for the current budget. Reduce the dimensions or cancel and free memory.	82	Terlalu besar untuk had semasa. Kurangkan dimensi atau batal dan kosongkan memori.	retained after text comparison; no further change proposed in this bounded pass	Terlalu besar untuk had semasa. Kurangkan dimensi atau batal dan kosongkan memori.	87	Terlalu besar untuk batas saat ini. Kurangi dimensi atau batalkan dan kosongkan memori.	retained after text comparison; no further change proposed in this bounded pass	Terlalu besar untuk batas saat ini. Kurangi dimensi atau batalkan dan kosongkan memori.
ui_too_many_gallery_redirects	Paintroid/src/main/res/values/strings.xml	Too many gallery redirects.	32	Terlalu banyak ubah hala galeri.	retained after text comparison; no further change proposed in this bounded pass	Terlalu banyak ubah hala galeri.	33	Terlalu banyak pengalihan galeri.	retained after text comparison; no further change proposed in this bounded pass	Terlalu banyak pengalihan galeri.
ui_tool_categories	Paintroid/src/main/res/values/strings.xml	Tool categories. Scroll to see more tools	52	Kategori alat. Tatal untuk melihat lebih banyak alat	retained after text comparison; no further change proposed in this bounded pass	Kategori alat. Tatal untuk melihat lebih banyak alat	52	Kategori alat. Gulir untuk melihat lebih banyak alat	retained after text comparison; no further change proposed in this bounded pass	Kategori alat. Gulir untuk melihat lebih banyak alat
ui_tool_option	Paintroid/src/main/res/values/strings.xml	Tool option	12	Pilihan alat	retained after text comparison; no further change proposed in this bounded pass	Pilihan alat	9	Opsi alat	retained after text comparison; no further change proposed in this bounded pass	Opsi alat
ui_toolbox_and_tool_options_scroll_for_more	Paintroid/src/main/res/values/strings.xml	Toolbox and tool options. Scroll for more.	54	Kotak alat dan pilihan alat. Tatal untuk lebih banyak.	retained after text comparison; no further change proposed in this bounded pass	Kotak alat dan pilihan alat. Tatal untuk lebih banyak.	54	Kotak alat dan opsi alat. Gulir untuk melihat lainnya.	retained after text comparison; no further change proposed in this bounded pass	Kotak alat dan opsi alat. Gulir untuk melihat lainnya.
ui_top	Paintroid/src/main/res/values/strings.xml	Top	4	Atas	retained after text comparison; no further change proposed in this bounded pass	Atas	4	Atas	retained after text comparison; no further change proposed in this bounded pass	Atas
ui_top23	Paintroid/src/main/res/values/strings.xml	Top aligned	12	Sejajar atas	retained after text comparison; no further change proposed in this bounded pass	Sejajar atas	9	Rata atas	retained after text comparison; no further change proposed in this bounded pass	Rata atas
ui_trim_amounts_must_be_zero_or_greater	Paintroid/src/main/res/values/strings.xml	Trim amounts must be zero or greater.	45	Nilai pangkasan mesti sifar atau lebih besar.	retained after text comparison; no further change proposed in this bounded pass	Nilai pangkasan mesti sifar atau lebih besar.	45	Nilai pemangkasan harus nol atau lebih besar.	retained after text comparison; no further change proposed in this bounded pass	Nilai pemangkasan harus nol atau lebih besar.
ui_trim_amounts_must_fit_inside_each_image_use	Paintroid/src/main/res/values/strings.xml	Trim amounts must fit inside each image; use whole pixels or percentages.	80	Nilai pangkasan mesti muat dalam setiap imej; gunakan piksel bulat atau peratus.	corrected: States whole-number pixel count rather than round pixels	Nilai pangkasan mesti muat dalam setiap imej; gunakan nombor bulat untuk piksel atau gunakan peratus.	106	Nilai pemangkasan harus muat dalam setiap gambar; gunakan bilangan bulat untuk piksel atau gunakan persen.	long counterpart: retained after text comparison; no further change proposed in this bounded pass	Nilai pemangkasan harus muat dalam setiap gambar; gunakan bilangan bulat untuk piksel atau gunakan persen.
ui_trim_expand_canvas_by_touch	Paintroid/src/main/res/values/strings.xml	Trim / expand canvas by touch…	44	Pangkas / kembangkan kanvas dengan sentuhan…	retained after text comparison; no further change proposed in this bounded pass	Pangkas / kembangkan kanvas dengan sentuhan…	41	Pangkas / luaskan kanvas dengan sentuhan…	retained after text comparison; no further change proposed in this bounded pass	Pangkas / luaskan kanvas dengan sentuhan…
ui_trim_from_the_original_edges_drag_the_handles	Paintroid/src/main/res/values/strings.xml	Trim from the original edges. Drag the handles or enter amounts below. Source files stay unchanged.	101	Pangkas dari tepi asal. Seret pemegang atau masukkan nilai di bawah. Fail sumber kekal tidak berubah.	long counterpart: retained after text comparison; no further change proposed in this bounded pass	Pangkas dari tepi asal. Seret pemegang atau masukkan nilai di bawah. Fail sumber kekal tidak berubah.	97	Pangkas dari tepi asli. Seret pegangan atau masukkan nilai di bawah. Berkas sumber tidak berubah.	retained after text comparison; no further change proposed in this bounded pass	Pangkas dari tepi asli. Seret pegangan atau masukkan nilai di bawah. Berkas sumber tidak berubah.
ui_trim_in_percent	Paintroid/src/main/res/values/strings.xml	%1$s trim in percent	28	Pangkasan %1$s dalam peratus	retained after text comparison; no further change proposed in this bounded pass	Pangkasan %1$s dalam peratus	29	Pemangkasan %1$s dalam persen	retained after text comparison; no further change proposed in this bounded pass	Pemangkasan %1$s dalam persen
ui_trim_in_pixels	Paintroid/src/main/res/values/strings.xml	%1$s trim in pixels	27	Pangkasan %1$s dalam piksel	retained after text comparison; no further change proposed in this bounded pass	Pangkasan %1$s dalam piksel	29	Pemangkasan %1$s dalam piksel	retained after text comparison; no further change proposed in this bounded pass	Pemangkasan %1$s dalam piksel
ui_try_a_different_file_or_location	Paintroid/src/main/res/values/strings.xml	Please try a different file or location.	32	Sila cuba fail atau lokasi lain.	retained after text comparison; no further change proposed in this bounded pass	Sila cuba fail atau lokasi lain.	29	Coba berkas atau lokasi lain.	retained after text comparison; no further change proposed in this bounded pass	Coba berkas atau lokasi lain.
ui_type_text	Paintroid/src/main/res/values/strings.xml	Type text	9	Taip teks	retained after text comparison; no further change proposed in this bounded pass	Taip teks	10	Ketik teks	retained after text comparison; no further change proposed in this bounded pass	Ketik teks
ui_underline	Paintroid/src/main/res/values/strings.xml	Underline	11	Garis bawah	retained after text comparison; no further change proposed in this bounded pass	Garis bawah	11	Garis bawah	retained after text comparison; no further change proposed in this bounded pass	Garis bawah
ui_undo	Paintroid/src/main/res/values/strings.xml	Undo	9	Buat asal	retained after text comparison; no further change proposed in this bounded pass	Buat asal	8	Urungkan	retained after text comparison; no further change proposed in this bounded pass	Urungkan
ui_unexpected_data_in_the_undo_cache	Paintroid/src/main/res/values/strings.xml	Unexpected data in the undo cache.	42	Data tidak dijangka dalam cache buat asal.	retained after text comparison; no further change proposed in this bounded pass	Data tidak dijangka dalam cache buat asal.	42	Data tidak terduga dalam cache pembatalan.	retained after text comparison; no further change proposed in this bounded pass	Data tidak terduga dalam cache pembatalan.
ui_unplace	Paintroid/src/main/res/values/strings.xml	Unplace	9	Nyahletak	retained after text comparison; no further change proposed in this bounded pass	Nyahletak	19	Lepaskan penempatan	retained after text comparison; no further change proposed in this bounded pass	Lepaskan penempatan
ui_untitled	Paintroid/src/main/res/values/strings.xml	Untitled	12	Tak berjudul	retained after text comparison; no further change proposed in this bounded pass	Tak berjudul	12	Tak berjudul	retained after text comparison; no further change proposed in this bounded pass	Tak berjudul
ui_use_1_1024_pixels	Paintroid/src/main/res/values/strings.xml	Use 1–1024 pixels.	22	Gunakan 1–1024 piksel.	retained after text comparison; no further change proposed in this bounded pass	Gunakan 1–1024 piksel.	22	Gunakan 1–1024 piksel.	retained after text comparison; no further change proposed in this bounded pass	Gunakan 1–1024 piksel.
ui_use_50_300	Paintroid/src/main/res/values/strings.xml	Use 50–300%.	16	Gunakan 50–300%.	retained after text comparison; no further change proposed in this bounded pass	Gunakan 50–300%.	16	Gunakan 50–300%.	retained after text comparison; no further change proposed in this bounded pass	Gunakan 50–300%.
ui_use_a_positive_target_dimension	Paintroid/src/main/res/values/strings.xml	Use a positive target dimension.	32	Gunakan dimensi sasaran positif.	retained after text comparison; no further change proposed in this bounded pass	Gunakan dimensi sasaran positif.	32	Gunakan dimensi sasaran positif.	retained after text comparison; no further change proposed in this bounded pass	Gunakan dimensi sasaran positif.
ui_use_colour	Paintroid/src/main/res/values/strings.xml	Use colour	13	Gunakan warna	retained after text comparison; no further change proposed in this bounded pass	Gunakan warna	13	Gunakan warna	retained after text comparison; no further change proposed in this bounded pass	Gunakan warna
ui_use_rrggbb	Paintroid/src/main/res/values/strings.xml	Use #RRGGBB	15	Gunakan #RRGGBB	retained after text comparison; no further change proposed in this bounded pass	Gunakan #RRGGBB	15	Gunakan #RRGGBB	retained after text comparison; no further change proposed in this bounded pass	Gunakan #RRGGBB
ui_vertical_letters23	Paintroid/src/main/res/values/strings.xml	Letters in vertical text	24	Huruf dalam teks menegak	retained after text comparison; no further change proposed in this bounded pass	Huruf dalam teks menegak	25	Huruf dalam teks vertikal	retained after text comparison; no further change proposed in this bounded pass	Huruf dalam teks vertikal
ui_vertical_lr23	Paintroid/src/main/res/values/strings.xml	Top to bottom · columns left to right	35	Atas ke bawah · lajur kiri ke kanan	retained after text comparison; no further change proposed in this bounded pass	Atas ke bawah · lajur kiri ke kanan	35	Atas ke bawah · kolom kiri ke kanan	retained after text comparison; no further change proposed in this bounded pass	Atas ke bawah · kolom kiri ke kanan
ui_vertical_mixed23	Paintroid/src/main/res/values/strings.xml	Automatic · upright CJK, sideways words	42	Automatik · CJK tegak, perkataan mengiring	retained after text comparison; no further change proposed in this bounded pass	Automatik · CJK tegak, perkataan mengiring	45	Otomatis · CJK tegak, kata lainnya menyamping	retained after text comparison; no further change proposed in this bounded pass	Otomatis · CJK tegak, kata lainnya menyamping
ui_vertical_rl23	Paintroid/src/main/res/values/strings.xml	Top to bottom · columns right to left	35	Atas ke bawah · lajur kanan ke kiri	retained after text comparison; no further change proposed in this bounded pass	Atas ke bawah · lajur kanan ke kiri	35	Atas ke bawah · kolom kanan ke kiri	retained after text comparison; no further change proposed in this bounded pass	Atas ke bawah · kolom kanan ke kiri
ui_vertical_sideways23	Paintroid/src/main/res/values/strings.xml	Sideways · keep words joined	41	Mengiring · kekalkan perkataan bersambung	retained after text comparison; no further change proposed in this bounded pass	Mengiring · kekalkan perkataan bersambung	39	Menyamping · pertahankan sambungan kata	retained after text comparison; no further change proposed in this bounded pass	Menyamping · pertahankan sambungan kata
ui_vertical_upright23	Paintroid/src/main/res/values/strings.xml	Upright · character by character	26	Tegak · aksara demi aksara	retained after text comparison; no further change proposed in this bounded pass	Tegak · aksara demi aksara	30	Tegak · karakter demi karakter	retained after text comparison; no further change proposed in this bounded pass	Tegak · karakter demi karakter
ui_watercolor	Paintroid/src/main/res/values/strings.xml	Watercolor	7	Cat air	retained after text comparison; no further change proposed in this bounded pass	Cat air	7	Cat air	retained after text comparison; no further change proposed in this bounded pass	Cat air
ui_webp_codec_licences	Paintroid/src/main/res/values/strings.xml	WebP codec licences	16	Lesen codec WebP	retained after text comparison; no further change proposed in this bounded pass	Lesen codec WebP	18	Lisensi codec WebP	retained after text comparison; no further change proposed in this bounded pass	Lisensi codec WebP
ui_wheel	Paintroid/src/main/res/values/strings.xml	Wheel	4	Roda	retained after text comparison; no further change proposed in this bounded pass	Roda	10	Roda warna	retained after text comparison; no further change proposed in this bounded pass	Roda warna
ui_width	Paintroid/src/main/res/values/strings.xml	Width (%1$s)	12	Lebar (%1$s)	retained after text comparison; no further change proposed in this bounded pass	Lebar (%1$s)	12	Lebar (%1$s)	retained after text comparison; no further change proposed in this bounded pass	Lebar (%1$s)
ui_width_in	Paintroid/src/main/res/values/strings.xml	Width in %1$s	16	Lebar dalam %1$s	retained after text comparison; no further change proposed in this bounded pass	Lebar dalam %1$s	16	Lebar dalam %1$s	retained after text comparison; no further change proposed in this bounded pass	Lebar dalam %1$s
ui_widths	Paintroid/src/main/res/values/strings.xml	Widths	5	Lebar	retained after text comparison; no further change proposed in this bounded pass	Lebar	5	Lebar	retained after text comparison; no further change proposed in this bounded pass	Lebar
ui_working	Paintroid/src/main/res/values/strings.xml	Working…	15	Sedang bekerja…	retained after text comparison; no further change proposed in this bounded pass	Sedang bekerja…	15	Sedang bekerja…	retained after text comparison; no further change proposed in this bounded pass	Sedang bekerja…
ui_you_can_add_more_images_select_fewer_files	Paintroid/src/main/res/values/strings.xml	You can add %1$s more images. Select fewer files.	61	Anda boleh menambah %1$s lagi imej. Pilih lebih sedikit fail.	retained after text comparison; no further change proposed in this bounded pass	Anda boleh menambah %1$s lagi imej. Pilih lebih sedikit fail.	68	Anda dapat menambahkan %1$s gambar lagi. Pilih lebih sedikit berkas.	retained after text comparison; no further change proposed in this bounded pass	Anda dapat menambahkan %1$s gambar lagi. Pilih lebih sedikit berkas.
ui_your_current_image_has_unsaved_changes	Paintroid/src/main/res/values/strings.xml	Your current image has unsaved changes.	57	Imej semasa anda mempunyai perubahan yang belum disimpan.	retained after text comparison; no further change proposed in this bounded pass	Imej semasa anda mempunyai perubahan yang belum disimpan.	60	Gambar Anda saat ini memiliki perubahan yang belum disimpan.	retained after text comparison; no further change proposed in this bounded pass	Gambar Anda saat ini memiliki perubahan yang belum disimpan.
ui_zoom_in	Paintroid/src/main/res/values/strings.xml	Zoom in	9	Zum masuk	retained after text comparison; no further change proposed in this bounded pass	Zum masuk	8	Perbesar	retained after text comparison; no further change proposed in this bounded pass	Perbesar
ui_zoom_out	Paintroid/src/main/res/values/strings.xml	Zoom out	10	Zum keluar	retained after text comparison; no further change proposed in this bounded pass	Zum keluar	8	Perkecil	retained after text comparison; no further change proposed in this bounded pass	Perkecil
