2026-10-09T16:26:46.6475215Z Current runner version: '2.337.0'
2026-10-09T16:26:46.6497595Z ##[group]Runner Image Provisioner
2026-10-09T16:26:46.6498331Z Hosted Compute Agent
2026-10-09T16:26:46.6499191Z Version: 20261002.596
2026-10-09T16:26:46.6499733Z Commit: c3d12f3313a95f25162a1503be624f3b0617f8c0
2026-10-09T16:26:46.6500335Z Build Date: 2026-10-02T22:28:27Z
2026-10-09T16:26:46.6501021Z Worker ID: {2684909b-ec87-4b80-9bdd-f68ba9d1c849}
2026-10-09T16:26:46.6501625Z Region: westus3
2026-10-09T16:26:46.6502147Z Cloud: Azure
2026-10-09T16:26:46.6502639Z ##[endgroup]
2026-10-09T16:26:46.6503805Z ##[group]Operating System
2026-10-09T16:26:46.6504422Z Ubuntu
2026-10-09T16:26:46.6504880Z 22.04.5
2026-10-09T16:26:46.6505414Z LTS
2026-10-09T16:26:46.6505884Z ##[endgroup]
2026-10-09T16:26:46.6506374Z ##[group]Runner Image
2026-10-09T16:26:46.6506941Z Image: ubuntu-22.04
2026-10-09T16:26:46.6507433Z Version: 20261004.315.1
2026-10-09T16:26:46.6508696Z Included Software: https://github.com/actions/runner-images/blob/ubuntu22/20261004.315/images/ubuntu/Ubuntu2204-Readme.md
2026-10-09T16:26:46.6509970Z Image Release: https://github.com/actions/runner-images/releases/tag/ubuntu22%2F20261004.315
2026-10-09T16:26:46.6510815Z ##[endgroup]
2026-10-09T16:26:46.6511784Z ##[group]GITHUB_TOKEN Permissions
2026-10-09T16:26:46.6513392Z Contents: read
2026-10-09T16:26:46.6513919Z Metadata: read
2026-10-09T16:26:46.6514379Z ##[endgroup]
2026-10-09T16:26:46.6516278Z Secret source: Actions
2026-10-09T16:26:46.6517098Z Cache mode: write
2026-10-09T16:26:46.6517788Z Prepare workflow directory
2026-10-09T16:26:46.7017482Z Prepare all required actions
2026-10-09T16:26:46.7057300Z Getting action download info
2026-10-09T16:26:46.9923984Z Download action repository 'actions/checkout@3d3c42e5aac5ba805825da76410c181273ba90b1' (SHA:3d3c42e5aac5ba805825da76410c181273ba90b1)
2026-10-09T16:26:47.3132967Z Download action repository 'actions/cache@55cc8345863c7cc4c66a329aec7e433d2d1c52a9' (SHA:55cc8345863c7cc4c66a329aec7e433d2d1c52a9)
2026-10-09T16:26:47.6576992Z Download action repository 'actions/upload-artifact@043fb46d1a93c77aae656e7c1c64a875d1fc6a0a' (SHA:043fb46d1a93c77aae656e7c1c64a875d1fc6a0a)
2026-10-09T16:26:47.8837353Z Complete job name: Build APK and corresponding source
2026-10-09T16:26:47.9476203Z ##[group]Run actions/checkout@3d3c42e5aac5ba805825da76410c181273ba90b1
2026-10-09T16:26:47.9477160Z with:
2026-10-09T16:26:47.9477548Z   persist-credentials: false
2026-10-09T16:26:47.9478001Z   repository: c933103/AN-Paint
2026-10-09T16:26:47.9481437Z   token: ***
2026-10-09T16:26:47.9481835Z   ssh-strict: true
2026-10-09T16:26:47.9482233Z   ssh-user: git
2026-10-09T16:26:47.9482609Z   clean: true
2026-10-09T16:26:47.9483004Z   sparse-checkout-cone-mode: true
2026-10-09T16:26:47.9483474Z   fetch-depth: 1
2026-10-09T16:26:47.9483858Z   fetch-tags: false
2026-10-09T16:26:47.9484260Z   show-progress: true
2026-10-09T16:26:47.9484669Z   lfs: false
2026-10-09T16:26:47.9485044Z   submodules: false
2026-10-09T16:26:47.9485446Z   set-safe-directory: true
2026-10-09T16:26:47.9485917Z   allow-unsafe-pr-checkout: false
2026-10-09T16:26:47.9486594Z env:
2026-10-09T16:26:47.9486949Z   BUILD_VARIANT: debug
2026-10-09T16:26:47.9487354Z   CCACHE_MAXSIZE: 2G
2026-10-09T16:26:47.9487821Z   CCACHE_COMPILERCHECK: content
2026-10-09T16:26:47.9488267Z   CCACHE_SLOPPINESS: 
2026-10-09T16:26:47.9488775Z   CCACHE_NODEPEND: 1
2026-10-09T16:26:47.9489159Z   CCACHE_NODIRECT: 1
2026-10-09T16:26:47.9489576Z   CMAKE_C_COMPILER_LAUNCHER: ccache
2026-10-09T16:26:47.9490049Z   CMAKE_CXX_COMPILER_LAUNCHER: ccache
2026-10-09T16:26:47.9490518Z ##[endgroup]
2026-10-09T16:26:48.0376853Z Syncing repository: c933103/AN-Paint
2026-10-09T16:26:48.0379981Z ##[group]Getting Git version info
2026-10-09T16:26:48.0381042Z Working directory is '/home/runner/work/AN-Paint/AN-Paint'
2026-10-09T16:26:48.0382494Z [command]/usr/bin/git version
2026-10-09T16:26:48.0451120Z git version 2.55.0
2026-10-09T16:26:48.0468052Z ##[endgroup]
2026-10-09T16:26:48.0477777Z Temporarily overriding HOME='/home/runner/work/_temp/ff16c411-ec04-4f53-acd4-53d27fe144a2' before making global git config changes
2026-10-09T16:26:48.0484225Z Adding repository directory to the temporary git global config as a safe directory
2026-10-09T16:26:48.0485552Z [command]/usr/bin/git config --global --add safe.directory /home/runner/work/AN-Paint/AN-Paint
2026-10-09T16:26:48.0519028Z Deleting the contents of '/home/runner/work/AN-Paint/AN-Paint'
2026-10-09T16:26:48.0522130Z ##[group]Determining repository object format
2026-10-09T16:26:48.0523526Z ##[endgroup]
2026-10-09T16:26:48.0524368Z ##[group]Initializing the repository
2026-10-09T16:26:48.0528165Z [command]/usr/bin/git init /home/runner/work/AN-Paint/AN-Paint
2026-10-09T16:26:48.0730834Z hint: Using 'master' as the name for the initial branch. This default branch name
2026-10-09T16:26:48.0732565Z hint: will change to "main" in Git 3.0. To configure the initial branch name
2026-10-09T16:26:48.0734180Z hint: to use in all of your new repositories, which will suppress this warning,
2026-10-09T16:26:48.0735482Z hint: call:
2026-10-09T16:26:48.0736291Z hint:
2026-10-09T16:26:48.0737167Z hint: 	git config --global init.defaultBranch <name>
2026-10-09T16:26:48.0738197Z hint:
2026-10-09T16:26:48.0739396Z hint: Names commonly chosen instead of 'master' are 'main', 'trunk' and
2026-10-09T16:26:48.0741038Z hint: 'development'. The just-created branch can be renamed via this command:
2026-10-09T16:26:48.0742372Z hint:
2026-10-09T16:26:48.0743184Z hint: 	git branch -m <name>
2026-10-09T16:26:48.0744040Z hint:
2026-10-09T16:26:48.0745111Z hint: Disable this message with "git config set advice.defaultBranchName false"
2026-10-09T16:26:48.0746629Z Initialized empty Git repository in /home/runner/work/AN-Paint/AN-Paint/.git/
2026-10-09T16:26:48.0750230Z [command]/usr/bin/git remote add origin https://github.com/c933103/AN-Paint
2026-10-09T16:26:48.0769896Z ##[endgroup]
2026-10-09T16:26:48.0770994Z ##[group]Disabling automatic garbage collection
2026-10-09T16:26:48.0773396Z [command]/usr/bin/git config --local gc.auto 0
2026-10-09T16:26:48.1023567Z ##[endgroup]
2026-10-09T16:26:48.1024672Z ##[group]Setting up auth
2026-10-09T16:26:48.1025458Z Removing SSH command configuration
2026-10-09T16:26:48.1029185Z [command]/usr/bin/git config --local --name-only --get-regexp core\.sshCommand
2026-10-09T16:26:48.1073954Z [command]/usr/bin/git submodule foreach --recursive sh -c "git config --local --name-only --get-regexp 'core\.sshCommand' && git config --local --unset-all 'core.sshCommand' || :"
2026-10-09T16:26:48.1424222Z Removing HTTP extra header
2026-10-09T16:26:48.1428552Z [command]/usr/bin/git config --local --name-only --get-regexp http\.https\:\/\/github\.com\/\.extraheader
2026-10-09T16:26:48.1462566Z [command]/usr/bin/git submodule foreach --recursive sh -c "git config --local --name-only --get-regexp 'http\.https\:\/\/github\.com\/\.extraheader' && git config --local --unset-all 'http.https://github.com/.extraheader' || :"
2026-10-09T16:26:48.1685198Z Removing includeIf entries pointing to credentials config files
2026-10-09T16:26:48.1689879Z [command]/usr/bin/git config --local --name-only --get-regexp ^includeIf\.gitdir:
2026-10-09T16:26:48.1724754Z [command]/usr/bin/git submodule foreach --recursive git config --local --show-origin --name-only --get-regexp remote.origin.url
2026-10-09T16:26:48.1990202Z [command]/usr/bin/git config --file /home/runner/work/_temp/git-credentials-e1866d86-492e-4e20-b635-0f4c0640e080.config http.https://github.com/.extraheader AUTHORIZATION: basic ***
2026-10-09T16:26:48.2028865Z [command]/usr/bin/git config --local includeIf.gitdir:/home/runner/work/AN-Paint/AN-Paint/.git.path /home/runner/work/_temp/git-credentials-e1866d86-492e-4e20-b635-0f4c0640e080.config
2026-10-09T16:26:48.2061315Z [command]/usr/bin/git config --local includeIf.gitdir:/home/runner/work/AN-Paint/AN-Paint/.git/worktrees/*.path /home/runner/work/_temp/git-credentials-e1866d86-492e-4e20-b635-0f4c0640e080.config
2026-10-09T16:26:48.2095228Z [command]/usr/bin/git config --local includeIf.gitdir:/github/workspace/.git.path /github/runner_temp/git-credentials-e1866d86-492e-4e20-b635-0f4c0640e080.config
2026-10-09T16:26:48.2129595Z [command]/usr/bin/git config --local includeIf.gitdir:/github/workspace/.git/worktrees/*.path /github/runner_temp/git-credentials-e1866d86-492e-4e20-b635-0f4c0640e080.config
2026-10-09T16:26:48.2160172Z ##[endgroup]
2026-10-09T16:26:48.2160831Z ##[group]Fetching the repository
2026-10-09T16:26:48.2166041Z [command]/usr/bin/git -c protocol.version=2 fetch --no-tags --prune --no-recurse-submodules --depth=1 origin +43148951ac6bd23687e66685855909ac538ba004:refs/remotes/origin/develop
2026-10-09T16:26:49.9002203Z From https://github.com/c933103/AN-Paint
2026-10-09T16:26:49.9002807Z  * [new ref]         43148951ac6bd23687e66685855909ac538ba004 -> origin/develop
2026-10-09T16:26:49.9010847Z [command]/usr/bin/git branch --list --remote origin/develop
2026-10-09T16:26:49.9040847Z   origin/develop
2026-10-09T16:26:49.9048047Z [command]/usr/bin/git rev-parse refs/remotes/origin/develop
2026-10-09T16:26:49.9074809Z 43148951ac6bd23687e66685855909ac538ba004
2026-10-09T16:26:49.9078213Z ##[endgroup]
2026-10-09T16:26:49.9078879Z ##[group]Determining the checkout info
2026-10-09T16:26:49.9082502Z ##[endgroup]
2026-10-09T16:26:49.9082985Z [command]/usr/bin/git sparse-checkout disable
2026-10-09T16:26:49.9129108Z [command]/usr/bin/git config --local --unset-all extensions.worktreeConfig
2026-10-09T16:26:49.9161994Z ##[group]Checking out the ref
2026-10-09T16:26:49.9165524Z [command]/usr/bin/git checkout --progress --force -B develop refs/remotes/origin/develop
2026-10-09T16:26:50.1797026Z Switched to a new branch 'develop'
2026-10-09T16:26:50.1798280Z branch 'develop' set up to track 'origin/develop'.
2026-10-09T16:26:50.1810678Z ##[endgroup]
2026-10-09T16:26:50.1856815Z [command]/usr/bin/git log -1 --format=%H
2026-10-09T16:26:50.1885445Z 43148951ac6bd23687e66685855909ac538ba004
2026-10-09T16:26:50.1896164Z ##[group]Removing auth
2026-10-09T16:26:50.1896551Z Removing SSH command configuration
2026-10-09T16:26:50.1897114Z [command]/usr/bin/git config --local --name-only --get-regexp core\.sshCommand
2026-10-09T16:26:50.1933388Z [command]/usr/bin/git submodule foreach --recursive sh -c "git config --local --name-only --get-regexp 'core\.sshCommand' && git config --local --unset-all 'core.sshCommand' || :"
2026-10-09T16:26:50.2156252Z Removing HTTP extra header
2026-10-09T16:26:50.2159519Z [command]/usr/bin/git config --local --name-only --get-regexp http\.https\:\/\/github\.com\/\.extraheader
2026-10-09T16:26:50.2194619Z [command]/usr/bin/git submodule foreach --recursive sh -c "git config --local --name-only --get-regexp 'http\.https\:\/\/github\.com\/\.extraheader' && git config --local --unset-all 'http.https://github.com/.extraheader' || :"
2026-10-09T16:26:50.2415007Z Removing includeIf entries pointing to credentials config files
2026-10-09T16:26:50.2417667Z [command]/usr/bin/git config --local --name-only --get-regexp ^includeIf\.gitdir:
2026-10-09T16:26:50.2447515Z includeif.gitdir:/home/runner/work/AN-Paint/AN-Paint/.git.path
2026-10-09T16:26:50.2448043Z includeif.gitdir:/home/runner/work/AN-Paint/AN-Paint/.git/worktrees/*.path
2026-10-09T16:26:50.2448593Z includeif.gitdir:/github/workspace/.git.path
2026-10-09T16:26:50.2449167Z includeif.gitdir:/github/workspace/.git/worktrees/*.path
2026-10-09T16:26:50.2456565Z [command]/usr/bin/git config --local --get-all includeif.gitdir:/home/runner/work/AN-Paint/AN-Paint/.git.path
2026-10-09T16:26:50.2482655Z /home/runner/work/_temp/git-credentials-e1866d86-492e-4e20-b635-0f4c0640e080.config
2026-10-09T16:26:50.2490420Z [command]/usr/bin/git config --local --unset includeif.gitdir:/home/runner/work/AN-Paint/AN-Paint/.git.path \/home\/runner\/work\/_temp\/git\-credentials\-e1866d86\-492e\-4e20\-b635\-0f4c0640e080\.config
2026-10-09T16:26:50.2531505Z [command]/usr/bin/git config --local --get-all includeif.gitdir:/home/runner/work/AN-Paint/AN-Paint/.git/worktrees/*.path
2026-10-09T16:26:50.2557101Z /home/runner/work/_temp/git-credentials-e1866d86-492e-4e20-b635-0f4c0640e080.config
2026-10-09T16:26:50.2565030Z [command]/usr/bin/git config --local --unset includeif.gitdir:/home/runner/work/AN-Paint/AN-Paint/.git/worktrees/*.path \/home\/runner\/work\/_temp\/git\-credentials\-e1866d86\-492e\-4e20\-b635\-0f4c0640e080\.config
2026-10-09T16:26:50.2601400Z [command]/usr/bin/git config --local --get-all includeif.gitdir:/github/workspace/.git.path
2026-10-09T16:26:50.2629372Z /github/runner_temp/git-credentials-e1866d86-492e-4e20-b635-0f4c0640e080.config
2026-10-09T16:26:50.2635225Z [command]/usr/bin/git config --local --unset includeif.gitdir:/github/workspace/.git.path \/github\/runner_temp\/git\-credentials\-e1866d86\-492e\-4e20\-b635\-0f4c0640e080\.config
2026-10-09T16:26:50.2718904Z [command]/usr/bin/git config --local --get-all includeif.gitdir:/github/workspace/.git/worktrees/*.path
2026-10-09T16:26:50.2745916Z /github/runner_temp/git-credentials-e1866d86-492e-4e20-b635-0f4c0640e080.config
2026-10-09T16:26:50.2752722Z [command]/usr/bin/git config --local --unset includeif.gitdir:/github/workspace/.git/worktrees/*.path \/github\/runner_temp\/git\-credentials\-e1866d86\-492e\-4e20\-b635\-0f4c0640e080\.config
2026-10-09T16:26:50.2790813Z [command]/usr/bin/git submodule foreach --recursive git config --local --show-origin --name-only --get-regexp remote.origin.url
2026-10-09T16:26:50.3011546Z Removing credentials config '/home/runner/work/_temp/git-credentials-e1866d86-492e-4e20-b635-0f4c0640e080.config'
2026-10-09T16:26:50.3022293Z ##[endgroup]
2026-10-09T16:26:50.6363073Z ##[group]Run actions/cache@55cc8345863c7cc4c66a329aec7e433d2d1c52a9
2026-10-09T16:26:50.6363389Z with:
2026-10-09T16:26:50.6363898Z   path: ~/.gradle/caches/modules-2
~/.gradle/wrapper/dists
Paintroid/build/jxl-source
Paintroid/build/webp-source
Paintroid/build/heif-source
Paintroid/build/tiff-source

2026-10-09T16:26:50.6364640Z   key: android-deps-v1-Linux-3e89dbc8caa9f4c204ec67d5edbc4e22b75fcdfbf3a4bb344dfc355672ee7ee2-build
2026-10-09T16:26:50.6365239Z   restore-keys: android-deps-v1-Linux-3e89dbc8caa9f4c204ec67d5edbc4e22b75fcdfbf3a4bb344dfc355672ee7ee2-
2026-10-09T16:26:50.6365673Z   enableCrossOsArchive: false
2026-10-09T16:26:50.6365878Z   fail-on-cache-miss: false
2026-10-09T16:26:50.6366074Z   lookup-only: false
2026-10-09T16:26:50.6366250Z   save-always: false
2026-10-09T16:26:50.6366413Z env:
2026-10-09T16:26:50.6366566Z   BUILD_VARIANT: debug
2026-10-09T16:26:50.6366740Z   CCACHE_MAXSIZE: 2G
2026-10-09T16:26:50.6366927Z   CCACHE_COMPILERCHECK: content
2026-10-09T16:26:50.6367167Z   CCACHE_SLOPPINESS: 
2026-10-09T16:26:50.6367343Z   CCACHE_NODEPEND: 1
2026-10-09T16:26:50.6367511Z   CCACHE_NODIRECT: 1
2026-10-09T16:26:50.6367688Z   CMAKE_C_COMPILER_LAUNCHER: ccache
2026-10-09T16:26:50.6367904Z   CMAKE_CXX_COMPILER_LAUNCHER: ccache
2026-10-09T16:26:50.6368113Z ##[endgroup]
2026-10-09T16:26:50.9830175Z Cache hit for: android-deps-v1-Linux-3e89dbc8caa9f4c204ec67d5edbc4e22b75fcdfbf3a4bb344dfc355672ee7ee2-build
2026-10-09T16:26:52.2151099Z Received 37748736 of 485396570 (7.8%), 36.0 MBs/sec
2026-10-09T16:26:53.2164216Z Received 171966464 of 485396570 (35.4%), 82.0 MBs/sec
2026-10-09T16:26:54.2161738Z Received 322961408 of 485396570 (66.5%), 102.6 MBs/sec
2026-10-09T16:26:55.2164254Z Received 448790528 of 485396570 (92.5%), 106.9 MBs/sec
2026-10-09T16:26:55.4332224Z Received 485396570 of 485396570 (100.0%), 109.7 MBs/sec
2026-10-09T16:26:55.4333951Z Cache Size: ~463 MB (485396570 B)
2026-10-09T16:26:55.4366279Z [command]/usr/bin/tar -xf /home/runner/work/_temp/91da1feb-40c7-448a-83e3-7e5c6f594858/cache.tzst -P -C /home/runner/work/AN-Paint/AN-Paint --use-compress-program unzstd
2026-10-09T16:26:56.4808650Z Cache restored successfully
2026-10-09T16:26:56.5749317Z Cache restored from key: android-deps-v1-Linux-3e89dbc8caa9f4c204ec67d5edbc4e22b75fcdfbf3a4bb344dfc355672ee7ee2-build
2026-10-09T16:26:56.5996310Z ##[group]Run echo "CCACHE_DIR=$RUNNER_TEMP/anpaint-ccache" >> "$GITHUB_ENV"
2026-10-09T16:26:56.5996781Z [36;1mecho "CCACHE_DIR=$RUNNER_TEMP/anpaint-ccache" >> "$GITHUB_ENV"[0m
2026-10-09T16:26:56.7637139Z shell: /usr/bin/bash --noprofile --norc -e -o pipefail {0}
2026-10-09T16:26:56.7637729Z env:
2026-10-09T16:26:56.7637938Z   BUILD_VARIANT: debug
2026-10-09T16:26:56.7638130Z   CCACHE_MAXSIZE: 2G
2026-10-09T16:26:56.7638311Z   CCACHE_COMPILERCHECK: content
2026-10-09T16:26:56.7638660Z   CCACHE_SLOPPINESS: 
2026-10-09T16:26:56.7638855Z   CCACHE_NODEPEND: 1
2026-10-09T16:26:56.7639022Z   CCACHE_NODIRECT: 1
2026-10-09T16:26:56.7639206Z   CMAKE_C_COMPILER_LAUNCHER: ccache
2026-10-09T16:26:56.7639432Z   CMAKE_CXX_COMPILER_LAUNCHER: ccache
2026-10-09T16:26:56.7639641Z ##[endgroup]
2026-10-09T16:26:56.9758650Z ##[group]Run actions/cache@55cc8345863c7cc4c66a329aec7e433d2d1c52a9
2026-10-09T16:26:56.9758978Z with:
2026-10-09T16:26:56.9759175Z   path: /home/runner/work/_temp/anpaint-ccache
2026-10-09T16:26:56.9759827Z   key: native-ccache-v1-ubuntu22-4.5.1-1900042d713270d9be79884fed5090e06c758cf5a7dbb0dafff05a1471f66488-f6748c512abb37bc571029f4530f88f37ff4e2bf9f52af568a2d57f91e736130
2026-10-09T16:26:56.9760757Z   restore-keys: native-ccache-v1-ubuntu22-4.5.1-1900042d713270d9be79884fed5090e06c758cf5a7dbb0dafff05a1471f66488-
native-ccache-v1-ubuntu22-4.5.1-

2026-10-09T16:26:56.9761312Z   enableCrossOsArchive: false
2026-10-09T16:26:56.9761529Z   fail-on-cache-miss: false
2026-10-09T16:26:56.9761724Z   lookup-only: false
2026-10-09T16:26:56.9761907Z   save-always: false
2026-10-09T16:26:56.9762074Z env:
2026-10-09T16:26:56.9762230Z   BUILD_VARIANT: debug
2026-10-09T16:26:56.9762406Z   CCACHE_MAXSIZE: 2G
2026-10-09T16:26:56.9762592Z   CCACHE_COMPILERCHECK: content
2026-10-09T16:26:56.9762841Z   CCACHE_SLOPPINESS: 
2026-10-09T16:26:56.9763017Z   CCACHE_NODEPEND: 1
2026-10-09T16:26:56.9763184Z   CCACHE_NODIRECT: 1
2026-10-09T16:26:56.9763366Z   CMAKE_C_COMPILER_LAUNCHER: ccache
2026-10-09T16:26:56.9763588Z   CMAKE_CXX_COMPILER_LAUNCHER: ccache
2026-10-09T16:26:56.9763837Z   CCACHE_DIR: /home/runner/work/_temp/anpaint-ccache
2026-10-09T16:26:56.9764078Z ##[endgroup]
2026-10-09T16:26:57.2807382Z Cache hit for: native-ccache-v1-ubuntu22-4.5.1-1900042d713270d9be79884fed5090e06c758cf5a7dbb0dafff05a1471f66488-f6748c512abb37bc571029f4530f88f37ff4e2bf9f52af568a2d57f91e736130
2026-10-09T16:27:03.5310148Z Received 37748736 of 310079716 (12.2%), 36.0 MBs/sec
2026-10-09T16:27:04.5285825Z Received 171966464 of 310079716 (55.5%), 82.0 MBs/sec
2026-10-09T16:27:05.4674947Z Received 310079716 of 310079716 (100.0%), 100.8 MBs/sec
2026-10-09T16:27:05.4678159Z Cache Size: ~296 MB (310079716 B)
2026-10-09T16:27:05.4714423Z [command]/usr/bin/tar -xf /home/runner/work/_temp/1606a286-97a9-4620-b312-fb08b7219dd7/cache.tzst -P -C /home/runner/work/AN-Paint/AN-Paint --use-compress-program unzstd
2026-10-09T16:27:06.0053886Z Cache restored successfully
2026-10-09T16:27:06.0682858Z Cache restored from key: native-ccache-v1-ubuntu22-4.5.1-1900042d713270d9be79884fed5090e06c758cf5a7dbb0dafff05a1471f66488-f6748c512abb37bc571029f4530f88f37ff4e2bf9f52af568a2d57f91e736130
2026-10-09T16:27:06.0820435Z ##[group]Run timeout --kill-after=5s 90s sudo apt-get install -y --no-install-recommends ccache=4.5.1-1
2026-10-09T16:27:06.0821061Z [36;1mtimeout --kill-after=5s 90s sudo apt-get install -y --no-install-recommends ccache=4.5.1-1[0m
2026-10-09T16:27:06.0821457Z [36;1mccache --version[0m
2026-10-09T16:27:06.0821683Z [36;1mccache --zero-stats[0m
2026-10-09T16:27:06.0885221Z shell: /usr/bin/bash --noprofile --norc -e -o pipefail {0}
2026-10-09T16:27:06.0885510Z env:
2026-10-09T16:27:06.0885679Z   BUILD_VARIANT: debug
2026-10-09T16:27:06.0885873Z   CCACHE_MAXSIZE: 2G
2026-10-09T16:27:06.0886070Z   CCACHE_COMPILERCHECK: content
2026-10-09T16:27:06.0886280Z   CCACHE_SLOPPINESS: 
2026-10-09T16:27:06.0886460Z   CCACHE_NODEPEND: 1
2026-10-09T16:27:06.0886683Z   CCACHE_NODIRECT: 1
2026-10-09T16:27:06.0886877Z   CMAKE_C_COMPILER_LAUNCHER: ccache
2026-10-09T16:27:06.0887121Z   CMAKE_CXX_COMPILER_LAUNCHER: ccache
2026-10-09T16:27:06.0887428Z   CCACHE_DIR: /home/runner/work/_temp/anpaint-ccache
2026-10-09T16:27:06.0887678Z ##[endgroup]
2026-10-09T16:27:09.6998513Z Reading package lists...
2026-10-09T16:27:10.0022726Z Building dependency tree...
2026-10-09T16:27:10.0036109Z Reading state information...
2026-10-09T16:27:10.2288296Z The following additional packages will be installed:
2026-10-09T16:27:10.2294267Z   libhiredis0.14
2026-10-09T16:27:10.2300158Z Suggested packages:
2026-10-09T16:27:10.2300437Z   distcc | icecc
2026-10-09T16:27:10.2525834Z The following NEW packages will be installed:
2026-10-09T16:27:10.2541093Z   ccache libhiredis0.14
2026-10-09T16:27:10.3870974Z 0 upgraded, 2 newly installed, 0 to remove and 8 not upgraded.
2026-10-09T16:27:10.3871450Z Need to get 528 kB of archives.
2026-10-09T16:27:10.3871841Z After this operation, 1469 kB of additional disk space will be used.
2026-10-09T16:27:10.3872326Z Get:1 file:/etc/apt/apt-mirrors.txt Mirrorlist [144 B]
2026-10-09T16:27:10.4754772Z Get:2 http://azure.archive.ubuntu.com/ubuntu jammy/universe amd64 libhiredis0.14 amd64 0.14.1-2 [32.8 kB]
2026-10-09T16:27:10.5406256Z Get:3 http://azure.archive.ubuntu.com/ubuntu jammy/universe amd64 ccache amd64 4.5.1-1 [495 kB]
2026-10-09T16:27:10.9431373Z Fetched 528 kB in 0s (1885 kB/s)
2026-10-09T16:27:11.2900790Z Selecting previously unselected package libhiredis0.14:amd64.
2026-10-09T16:27:11.3189866Z (Reading database ... 
2026-10-09T16:27:11.3190249Z (Reading database ... 5%
2026-10-09T16:27:11.3190478Z (Reading database ... 10%
2026-10-09T16:27:11.3190674Z (Reading database ... 15%
2026-10-09T16:27:11.3190874Z (Reading database ... 20%
2026-10-09T16:27:11.3191063Z (Reading database ... 25%
2026-10-09T16:27:11.3191307Z (Reading database ... 30%
2026-10-09T16:27:11.3191575Z (Reading database ... 35%
2026-10-09T16:27:11.3191854Z (Reading database ... 40%
2026-10-09T16:27:11.3192078Z (Reading database ... 45%
2026-10-09T16:27:11.3192273Z (Reading database ... 50%
2026-10-09T16:27:11.4115009Z (Reading database ... 55%
2026-10-09T16:27:11.6609948Z (Reading database ... 60%
2026-10-09T16:27:11.8991684Z (Reading database ... 65%
2026-10-09T16:27:12.1031298Z (Reading database ... 70%
2026-10-09T16:27:12.3380614Z (Reading database ... 75%
2026-10-09T16:27:12.5761303Z (Reading database ... 80%
2026-10-09T16:27:12.8221602Z (Reading database ... 85%
2026-10-09T16:27:13.1013110Z (Reading database ... 90%
2026-10-09T16:27:13.4011901Z (Reading database ... 95%
2026-10-09T16:27:13.4012304Z (Reading database ... 100%
2026-10-09T16:27:13.4012776Z (Reading database ... 261293 files and directories currently installed.)
2026-10-09T16:27:13.4075483Z Preparing to unpack .../libhiredis0.14_0.14.1-2_amd64.deb ...
2026-10-09T16:27:13.4286644Z Unpacking libhiredis0.14:amd64 (0.14.1-2) ...
2026-10-09T16:27:13.5237692Z Selecting previously unselected package ccache.
2026-10-09T16:27:13.5430571Z Preparing to unpack .../ccache_4.5.1-1_amd64.deb ...
2026-10-09T16:27:13.5436983Z Unpacking ccache (4.5.1-1) ...
2026-10-09T16:27:13.6083724Z Setting up libhiredis0.14:amd64 (0.14.1-2) ...
2026-10-09T16:27:13.6101071Z Setting up ccache (4.5.1-1) ...
2026-10-09T16:27:13.6119810Z Updating symlinks in /usr/lib/ccache ...
2026-10-09T16:27:13.8171707Z Processing triggers for libc-bin (2.35-0ubuntu3.15) ...
2026-10-09T16:27:16.3961904Z Processing triggers for man-db (2.10.2-1) ...
2026-10-09T16:27:16.4548779Z Not building database; man-db/auto-update is not 'true'.
2026-10-09T16:27:17.7317452Z 
2026-10-09T16:27:17.7318098Z Running kernel seems to be up-to-date.
2026-10-09T16:27:17.7318558Z 
2026-10-09T16:27:17.7318704Z No services need to be restarted.
2026-10-09T16:27:17.7318943Z 
2026-10-09T16:27:17.7319085Z No containers need to be restarted.
2026-10-09T16:27:17.7319314Z 
2026-10-09T16:27:17.7319450Z No user sessions are running outdated binaries.
2026-10-09T16:27:17.7319656Z 
2026-10-09T16:27:17.7329176Z No VM guests are running outdated hypervisor (qemu) binaries on this host.
2026-10-09T16:27:19.6568177Z ccache version 4.5.1
2026-10-09T16:27:19.6568731Z Features: file-storage http-storage redis-storage
2026-10-09T16:27:19.6569055Z 
2026-10-09T16:27:19.6569234Z Copyright (C) 2002-2007 Andrew Tridgell
2026-10-09T16:27:19.6569674Z Copyright (C) 2009-2021 Joel Rosdahl and other contributors
2026-10-09T16:27:19.6570328Z 
2026-10-09T16:27:19.6570652Z See <https://ccache.dev/credits.html> for a complete list of contributors.
2026-10-09T16:27:19.6571038Z 
2026-10-09T16:27:19.6571284Z This program is free software; you can redistribute it and/or modify it under
2026-10-09T16:27:19.6571701Z the terms of the GNU General Public License as published by the Free Software
2026-10-09T16:27:19.6572088Z Foundation; either version 3 of the License, or (at your option) any later
2026-10-09T16:27:19.6572377Z version.
2026-10-09T16:27:19.6858321Z Statistics zeroed
2026-10-09T16:27:19.6894083Z ##[group]Run bash tools/ci_prepare_build.sh
2026-10-09T16:27:19.6894388Z [36;1mbash tools/ci_prepare_build.sh[0m
2026-10-09T16:27:19.6956389Z shell: /usr/bin/bash --noprofile --norc -e -o pipefail {0}
2026-10-09T16:27:19.6956684Z env:
2026-10-09T16:27:19.6956854Z   BUILD_VARIANT: debug
2026-10-09T16:27:19.6957044Z   CCACHE_MAXSIZE: 2G
2026-10-09T16:27:19.6957240Z   CCACHE_COMPILERCHECK: content
2026-10-09T16:27:19.6957475Z   CCACHE_SLOPPINESS: 
2026-10-09T16:27:19.6957662Z   CCACHE_NODEPEND: 1
2026-10-09T16:27:19.6957840Z   CCACHE_NODIRECT: 1
2026-10-09T16:27:19.6958032Z   CMAKE_C_COMPILER_LAUNCHER: ccache
2026-10-09T16:27:19.6958255Z   CMAKE_CXX_COMPILER_LAUNCHER: ccache
2026-10-09T16:27:19.6958685Z   CCACHE_DIR: /home/runner/work/_temp/anpaint-ccache
2026-10-09T16:27:19.6958940Z ##[endgroup]
2026-10-09T16:27:24.0786069Z Loading package information...                                                  
2026-10-09T16:27:24.1615511Z Loading local repository...                                                     
2026-10-09T16:27:24.1619035Z [                                       ] 3% Loading local repository...        
2026-10-09T16:27:24.5087887Z [                                       ] 3% Fetch remote repository...         
2026-10-09T16:27:24.9842299Z [=                                      ] 3% Fetch remote repository...         
2026-10-09T16:27:25.0459060Z [=                                      ] 4% Fetch remote repository...         
2026-10-09T16:27:25.0876722Z [=                                      ] 5% Fetch remote repository...         
2026-10-09T16:27:25.1205330Z [==                                     ] 5% Fetch remote repository...         
2026-10-09T16:27:25.1846912Z [==                                     ] 6% Fetch remote repository...         
2026-10-09T16:27:25.2589727Z [==                                     ] 7% Fetch remote repository...         
2026-10-09T16:27:25.2619393Z [==                                     ] 7% Computing updates...               
2026-10-09T16:27:25.2679558Z [===                                    ] 8% Computing updates...               
2026-10-09T16:27:25.2810301Z [===                                    ] 10% Computing updates...              
2026-10-09T16:27:25.3719437Z [===                                    ] 10% Installing NDK (Side by side) 27.2
2026-10-09T16:27:25.6571488Z [===                                    ] 10% Downloading android-ndk-r27c-linux
2026-10-09T16:27:25.7448495Z [====                                   ] 10% Downloading android-ndk-r27c-linux
2026-10-09T16:27:25.8756612Z [====                                   ] 11% Downloading android-ndk-r27c-linux
2026-10-09T16:27:25.9519688Z [====                                   ] 12% Downloading android-ndk-r27c-linux
2026-10-09T16:27:26.0093925Z [=====                                  ] 13% Downloading android-ndk-r27c-linux
2026-10-09T16:27:26.0653413Z [=====                                  ] 14% Downloading android-ndk-r27c-linux
2026-10-09T16:27:26.1154259Z [=====                                  ] 15% Downloading android-ndk-r27c-linux
2026-10-09T16:27:26.1526811Z [======                                 ] 15% Downloading android-ndk-r27c-linux
2026-10-09T16:27:26.2224065Z [======                                 ] 16% Downloading android-ndk-r27c-linux
2026-10-09T16:27:26.3186633Z [======                                 ] 17% Downloading android-ndk-r27c-linux
2026-10-09T16:27:26.3834625Z [=======                                ] 18% Downloading android-ndk-r27c-linux
2026-10-09T16:27:26.4657920Z [=======                                ] 19% Downloading android-ndk-r27c-linux
2026-10-09T16:27:26.5107270Z [=======                                ] 20% Downloading android-ndk-r27c-linux
2026-10-09T16:27:26.5629489Z [========                               ] 20% Downloading android-ndk-r27c-linux
2026-10-09T16:27:26.6497051Z [========                               ] 21% Downloading android-ndk-r27c-linux
2026-10-09T16:27:26.7269797Z [========                               ] 22% Downloading android-ndk-r27c-linux
2026-10-09T16:27:26.8007127Z [=========                              ] 23% Downloading android-ndk-r27c-linux
2026-10-09T16:27:26.8813741Z [=========                              ] 24% Downloading android-ndk-r27c-linux
2026-10-09T16:27:26.9315727Z [=========                              ] 25% Downloading android-ndk-r27c-linux
2026-10-09T16:27:26.9821586Z [==========                             ] 25% Downloading android-ndk-r27c-linux
2026-10-09T16:27:27.0672349Z [==========                             ] 26% Downloading android-ndk-r27c-linux
2026-10-09T16:27:27.1636252Z [==========                             ] 27% Downloading android-ndk-r27c-linux
2026-10-09T16:27:27.2775964Z [===========                            ] 28% Downloading android-ndk-r27c-linux
2026-10-09T16:27:27.3457999Z [===========                            ] 29% Downloading android-ndk-r27c-linux
2026-10-09T16:27:27.3802877Z [===========                            ] 30% Downloading android-ndk-r27c-linux
2026-10-09T16:27:27.4311572Z [============                           ] 30% Downloading android-ndk-r27c-linux
2026-10-09T16:27:27.5432935Z [============                           ] 31% Downloading android-ndk-r27c-linux
2026-10-09T16:27:27.6625788Z [============                           ] 32% Downloading android-ndk-r27c-linux
2026-10-09T16:27:27.6628860Z [============                           ] 33% Downloading android-ndk-r27c-linux
2026-10-09T16:27:28.0175750Z [============                           ] 33% Unzipping...                      
2026-10-09T16:27:28.0204623Z [============                           ] 33% Unzipping... android-ndk-r27c/    
2026-10-09T16:27:28.0219386Z [============                           ] 33% Unzipping... android-ndk-r27c/READ
2026-10-09T16:27:28.0220081Z [=============                          ] 33% Unzipping... android-ndk-r27c/READ
2026-10-09T16:27:28.0220830Z [=============                          ] 33% Unzipping... android-ndk-r27c/meta
2026-10-09T16:27:28.1497704Z [=============                          ] 33% Unzipping... android-ndk-r27c/shad
2026-10-09T16:27:28.1521714Z [=============                          ] 33% Unzipping... android-ndk-r27c/ndk-
2026-10-09T16:27:28.1522585Z [=============                          ] 33% Unzipping... android-ndk-r27c/wrap
2026-10-09T16:27:28.1523363Z [=============                          ] 33% Unzipping... android-ndk-r27c/ndk-
2026-10-09T16:27:28.4660735Z [=============                          ] 33% Unzipping... android-ndk-r27c/tool
2026-10-09T16:27:29.3219179Z [=============                          ] 34% Unzipping... android-ndk-r27c/tool
2026-10-09T16:27:29.5372173Z [=============                          ] 35% Unzipping... android-ndk-r27c/tool
2026-10-09T16:27:29.6618352Z [==============                         ] 35% Unzipping... android-ndk-r27c/tool
2026-10-09T16:27:31.3617976Z [==============                         ] 36% Unzipping... android-ndk-r27c/tool
2026-10-09T16:27:32.4917689Z [==============                         ] 37% Unzipping... android-ndk-r27c/tool
2026-10-09T16:27:33.6711071Z [===============                        ] 38% Unzipping... android-ndk-r27c/tool
2026-10-09T16:27:34.5472664Z [===============                        ] 39% Unzipping... android-ndk-r27c/tool
2026-10-09T16:27:34.8381867Z [===============                        ] 40% Unzipping... android-ndk-r27c/tool
2026-10-09T16:27:35.2400729Z [================                       ] 40% Unzipping... android-ndk-r27c/tool
2026-10-09T16:27:35.9177466Z [================                       ] 41% Unzipping... android-ndk-r27c/tool
2026-10-09T16:27:36.5143116Z [================                       ] 42% Unzipping... android-ndk-r27c/tool
2026-10-09T16:27:37.4826763Z [=================                      ] 43% Unzipping... android-ndk-r27c/tool
2026-10-09T16:27:40.6355084Z [=================                      ] 44% Unzipping... android-ndk-r27c/tool
2026-10-09T16:27:41.3391404Z [=================                      ] 45% Unzipping... android-ndk-r27c/tool
2026-10-09T16:27:41.5123594Z [==================                     ] 45% Unzipping... android-ndk-r27c/tool
2026-10-09T16:27:42.4160853Z [==================                     ] 46% Unzipping... android-ndk-r27c/tool
2026-10-09T16:27:43.2064488Z [==================                     ] 47% Unzipping... android-ndk-r27c/tool
2026-10-09T16:27:43.8035009Z [===================                    ] 48% Unzipping... android-ndk-r27c/tool
2026-10-09T16:27:44.3892891Z [===================                    ] 49% Unzipping... android-ndk-r27c/tool
2026-10-09T16:27:44.5594779Z [===================                    ] 50% Unzipping... android-ndk-r27c/tool
2026-10-09T16:27:44.7388752Z [====================                   ] 50% Unzipping... android-ndk-r27c/tool
2026-10-09T16:27:45.8323996Z [====================                   ] 51% Unzipping... android-ndk-r27c/tool
2026-10-09T16:27:46.2995357Z [====================                   ] 52% Unzipping... android-ndk-r27c/tool
2026-10-09T16:27:47.2631682Z [=====================                  ] 53% Unzipping... android-ndk-r27c/tool
2026-10-09T16:27:47.5845031Z [=====================                  ] 54% Unzipping... android-ndk-r27c/tool
2026-10-09T16:27:47.7797019Z [=====================                  ] 54% Unzipping... android-ndk-r27c/buil
2026-10-09T16:27:48.0085064Z [=====================                  ] 54% Unzipping... android-ndk-r27c/sour
2026-10-09T16:27:48.0105180Z [=====================                  ] 54% Unzipping... android-ndk-r27c/NOTI
2026-10-09T16:27:48.0106438Z [=====================                  ] 54% Unzipping... android-ndk-r27c/ndk-
2026-10-09T16:27:48.0120197Z [=====================                  ] 54% Unzipping... android-ndk-r27c/NOTI
2026-10-09T16:27:48.0146572Z [=====================                  ] 54% Unzipping... android-ndk-r27c/pyth
2026-10-09T16:27:48.0640829Z [=====================                  ] 54% Unzipping... android-ndk-r27c/preb
2026-10-09T16:27:48.0642280Z [=====================                  ] 54% Unzipping... android-ndk-r27c/ndk-
2026-10-09T16:27:48.0649313Z [=====================                  ] 54% Unzipping... android-ndk-r27c/sour
2026-10-09T16:27:48.1222043Z [=====================                  ] 54% Unzipping... android-ndk-r27c/simp
2026-10-09T16:27:48.3616105Z [=====================                  ] 55% Unzipping... android-ndk-r27c/simp
2026-10-09T16:27:48.4876025Z [=====================                  ] 55% Unzipping... android-ndk-r27c/CHAN
2026-10-09T16:27:48.4876630Z [=======================================] 100% Unzipping... android-ndk-r27c/CHA
2026-10-09T16:27:48.6260789Z 
2026-10-09T16:27:49.1915999Z 
2026-10-09T16:27:49.1917174Z Welcome to Gradle 8.13!
2026-10-09T16:27:49.1917636Z 
2026-10-09T16:27:49.1918587Z Here are the highlights of this release:
2026-10-09T16:27:49.1925936Z  - Daemon JVM auto-provisioning
2026-10-09T16:27:49.1926552Z  - Enhancements for Scala plugin and JUnit testing
2026-10-09T16:27:49.1927199Z  - Improvements for build authors and plugin developers
2026-10-09T16:27:49.1927516Z 
2026-10-09T16:27:49.1927791Z For more details see https://docs.gradle.org/8.13/release-notes.html
2026-10-09T16:27:49.1928157Z 
2026-10-09T16:27:49.2913699Z To honour the JVM settings for this build a single-use Daemon process will be forked. For more on this, please refer to https://docs.gradle.org/8.13/userguide/gradle_daemon.html#sec:disabling_the_daemon in the Gradle documentation.
2026-10-09T16:27:50.1907902Z Daemon will be stopped at the end of the build 
2026-10-09T16:28:14.0916100Z > Task :app:writeDependencyInventory
2026-10-09T16:28:14.0933027Z 
2026-10-09T16:28:14.0933688Z [Incubating] Problems report is available at: file:///home/runner/work/AN-Paint/AN-Paint/build/reports/problems/problems-report.html
2026-10-09T16:28:14.0934364Z 
2026-10-09T16:28:14.0934713Z Deprecated Gradle features were used in this build, making it incompatible with Gradle 9.0.
2026-10-09T16:28:14.0935168Z 
2026-10-09T16:28:14.0936092Z You can use '--warning-mode all' to show the individual deprecation warnings and determine if they come from your own scripts or plugins.
2026-10-09T16:28:14.0936735Z 
2026-10-09T16:28:14.0937157Z For more on this, please refer to https://docs.gradle.org/8.13/userguide/command_line_interface.html#sec:command_line_warnings in the Gradle documentation.
2026-10-09T16:28:14.0937595Z 
2026-10-09T16:28:14.0937679Z BUILD SUCCESSFUL in 25s
2026-10-09T16:28:14.0937877Z 1 actionable task: 1 executed
2026-10-09T16:28:14.3008775Z Preserved Android NDK 27.2.12479018 LLVM runtime notices: 130424 bytes, SHA-256 f96f763beb66a7ba7a667647fc64c0226ace875e590c831fdd9579ec1c1d91e1
2026-10-09T16:28:14.3419023Z Preserved TIFF codec notices and source hashes.
2026-10-09T16:28:14.4435141Z Wrote /home/runner/work/AN-Paint/AN-Paint/Paintroid/src/main/assets/legal/THIRD_PARTY_NOTICES.txt: 35 resolved components, 0 packaged notices.
2026-10-09T16:28:14.9670321Z ##[group]Run ./gradlew --no-daemon --max-workers=2 --console=plain :app:assemble${BUILD_VARIANT^} -PciReleaseSigning
2026-10-09T16:28:14.9670950Z [36;1m./gradlew --no-daemon --max-workers=2 --console=plain :app:assemble${BUILD_VARIANT^} -PciReleaseSigning[0m
2026-10-09T16:28:14.9735356Z shell: /usr/bin/bash --noprofile --norc -e -o pipefail {0}
2026-10-09T16:28:14.9735648Z env:
2026-10-09T16:28:14.9735822Z   BUILD_VARIANT: debug
2026-10-09T16:28:14.9736014Z   CCACHE_MAXSIZE: 2G
2026-10-09T16:28:14.9736200Z   CCACHE_COMPILERCHECK: content
2026-10-09T16:28:14.9736425Z   CCACHE_SLOPPINESS: 
2026-10-09T16:28:14.9736603Z   CCACHE_NODEPEND: 1
2026-10-09T16:28:14.9736771Z   CCACHE_NODIRECT: 1
2026-10-09T16:28:14.9736950Z   CMAKE_C_COMPILER_LAUNCHER: ccache
2026-10-09T16:28:14.9737181Z   CMAKE_CXX_COMPILER_LAUNCHER: ccache
2026-10-09T16:28:14.9737424Z   CCACHE_DIR: /home/runner/work/_temp/anpaint-ccache
2026-10-09T16:28:14.9737703Z   JAVA_HOME: /usr/lib/jvm/temurin-17-jdk-amd64
2026-10-09T16:28:14.9737974Z ##[endgroup]
2026-10-09T16:28:15.5890082Z To honour the JVM settings for this build a single-use Daemon process will be forked. For more on this, please refer to https://docs.gradle.org/8.13/userguide/gradle_daemon.html#sec:disabling_the_daemon in the Gradle documentation.
2026-10-09T16:28:16.4875574Z Daemon will be stopped at the end of the build 
2026-10-09T16:28:27.5899743Z > Task :app:preBuild UP-TO-DATE
2026-10-09T16:28:27.5900303Z > Task :app:preDebugBuild UP-TO-DATE
2026-10-09T16:28:27.6881273Z > Task :app:mergeDebugNativeDebugMetadata NO-SOURCE
2026-10-09T16:28:27.6882160Z > Task :app:checkKotlinGradlePluginConfigurationErrors
2026-10-09T16:28:27.6882809Z > Task :Paintroid:fetchHeifSources
2026-10-09T16:28:27.7874035Z > Task :Paintroid:fetchJxlSources
2026-10-09T16:28:27.7874685Z > Task :Paintroid:fetchTiffSources
2026-10-09T16:28:27.8874132Z > Task :Paintroid:fetchWebpSources
2026-10-09T16:28:33.0886873Z > Task :Paintroid:bundleCorrespondingSource
2026-10-09T16:28:33.0888862Z > Task :Paintroid:preBuild
2026-10-09T16:28:33.0890330Z > Task :Paintroid:preDebugBuild
2026-10-09T16:28:33.0890871Z > Task :Paintroid:writeDebugAarMetadata
2026-10-09T16:28:33.0891465Z > Task :Paintroid:processDebugNavigationResources
2026-10-09T16:28:33.4879727Z > Task :app:checkDebugAarMetadata
2026-10-09T16:28:33.5888916Z > Task :app:processDebugNavigationResources
2026-10-09T16:28:33.6899650Z > Task :app:generateDebugResValues
2026-10-09T16:28:33.6900224Z > Task :app:compileDebugNavigationResources
2026-10-09T16:28:33.6900811Z > Task :Paintroid:generateDebugResValues
2026-10-09T16:28:33.6901781Z > Task :Paintroid:generateDebugResources
2026-10-09T16:28:35.0905066Z > Task :Paintroid:packageDebugResources
2026-10-09T16:28:35.1911866Z > Task :app:mapDebugSourceSetPaths
2026-10-09T16:28:35.1948950Z > Task :app:generateDebugResources
2026-10-09T16:28:36.2900454Z > Task :app:createDebugCompatibleScreenManifests
2026-10-09T16:28:36.2939193Z > Task :app:extractDeepLinksDebug
2026-10-09T16:28:36.2968941Z > Task :Paintroid:extractDeepLinksDebug
2026-10-09T16:28:37.4889567Z > Task :Paintroid:processDebugManifest
2026-10-09T16:28:37.6877850Z > Task :app:mergeDebugResources
2026-10-09T16:28:37.7900921Z 
2026-10-09T16:28:37.7919966Z > Task :app:processDebugMainManifest
2026-10-09T16:28:37.7925296Z [androidx.vectordrawable:vectordrawable-animated:1.0.0] /home/runner/.gradle/caches/8.13/transforms/4c0c74693644e94e33bc27c89cbf9cd0/transformed/vectordrawable-animated-1.0.0/AndroidManifest.xml Warning:
2026-10-09T16:28:37.7928051Z 	Namespace 'androidx.vectordrawable' is used in multiple modules and/or libraries: androidx.vectordrawable:vectordrawable-animated:1.0.0, androidx.vectordrawable:vectordrawable:1.0.0. Please ensure that all modules and libraries have a unique namespace. For more information, See https://developer.android.com/studio/build/configure-app-module#set-namespace
2026-10-09T16:28:37.7930467Z /home/runner/work/AN-Paint/AN-Paint/app/src/main/AndroidManifest.xml:24:5-53:19 Warning:
2026-10-09T16:28:37.7932142Z 	application@android:icon was tagged at AndroidManifest.xml:24 to replace other declarations but no other declaration present
2026-10-09T16:28:37.7933435Z /home/runner/work/AN-Paint/AN-Paint/app/src/main/AndroidManifest.xml:24:5-53:19 Warning:
2026-10-09T16:28:37.7934521Z 	application@android:roundIcon was tagged at AndroidManifest.xml:24 to replace other declarations but no other declaration present
2026-10-09T16:28:37.8887621Z 
2026-10-09T16:28:37.8888684Z > Task :app:processDebugManifest
2026-10-09T16:28:37.8889442Z > Task :app:processDebugManifestForPackage
2026-10-09T16:28:37.9874228Z > Task :Paintroid:compileDebugLibraryResources
2026-10-09T16:28:38.1907759Z > Task :Paintroid:checkKotlinGradlePluginConfigurationErrors
2026-10-09T16:28:38.1949427Z > Task :Paintroid:generateDebugBuildConfig
2026-10-09T16:28:38.2878255Z > Task :Paintroid:javaPreCompileDebug
2026-10-09T16:28:38.2912139Z > Task :app:javaPreCompileDebug
2026-10-09T16:28:38.2912884Z > Task :app:mergeDebugShaders
2026-10-09T16:28:38.2939124Z > Task :app:compileDebugShaders NO-SOURCE
2026-10-09T16:28:38.2969139Z > Task :app:generateDebugAssets UP-TO-DATE
2026-10-09T16:28:38.2996600Z > Task :Paintroid:mergeDebugShaders
2026-10-09T16:28:38.3029375Z > Task :Paintroid:compileDebugShaders NO-SOURCE
2026-10-09T16:28:38.3030083Z > Task :Paintroid:generateDebugAssets UP-TO-DATE
2026-10-09T16:28:38.3880718Z > Task :Paintroid:parseDebugLocalResources
2026-10-09T16:28:38.4899484Z > Task :Paintroid:mergeDebugAssets
2026-10-09T16:28:38.6878680Z > Task :Paintroid:generateDebugRFile
2026-10-09T16:28:38.7880800Z > Task :app:mergeDebugAssets
2026-10-09T16:28:40.4875249Z > Task :app:processDebugResources
2026-10-09T16:28:43.8899619Z > Task :app:compressDebugAssets
2026-10-09T16:28:45.3889647Z > Task :app:desugarDebugFileDependencies
2026-10-09T16:28:45.6889367Z > Task :app:checkDebugDuplicateClasses
2026-10-09T16:29:09.1895349Z > Task :Paintroid:compileDebugKotlin
2026-10-09T16:29:15.6874460Z > Task :app:mergeExtDexDebug
2026-10-09T16:29:21.5889510Z > Task :app:mergeDebugJniLibFolders
2026-10-09T16:29:26.9899018Z 
2026-10-09T16:29:26.9942308Z > Task :Paintroid:configureCMakeDebug[arm64-v8a]
2026-10-09T16:29:26.9949388Z C/C++: -- Compiler is not EMSCRIPTEN
2026-10-09T16:29:33.7874704Z C/C++: --- aom_configure: Detected CPU: generic
2026-10-09T16:29:33.7886909Z C/C++: Running C compiler test: pie_check
2026-10-09T16:29:33.8877540Z C/C++: CONFIG_PIC enabled for position independent executable (PIE) build
2026-10-09T16:29:33.8909121Z C/C++: Running C compiler test: unistd_check
2026-10-09T16:29:33.9889613Z C/C++: Running CXX compiler test: unistd_check
2026-10-09T16:29:34.3892981Z C/C++: Running C compiler test: fenv_check
2026-10-09T16:29:34.5889439Z C/C++: Checking C compiler flag support for: -std=c11
2026-10-09T16:29:34.6929675Z C/C++: Checking C++ compiler flag support for: -std=c++17
2026-10-09T16:29:34.8873727Z C/C++: Checking C compiler flag support for: -Wall
2026-10-09T16:29:34.9929733Z C/C++: Checking C++ compiler flag support for: -Wall
2026-10-09T16:29:35.0873760Z C/C++: Checking C compiler flag support for: -Wdisabled-optimization
2026-10-09T16:29:35.2906057Z C/C++: Checking C++ compiler flag support for: -Wdisabled-optimization
2026-10-09T16:29:35.3891736Z C/C++: Checking C compiler flag support for: -Wextra
2026-10-09T16:29:35.5873288Z C/C++: Checking C++ compiler flag support for: -Wextra
2026-10-09T16:29:35.6899653Z C/C++: Checking C compiler flag support for: -Wextra-semi
2026-10-09T16:29:35.7909638Z C/C++: Checking C++ compiler flag support for: -Wextra-semi
2026-10-09T16:29:35.9873606Z C/C++: Checking C compiler flag support for: -Wextra-semi-stmt
2026-10-09T16:29:36.0873238Z C/C++: Checking C++ compiler flag support for: -Wextra-semi-stmt
2026-10-09T16:29:36.2875818Z C/C++: Checking C compiler flag support for: -Wfloat-conversion
2026-10-09T16:29:36.3877659Z C/C++: Checking C++ compiler flag support for: -Wfloat-conversion
2026-10-09T16:29:36.5873736Z C/C++: Checking C compiler flag support for: -Wformat=2
2026-10-09T16:29:36.6874424Z C/C++: Checking C++ compiler flag support for: -Wformat=2
2026-10-09T16:29:36.8899616Z C/C++: Checking C compiler flag support for: -Wimplicit-function-declaration
2026-10-09T16:29:36.9873200Z C/C++: Checking C compiler flag support for: -Wlogical-op
2026-10-09T16:29:37.1918925Z C/C++: Checking C++ compiler flag support for: -Wlogical-op
2026-10-09T16:29:37.2879760Z C/C++: Checking C compiler flag support for: -Wmissing-declarations
2026-10-09T16:29:37.4889683Z C/C++: Checking C++ compiler flag support for: -Wmissing-declarations
2026-10-09T16:29:37.5873429Z C/C++: Checking C compiler flag support for: -Wmissing-prototypes
2026-10-09T16:29:37.7909784Z C/C++: Checking C++ compiler flag support for: -Wmissing-prototypes
2026-10-09T16:29:37.8889916Z C/C++: Checking C compiler flag support for: -Wpointer-arith
2026-10-09T16:29:37.9890101Z C/C++: Checking C++ compiler flag support for: -Wpointer-arith
2026-10-09T16:29:38.1873547Z C/C++: Checking C compiler flag support for: -Wshadow
2026-10-09T16:29:38.2880172Z C/C++: Checking C++ compiler flag support for: -Wshadow
2026-10-09T16:29:38.4873177Z C/C++: Checking C compiler flag support for: -Wshorten-64-to-32
2026-10-09T16:29:38.5879501Z C/C++: Checking C++ compiler flag support for: -Wshorten-64-to-32
2026-10-09T16:29:38.6911657Z C/C++: Checking C compiler flag support for: -Wsign-compare
2026-10-09T16:29:38.7889673Z C/C++: Checking C++ compiler flag support for: -Wsign-compare
2026-10-09T16:29:38.9919961Z C/C++: Checking C compiler flag support for: -Wstring-conversion
2026-10-09T16:29:39.0899406Z C/C++: Checking C++ compiler flag support for: -Wstring-conversion
2026-10-09T16:29:39.1896055Z C/C++: Checking C compiler flag support for: -Wtype-limits
2026-10-09T16:29:39.3899762Z C/C++: Checking C++ compiler flag support for: -Wtype-limits
2026-10-09T16:29:39.4873570Z C/C++: Checking C compiler flag support for: -Wundef
2026-10-09T16:29:39.6873714Z C/C++: Checking C++ compiler flag support for: -Wundef
2026-10-09T16:29:39.7873588Z C/C++: Checking C compiler flag support for: -Wuninitialized
2026-10-09T16:29:39.8873768Z C/C++: Checking C++ compiler flag support for: -Wuninitialized
2026-10-09T16:29:40.0873837Z C/C++: Checking C compiler flag support for: -Wunreachable-code-aggressive
2026-10-09T16:29:40.1874636Z C/C++: Checking C++ compiler flag support for: -Wunreachable-code-aggressive
2026-10-09T16:29:40.3924415Z C/C++: Checking C compiler flag support for: -Wunused
2026-10-09T16:29:40.4910813Z C/C++: Checking C++ compiler flag support for: -Wunused
2026-10-09T16:29:40.5881403Z C/C++: Checking C compiler flag support for: -Wvla
2026-10-09T16:29:40.7889446Z C/C++: Checking C++ compiler flag support for: -Wvla
2026-10-09T16:29:40.8873763Z C/C++: Checking C compiler flag support for: -Wc23-extensions
2026-10-09T16:29:41.0879628Z C/C++: Checking C++ compiler flag support for: -Wc++20-extensions
2026-10-09T16:29:41.1899584Z C/C++: Checking C++ compiler flag support for: -Wc++23-extensions
2026-10-09T16:29:41.2873530Z C/C++: Checking C compiler flag support for: -Wstack-usage=100000
2026-10-09T16:29:41.4873751Z C/C++: Checking C++ compiler flag support for: -Wstack-usage=240000
2026-10-09T16:29:41.5916711Z C/C++: Checking C compiler flag support for: -D_LARGEFILE_SOURCE
2026-10-09T16:29:41.7882996Z C/C++: Checking C++ compiler flag support for: -D_LARGEFILE_SOURCE
2026-10-09T16:29:41.8899585Z C/C++: Checking C compiler flag support for: -D_FILE_OFFSET_BITS=64
2026-10-09T16:29:41.9873968Z C/C++: Checking C++ compiler flag support for: -D_FILE_OFFSET_BITS=64
2026-10-09T16:29:42.1885081Z C/C++: Checking C compiler flag support for: -flax-vector-conversions=none
2026-10-09T16:29:42.2887524Z C/C++: Checking C++ compiler flag support for: -flax-vector-conversions=none
2026-10-09T16:29:43.4885451Z C/C++: === Summary of compiled codecs ===
2026-10-09T16:29:43.4919420Z C/C++: libde265 HEVC decoder                 : + built-in
2026-10-09T16:29:43.4952404Z C/C++: FFMPEG HEVC decoder (HW acc)          : - disabled
2026-10-09T16:29:43.4960937Z C/C++: WebCodecs HEVC decoder (experimental) : - disabled
2026-10-09T16:29:43.4980036Z C/C++: x265 HEVC encoder                     : - disabled
2026-10-09T16:29:43.4981047Z C/C++: Kvazaar HEVC encoder                  : + built-in
2026-10-09T16:29:43.5004209Z C/C++: AOM AV1 decoder                       : + built-in
2026-10-09T16:29:43.5004991Z C/C++: AOM AV1 encoder                       : + built-in
2026-10-09T16:29:43.5005611Z C/C++: Dav1d AV1 decoder                     : - disabled
2026-10-09T16:29:43.5006333Z C/C++: SVT AV1 encoder                       : - disabled
2026-10-09T16:29:43.5006915Z C/C++: Rav1e AV1 encoder                     : - disabled
2026-10-09T16:29:43.5007649Z C/C++: JPEG decoder                          : - disabled
2026-10-09T16:29:43.5008263Z C/C++: JPEG encoder                          : - disabled
2026-10-09T16:29:43.5009032Z C/C++: x264 AVC encoder                      : - disabled
2026-10-09T16:29:43.5009733Z C/C++: OpenH264 decoder                      : - disabled
2026-10-09T16:29:43.5010340Z C/C++: OpenJPEG J2K decoder                  : - disabled
2026-10-09T16:29:43.5011054Z C/C++: OpenJPEG J2K encoder                  : - disabled
2026-10-09T16:29:43.5011660Z C/C++: OpenJPH HT-J2K encoder                : - disabled
2026-10-09T16:29:43.5012215Z C/C++: uvg266 VVC encoder                    : - disabled
2026-10-09T16:29:43.5012926Z C/C++: vvenc VVC encoder                     : - disabled
2026-10-09T16:29:43.5028582Z C/C++: vvdec VVC decoder                     : - disabled
2026-10-09T16:29:43.5029011Z C/C++: === Supported formats ===
2026-10-09T16:29:43.5029374Z C/C++: format        decoding   encoding
2026-10-09T16:29:43.5029756Z C/C++: AVC             NO         NO 
2026-10-09T16:29:43.5030119Z C/C++: AVIF            YES        YES
2026-10-09T16:29:43.5030445Z C/C++: HEIC            YES        YES
2026-10-09T16:29:43.5030779Z C/C++: JPEG            NO         NO 
2026-10-09T16:29:43.5031114Z C/C++: JPEG2000        NO         NO 
2026-10-09T16:29:43.5031452Z C/C++: JPEG2000-HT     NO         NO 
2026-10-09T16:29:43.5031812Z C/C++: Uncompressed    NO         NO 
2026-10-09T16:29:43.5032150Z C/C++: VVC             NO         NO 
2026-10-09T16:29:43.5032488Z C/C++: libsharpyuv: disabled
2026-10-09T16:29:43.5910690Z C/C++: === Active input formats for heif-enc ===
2026-10-09T16:29:43.5962429Z C/C++: JPEG: ------ (libjpeg not found)
2026-10-09T16:29:43.5962905Z C/C++: PNG:  ------ (libpng not found)
2026-10-09T16:29:43.5963317Z C/C++: WEBP:  ------ (libwebp not found)
2026-10-09T16:29:43.5986867Z C/C++: TIFF: ------ (libtiff not found)
2026-10-09T16:29:43.6008893Z C/C++: Not compiling 'x265' backend
2026-10-09T16:29:43.6018880Z C/C++: Compiling 'libde265' as built-in backend
2026-10-09T16:29:43.6029778Z C/C++: Not compiling 'dav1d' backend
2026-10-09T16:29:43.6030369Z C/C++: Compiling 'aomdec' as built-in backend
2026-10-09T16:29:43.6030941Z C/C++: Compiling 'aomenc' as built-in backend
2026-10-09T16:29:43.6031437Z C/C++: Not compiling 'svtenc' backend
2026-10-09T16:29:43.6031921Z C/C++: Not compiling 'rav1e' backend
2026-10-09T16:29:43.6032422Z C/C++: Not compiling 'jpegdec' backend
2026-10-09T16:29:43.6032899Z C/C++: Not compiling 'jpegenc' backend
2026-10-09T16:29:43.6033370Z C/C++: Not compiling 'j2kdec' backend
2026-10-09T16:29:43.6033847Z C/C++: Not compiling 'j2kenc' backend
2026-10-09T16:29:43.6034336Z C/C++: Compiling 'kvazaar' as built-in backend
2026-10-09T16:29:43.6034853Z C/C++: Not compiling 'ffmpegdec' backend
2026-10-09T16:29:43.6035359Z C/C++: Not compiling 'jphenc' backend
2026-10-09T16:29:43.6035830Z C/C++: Not compiling 'uvg266' backend
2026-10-09T16:29:43.6036320Z C/C++: Not compiling 'vvdec' backend
2026-10-09T16:29:43.6036821Z C/C++: Not compiling 'vvenc' backend
2026-10-09T16:29:43.6037284Z C/C++: Not compiling 'x264' backend
2026-10-09T16:29:43.6037777Z C/C++: Not compiling 'openh264dec' backend
2026-10-09T16:29:43.6038283Z C/C++: Not compiling 'libsharpyuv'
2026-10-09T16:29:47.6873218Z 
2026-10-09T16:29:47.6874127Z > Task :Paintroid:compileDebugKotlin
2026-10-09T16:29:47.6875967Z w: file:///home/runner/work/AN-Paint/AN-Paint/Paintroid/src/main/java/org/catrobat/paintroid/classic/AssemblyRenderer.kt:141:23 Unnecessary non-null assertion (!!) on a non-null receiver of type Bitmap
2026-10-09T16:29:47.6878173Z w: file:///home/runner/work/AN-Paint/AN-Paint/Paintroid/src/main/java/org/catrobat/paintroid/classic/ClassicPaintActivity.kt:154:29 'getParcelableArrayList(String?): ArrayList<T!>?' is deprecated. Deprecated in Java
2026-10-09T16:29:47.6880493Z w: file:///home/runner/work/AN-Paint/AN-Paint/Paintroid/src/main/java/org/catrobat/paintroid/classic/ClassicPaintActivity.kt:260:61 'getParcelable(String?): T?' is deprecated. Deprecated in Java
2026-10-09T16:29:47.6882407Z w: file:///home/runner/work/AN-Paint/AN-Paint/Paintroid/src/main/java/org/catrobat/paintroid/classic/ClassicPaintActivity.kt:261:96 'getParcelable(String?): T?' is deprecated. Deprecated in Java
2026-10-09T16:29:47.6884328Z w: file:///home/runner/work/AN-Paint/AN-Paint/Paintroid/src/main/java/org/catrobat/paintroid/classic/ClassicPaintActivity.kt:1128:40 'getParcelableExtra(String!): T?' is deprecated. Deprecated in Java
2026-10-09T16:29:47.6886286Z w: file:///home/runner/work/AN-Paint/AN-Paint/Paintroid/src/main/java/org/catrobat/paintroid/classic/ClassicPaintActivity.kt:1205:39 Condition 'returnedSession!=null' is always 'true'
2026-10-09T16:29:47.6888102Z w: file:///home/runner/work/AN-Paint/AN-Paint/Paintroid/src/main/java/org/catrobat/paintroid/classic/ClassicPaintActivity.kt:1229:21 Unnecessary safe call on a non-null receiver of type Intent?
2026-10-09T16:29:47.6890192Z w: file:///home/runner/work/AN-Paint/AN-Paint/Paintroid/src/main/java/org/catrobat/paintroid/classic/ClassicPaintActivity.kt:1230:21 Unnecessary safe call on a non-null receiver of type Intent?
2026-10-09T16:29:47.6892119Z w: file:///home/runner/work/AN-Paint/AN-Paint/Paintroid/src/main/java/org/catrobat/paintroid/classic/ClassicPaintActivity.kt:1231:21 Unnecessary safe call on a non-null receiver of type Intent?
2026-10-09T16:29:47.6894058Z w: file:///home/runner/work/AN-Paint/AN-Paint/Paintroid/src/main/java/org/catrobat/paintroid/classic/ClassicPaintActivity.kt:1574:26 'setter for systemUiVisibility: Int' is deprecated. Deprecated in Java
2026-10-09T16:29:47.6896044Z w: file:///home/runner/work/AN-Paint/AN-Paint/Paintroid/src/main/java/org/catrobat/paintroid/classic/ClassicPaintActivity.kt:1574:65 'SYSTEM_UI_FLAG_FULLSCREEN: Int' is deprecated. Deprecated in Java
2026-10-09T16:29:47.6897966Z w: file:///home/runner/work/AN-Paint/AN-Paint/Paintroid/src/main/java/org/catrobat/paintroid/classic/ClassicPaintActivity.kt:1574:101 'SYSTEM_UI_FLAG_VISIBLE: Int' is deprecated. Deprecated in Java
2026-10-09T16:29:47.6900257Z w: file:///home/runner/work/AN-Paint/AN-Paint/Paintroid/src/main/java/org/catrobat/paintroid/classic/ColourStatusButton.kt:49:112 'scaledDensity: Float' is deprecated. Deprecated in Java
2026-10-09T16:29:47.6902767Z w: file:///home/runner/work/AN-Paint/AN-Paint/Paintroid/src/main/java/org/catrobat/paintroid/classic/LegalInfo.kt:130:26 This declaration overrides deprecated member but not marked as deprecated itself. Please add @Deprecated annotation or suppress. See https://youtrack.jetbrains.com/issue/KT-47902 for details
2026-10-09T16:29:47.6905688Z w: file:///home/runner/work/AN-Paint/AN-Paint/Paintroid/src/main/java/org/catrobat/paintroid/classic/MediaGalleryActivity.kt:164:30 This declaration overrides deprecated member but not marked as deprecated itself. Please add @Deprecated annotation or suppress. See https://youtrack.jetbrains.com/issue/KT-47902 for details
2026-10-09T16:29:47.6908153Z w: file:///home/runner/work/AN-Paint/AN-Paint/Paintroid/src/main/java/org/catrobat/paintroid/classic/MediaGalleryActivity.kt:377:102 'onBackPressed(): Unit' is deprecated. Deprecated in Java
2026-10-09T16:29:47.6910159Z w: file:///home/runner/work/AN-Paint/AN-Paint/Paintroid/src/main/java/org/catrobat/paintroid/classic/PaintCanvas.kt:578:113 'scaledDensity: Float' is deprecated. Deprecated in Java
2026-10-09T16:29:47.6912012Z w: file:///home/runner/work/AN-Paint/AN-Paint/Paintroid/src/main/java/org/catrobat/paintroid/classic/PaintCanvas.kt:584:113 'scaledDensity: Float' is deprecated. Deprecated in Java
2026-10-09T16:29:47.6913843Z w: file:///home/runner/work/AN-Paint/AN-Paint/Paintroid/src/main/java/org/catrobat/paintroid/classic/PaintCanvas.kt:815:143 'computeBounds(RectF, Boolean): Unit' is deprecated. Deprecated in Java
2026-10-09T16:29:47.6915777Z w: file:///home/runner/work/AN-Paint/AN-Paint/Paintroid/src/main/java/org/catrobat/paintroid/classic/RibbonWidgets.kt:40:15 'setColorFilter(Int, PorterDuff.Mode): Unit' is deprecated. Deprecated in Java
2026-10-09T16:29:52.4918941Z 
2026-10-09T16:29:52.4949231Z > Task :Paintroid:compileDebugJavaWithJavac
2026-10-09T16:29:52.5899509Z > Task :Paintroid:bundleLibCompileToJarDebug
2026-10-09T16:29:52.5936204Z > Task :Paintroid:bundleLibRuntimeToJarDebug
2026-10-09T16:29:52.5969467Z > Task :app:compileDebugKotlin NO-SOURCE
2026-10-09T16:29:52.5999414Z > Task :app:compileDebugJavaWithJavac NO-SOURCE
2026-10-09T16:29:52.8899656Z > Task :app:dexBuilderDebug
2026-10-09T16:29:52.8919426Z > Task :app:processDebugJavaRes NO-SOURCE
2026-10-09T16:29:52.8949188Z > Task :Paintroid:processDebugJavaRes
2026-10-09T16:29:53.4873515Z > Task :app:mergeDebugJavaResource
2026-10-09T16:29:53.5910354Z > Task :app:mergeProjectDexDebug
2026-10-09T16:29:58.2889106Z 
2026-10-09T16:29:58.2969735Z > Task :Paintroid:buildCMakeDebug[arm64-v8a][anpaint_heif,anpaint_jxl,etc]
2026-10-09T16:29:58.2989650Z C/C++: ninja: Entering directory `/home/runner/work/AN-Paint/AN-Paint/Paintroid/.cxx/Debug/68am3368/arm64-v8a'
2026-10-09T16:29:58.3019390Z C/C++: In file included from /home/runner/work/AN-Paint/AN-Paint/Paintroid/build/jxl-source/third_party/skcms/src/skcms_TransformBaseline.cc:47:
2026-10-09T16:29:58.3104456Z C/C++: /home/runner/work/AN-Paint/AN-Paint/Paintroid/build/jxl-source/third_party/skcms/src/Transform_inl.h:1199:1: warning: stack frame size (5872) exceeds limit (5632) in 'skcms_private::baseline::Exec_tf_rgb(skcms_private::baseline::StageList, void const**, char const*, char*, float vector[4], float vector[4], float vector[4], float vector[4], int)' [-Wframe-larger-than]
2026-10-09T16:29:58.3139463Z C/C++:  1199 | STAGE(tf_rgb, const skcms_TransferFunction* tf) {
2026-10-09T16:29:58.3179394Z C/C++:       | ^
2026-10-09T16:29:58.3199639Z C/C++: /home/runner/work/AN-Paint/AN-Paint/Paintroid/build/jxl-source/third_party/skcms/src/Transform_inl.h:818:9: note: expanded from macro 'STAGE'
2026-10-09T16:29:58.3259655Z C/C++:   818 |         DECLARE_STAGE(name, arg, [[clang::musttail]] return (*list.fn)(list, ctx, src, dst, \
2026-10-09T16:29:58.3309297Z C/C++:       |         ^
2026-10-09T16:29:58.3369902Z C/C++: /home/runner/work/AN-Paint/AN-Paint/Paintroid/build/jxl-source/third_party/skcms/src/Transform_inl.h:809:17: note: expanded from macro 'DECLARE_STAGE'
2026-10-09T16:29:58.3419446Z C/C++:   809 |         SI void Exec_##name(StageList list, const void** ctx, STAGE_PARAMS()) { \
2026-10-09T16:29:58.3479123Z C/C++:       |                 ^
2026-10-09T16:29:58.3535999Z C/C++: /home/runner/work/AN-Paint/AN-Paint/Paintroid/.cxx/Debug/68am3368/arm64-v8a/<scratch space>:113:1: note: expanded from here
2026-10-09T16:29:58.3590151Z C/C++:   113 | Exec_tf_rgb
2026-10-09T16:29:58.3619247Z C/C++:       | ^
2026-10-09T16:29:58.3659719Z C/C++: In file included from /home/runner/work/AN-Paint/AN-Paint/Paintroid/build/jxl-source/third_party/skcms/src/skcms_TransformBaseline.cc:47:
2026-10-09T16:29:58.3720994Z C/C++: /home/runner/work/AN-Paint/AN-Paint/Paintroid/build/jxl-source/third_party/skcms/src/Transform_inl.h:1210:1: warning: stack frame size (10816) exceeds limit (5632) in 'skcms_private::baseline::Exec_pq_rgb(skcms_private::baseline::StageList, void const**, char const*, char*, float vector[4], float vector[4], float vector[4], float vector[4], int)' [-Wframe-larger-than]
2026-10-09T16:29:58.3779543Z C/C++:  1210 | STAGE(pq_rgb, const skcms_TransferFunction* tf) {
2026-10-09T16:29:58.3869474Z C/C++:       | ^
2026-10-09T16:29:58.3890243Z C/C++: /home/runner/work/AN-Paint/AN-Paint/Paintroid/build/jxl-source/third_party/skcms/src/Transform_inl.h:818:9: note: expanded from macro 'STAGE'
2026-10-09T16:29:58.3989963Z C/C++:   818 |         DECLARE_STAGE(name, arg, [[clang::musttail]] return (*list.fn)(list, ctx, src, dst, \
2026-10-09T16:29:58.4009001Z C/C++:       |         ^
2026-10-09T16:29:58.4059903Z C/C++: /home/runner/work/AN-Paint/AN-Paint/Paintroid/build/jxl-source/third_party/skcms/src/Transform_inl.h:809:17: note: expanded from macro 'DECLARE_STAGE'
2026-10-09T16:29:58.4119659Z C/C++:   809 |         SI void Exec_##name(StageList list, const void** ctx, STAGE_PARAMS()) { \
2026-10-09T16:29:58.4159369Z C/C++:       |                 ^
2026-10-09T16:29:58.4189840Z C/C++: /home/runner/work/AN-Paint/AN-Paint/Paintroid/.cxx/Debug/68am3368/arm64-v8a/<scratch space>:148:1: note: expanded from here
2026-10-09T16:29:58.4227445Z C/C++:   148 | Exec_pq_rgb
2026-10-09T16:29:58.4289754Z C/C++:       | ^
2026-10-09T16:29:58.4380040Z C/C++: In file included from /home/runner/work/AN-Paint/AN-Paint/Paintroid/build/jxl-source/third_party/skcms/src/skcms_TransformBaseline.cc:47:
2026-10-09T16:29:58.4410908Z C/C++: /home/runner/work/AN-Paint/AN-Paint/Paintroid/build/jxl-source/third_party/skcms/src/Transform_inl.h:1221:1: warning: stack frame size (6976) exceeds limit (5632) in 'skcms_private::baseline::Exec_hlg_rgb(skcms_private::baseline::StageList, void const**, char const*, char*, float vector[4], float vector[4], float vector[4], float vector[4], int)' [-Wframe-larger-than]
2026-10-09T16:29:58.4499546Z C/C++:  1221 | STAGE(hlg_rgb, const skcms_TransferFunction* tf) {
2026-10-09T16:29:58.4554516Z C/C++:       | ^
2026-10-09T16:29:58.4639983Z C/C++: /home/runner/work/AN-Paint/AN-Paint/Paintroid/build/jxl-source/third_party/skcms/src/Transform_inl.h:818:9: note: expanded from macro 'STAGE'
2026-10-09T16:29:58.4659232Z C/C++:   818 |         DECLARE_STAGE(name, arg, [[clang::musttail]] return (*list.fn)(list, ctx, src, dst, \
2026-10-09T16:29:58.4728946Z C/C++:       |         ^
2026-10-09T16:29:58.4800114Z C/C++: /home/runner/work/AN-Paint/AN-Paint/Paintroid/build/jxl-source/third_party/skcms/src/Transform_inl.h:809:17: note: expanded from macro 'DECLARE_STAGE'
2026-10-09T16:29:58.4879641Z C/C++:   809 |         SI void Exec_##name(StageList list, const void** ctx, STAGE_PARAMS()) { \
2026-10-09T16:29:58.4969577Z C/C++:       |                 ^
2026-10-09T16:29:58.5063257Z C/C++: /home/runner/work/AN-Paint/AN-Paint/Paintroid/.cxx/Debug/68am3368/arm64-v8a/<scratch space>:183:1: note: expanded from here
2026-10-09T16:29:58.5119495Z C/C++:   183 | Exec_hlg_rgb
2026-10-09T16:29:58.5139280Z C/C++:       | ^
2026-10-09T16:29:58.5169591Z C/C++: In file included from /home/runner/work/AN-Paint/AN-Paint/Paintroid/build/jxl-source/third_party/skcms/src/skcms_TransformBaseline.cc:47:
2026-10-09T16:29:58.5180458Z C/C++: /home/runner/work/AN-Paint/AN-Paint/Paintroid/build/jxl-source/third_party/skcms/src/Transform_inl.h:1253:1: warning: stack frame size (6544) exceeds limit (5632) in 'skcms_private::baseline::Exec_hlginv_rgb(skcms_private::baseline::StageList, void const**, char const*, char*, float vector[4], float vector[4], float vector[4], float vector[4], int)' [-Wframe-larger-than]
2026-10-09T16:29:58.5209044Z C/C++:  1253 | STAGE(hlginv_rgb, const skcms_TransferFunction* tf) {
2026-10-09T16:29:58.5228931Z C/C++:       | ^
2026-10-09T16:29:58.5259865Z C/C++: /home/runner/work/AN-Paint/AN-Paint/Paintroid/build/jxl-source/third_party/skcms/src/Transform_inl.h:818:9: note: expanded from macro 'STAGE'
2026-10-09T16:29:58.5269181Z C/C++:   818 |         DECLARE_STAGE(name, arg, [[clang::musttail]] return (*list.fn)(list, ctx, src, dst, \
2026-10-09T16:29:58.5298849Z C/C++:       |         ^
2026-10-09T16:29:58.5317489Z C/C++: /home/runner/work/AN-Paint/AN-Paint/Paintroid/build/jxl-source/third_party/skcms/src/Transform_inl.h:809:17: note: expanded from macro 'DECLARE_STAGE'
2026-10-09T16:29:58.5339135Z C/C++:   809 |         SI void Exec_##name(StageList list, const void** ctx, STAGE_PARAMS()) { \
2026-10-09T16:29:58.5359350Z C/C++:       |                 ^
2026-10-09T16:29:58.5389513Z C/C++: /home/runner/work/AN-Paint/AN-Paint/Paintroid/.cxx/Debug/68am3368/arm64-v8a/<scratch space>:225:1: note: expanded from here
2026-10-09T16:29:58.5409090Z C/C++:   225 | Exec_hlginv_rgb
2026-10-09T16:29:58.5439101Z C/C++:       | ^
2026-10-09T16:29:58.5448849Z C/C++: 4 warnings generated.
2026-10-09T16:30:00.1879726Z C/C++: In file included from /home/runner/work/AN-Paint/AN-Paint/Paintroid/build/jxl-source/lib/jxl/compressed_dc.cc:22:
2026-10-09T16:30:00.1919906Z C/C++: In file included from /home/runner/work/AN-Paint/AN-Paint/Paintroid/build/jxl-source/third_party/highway/hwy/foreach_target.h:163:
2026-10-09T16:30:00.2030873Z C/C++: /home/runner/work/AN-Paint/AN-Paint/Paintroid/build/jxl-source/lib/jxl/compressed_dc.cc:149:22: warning: stack frame size (8048) exceeds limit (5632) in 'jxl::N_NEON::AdaptiveDCSmoothing(JxlMemoryManagerStruct*, float const*, jxl::Image3<float>*, jxl::ThreadPool*)::$_0::operator()(unsigned int, unsigned long) const' [-Wframe-larger-than]
2026-10-09T16:30:00.2059253Z C/C++:   149 |   auto process_row = [&](const uint32_t y, size_t /*thread*/) -> Status {
2026-10-09T16:30:00.2111590Z C/C++:       |                      ^
2026-10-09T16:30:00.2169691Z C/C++: In file included from /home/runner/work/AN-Paint/AN-Paint/Paintroid/build/jxl-source/lib/jxl/compressed_dc.cc:22:
2026-10-09T16:30:00.2229735Z C/C++: In file included from /home/runner/work/AN-Paint/AN-Paint/Paintroid/build/jxl-source/third_party/highway/hwy/foreach_target.h:174:
2026-10-09T16:30:00.2260270Z C/C++: /home/runner/work/AN-Paint/AN-Paint/Paintroid/build/jxl-source/lib/jxl/compressed_dc.cc:149:22: warning: stack frame size (8048) exceeds limit (5632) in 'jxl::N_NEON_BF16::AdaptiveDCSmoothing(JxlMemoryManagerStruct*, float const*, jxl::Image3<float>*, jxl::ThreadPool*)::$_0::operator()(unsigned int, unsigned long) const' [-Wframe-larger-than]
2026-10-09T16:30:00.2339297Z C/C++:   149 |   auto process_row = [&](const uint32_t y, size_t /*thread*/) -> Status {
2026-10-09T16:30:00.2409541Z C/C++:       |                      ^
2026-10-09T16:30:00.2470559Z C/C++: /home/runner/work/AN-Paint/AN-Paint/Paintroid/build/jxl-source/lib/jxl/compressed_dc.cc:149:22: warning: stack frame size (8048) exceeds limit (5632) in 'jxl::N_NEON_WITHOUT_AES::AdaptiveDCSmoothing(JxlMemoryManagerStruct*, float const*, jxl::Image3<float>*, jxl::ThreadPool*)::$_0::operator()(unsigned int, unsigned long) const' [-Wframe-larger-than]
2026-10-09T16:30:00.2499470Z C/C++:   149 |   auto process_row = [&](const uint32_t y, size_t /*thread*/) -> Status {
2026-10-09T16:30:00.2589367Z C/C++:       |                      ^
2026-10-09T16:30:00.2649374Z C/C++: 3 warnings generated.
2026-10-09T16:30:03.6876635Z C/C++: /home/runner/work/AN-Paint/AN-Paint/Paintroid/build/jxl-source/lib/jxl/modular/encoding/encoding.cc:149:8: warning: stack frame size (8096) exceeds limit (5632) in 'jxl::Status jxl::detail::DecodeModularChannelMAANS<true>(jxl::BitReader*, jxl::ANSSymbolReader*, std::__ndk1::vector<unsigned char, std::__ndk1::allocator<unsigned char>> const&, std::__ndk1::vector<jxl::PropertyDecisionNode, std::__ndk1::allocator<jxl::PropertyDecisionNode>> const&, jxl::weighted::Header const&, int, unsigned long, jxl::TreeLut<unsigned char, false, false>&, jxl::Image*, unsigned int&, unsigned int&)' [-Wframe-larger-than]
2026-10-09T16:30:03.6889702Z C/C++:   149 | Status DecodeModularChannelMAANS(BitReader *br, ANSSymbolReader *reader,
2026-10-09T16:30:03.6949321Z C/C++:       |        ^
2026-10-09T16:30:03.7002193Z C/C++: /home/runner/work/AN-Paint/AN-Paint/Paintroid/build/jxl-source/lib/jxl/modular/encoding/encoding.cc:149:8: warning: stack frame size (15728) exceeds limit (5632) in 'jxl::Status jxl::detail::DecodeModularChannelMAANS<false>(jxl::BitReader*, jxl::ANSSymbolReader*, std::__ndk1::vector<unsigned char, std::__ndk1::allocator<unsigned char>> const&, std::__ndk1::vector<jxl::PropertyDecisionNode, std::__ndk1::allocator<jxl::PropertyDecisionNode>> const&, jxl::weighted::Header const&, int, unsigned long, jxl::TreeLut<unsigned char, false, false>&, jxl::Image*, unsigned int&, unsigned int&)' [-Wframe-larger-than]
2026-10-09T16:30:03.7059052Z C/C++: 2 warnings generated.
2026-10-09T16:30:04.5874674Z C/C++: In file included from /home/runner/work/AN-Paint/AN-Paint/Paintroid/build/jxl-source/lib/jxl/modular/transform/squeeze.cc:26:
2026-10-09T16:30:04.5919604Z C/C++: In file included from /home/runner/work/AN-Paint/AN-Paint/Paintroid/build/jxl-source/third_party/highway/hwy/foreach_target.h:163:
2026-10-09T16:30:04.5980455Z C/C++: /home/runner/work/AN-Paint/AN-Paint/Paintroid/build/jxl-source/lib/jxl/modular/transform/squeeze.cc:182:31: warning: stack frame size (6384) exceeds limit (5632) in 'jxl::N_NEON::InvHSqueeze(jxl::Image&, unsigned int, unsigned int, jxl::ThreadPool*)::$_0::operator()(unsigned int, unsigned long) const' [-Wframe-larger-than]
2026-10-09T16:30:04.6002269Z C/C++:   182 |   const auto unsqueeze_span = [&](const uint32_t task,
2026-10-09T16:30:04.6038927Z C/C++:       |                               ^
2026-10-09T16:30:04.6050314Z C/C++: In file included from /home/runner/work/AN-Paint/AN-Paint/Paintroid/build/jxl-source/lib/jxl/modular/transform/squeeze.cc:26:
2026-10-09T16:30:04.6151592Z C/C++: In file included from /home/runner/work/AN-Paint/AN-Paint/Paintroid/build/jxl-source/third_party/highway/hwy/foreach_target.h:174:
2026-10-09T16:30:04.6200533Z C/C++: /home/runner/work/AN-Paint/AN-Paint/Paintroid/build/jxl-source/lib/jxl/modular/transform/squeeze.cc:182:31: warning: stack frame size (6384) exceeds limit (5632) in 'jxl::N_NEON_BF16::InvHSqueeze(jxl::Image&, unsigned int, unsigned int, jxl::ThreadPool*)::$_0::operator()(unsigned int, unsigned long) const' [-Wframe-larger-than]
2026-10-09T16:30:04.6251863Z C/C++:   182 |   const auto unsqueeze_span = [&](const uint32_t task,
2026-10-09T16:30:04.6309125Z C/C++:       |                               ^
2026-10-09T16:30:04.6332174Z C/C++: /home/runner/work/AN-Paint/AN-Paint/Paintroid/build/jxl-source/lib/jxl/modular/transform/squeeze.cc:182:31: warning: stack frame size (6384) exceeds limit (5632) in 'jxl::N_NEON_WITHOUT_AES::InvHSqueeze(jxl::Image&, unsigned int, unsigned int, jxl::ThreadPool*)::$_0::operator()(unsigned int, unsigned long) const' [-Wframe-larger-than]
2026-10-09T16:30:04.6369616Z C/C++:   182 |   const auto unsqueeze_span = [&](const uint32_t task,
2026-10-09T16:30:04.6439041Z C/C++:       |                               ^
2026-10-09T16:30:04.6470012Z C/C++: 3 warnings generated.
2026-10-09T16:30:06.1930786Z C/C++: In file included from /home/runner/work/AN-Paint/AN-Paint/Paintroid/build/jxl-source/lib/jxl/render_pipeline/stage_epf.cc:26:
2026-10-09T16:30:06.1985179Z C/C++: In file included from /home/runner/work/AN-Paint/AN-Paint/Paintroid/build/jxl-source/third_party/highway/hwy/foreach_target.h:163:
2026-10-09T16:30:06.2001459Z C/C++: /home/runner/work/AN-Paint/AN-Paint/Paintroid/build/jxl-source/lib/jxl/render_pipeline/stage_epf.cc:225:10: warning: stack frame size (5824) exceeds limit (5632) in 'jxl::N_NEON::EPF1Stage::ProcessRow(std::__ndk1::vector<std::__ndk1::vector<float*, std::__ndk1::allocator<float*>>, std::__ndk1::allocator<std::__ndk1::vector<float*, std::__ndk1::allocator<float*>>>> const&, std::__ndk1::vector<std::__ndk1::vector<float*, std::__ndk1::allocator<float*>>, std::__ndk1::allocator<std::__ndk1::vector<float*, std::__ndk1::allocator<float*>>>> const&, unsigned long, unsigned long, unsigned long, unsigned long, unsigned long, unsigned long) const' [-Wframe-larger-than]
2026-10-09T16:30:06.2029121Z C/C++:   225 |   Status ProcessRow(const RowInfo& input_rows, const RowInfo& output_rows,
2026-10-09T16:30:06.2085440Z C/C++:       |          ^
2026-10-09T16:30:06.2112305Z C/C++: In file included from /home/runner/work/AN-Paint/AN-Paint/Paintroid/build/jxl-source/lib/jxl/render_pipeline/stage_epf.cc:26:
2026-10-09T16:30:06.2159351Z C/C++: In file included from /home/runner/work/AN-Paint/AN-Paint/Paintroid/build/jxl-source/third_party/highway/hwy/foreach_target.h:174:
2026-10-09T16:30:06.2189036Z C/C++: /home/runner/work/AN-Paint/AN-Paint/Paintroid/build/jxl-source/lib/jxl/render_pipeline/stage_epf.cc:225:10: warning: stack frame size (5824) exceeds limit (5632) in 'jxl::N_NEON_BF16::EPF1Stage::ProcessRow(std::__ndk1::vector<std::__ndk1::vector<float*, std::__ndk1::allocator<float*>>, std::__ndk1::allocator<std::__ndk1::vector<float*, std::__ndk1::allocator<float*>>>> const&, std::__ndk1::vector<std::__ndk1::vector<float*, std::__ndk1::allocator<float*>>, std::__ndk1::allocator<std::__ndk1::vector<float*, std::__ndk1::allocator<float*>>>> const&, unsigned long, unsigned long, unsigned long, unsigned long, unsigned long, unsigned long) const' [-Wframe-larger-than]
2026-10-09T16:30:06.2229045Z C/C++:   225 |   Status ProcessRow(const RowInfo& input_rows, const RowInfo& output_rows,
2026-10-09T16:30:06.2258959Z C/C++:       |          ^
2026-10-09T16:30:06.2311429Z C/C++: /home/runner/work/AN-Paint/AN-Paint/Paintroid/build/jxl-source/lib/jxl/render_pipeline/stage_epf.cc:225:10: warning: stack frame size (5824) exceeds limit (5632) in 'jxl::N_NEON_WITHOUT_AES::EPF1Stage::ProcessRow(std::__ndk1::vector<std::__ndk1::vector<float*, std::__ndk1::allocator<float*>>, std::__ndk1::allocator<std::__ndk1::vector<float*, std::__ndk1::allocator<float*>>>> const&, std::__ndk1::vector<std::__ndk1::vector<float*, std::__ndk1::allocator<float*>>, std::__ndk1::allocator<std::__ndk1::vector<float*, std::__ndk1::allocator<float*>>>> const&, unsigned long, unsigned long, unsigned long, unsigned long, unsigned long, unsigned long) const' [-Wframe-larger-than]
2026-10-09T16:30:06.2379332Z C/C++:   225 |   Status ProcessRow(const RowInfo& input_rows, const RowInfo& output_rows,
2026-10-09T16:30:06.2469360Z C/C++:       |          ^
2026-10-09T16:30:06.2539242Z C/C++: 3 warnings generated.
2026-10-09T16:30:09.5900330Z C/C++: In file included from /home/runner/work/AN-Paint/AN-Paint/Paintroid/build/jxl-source/lib/jxl/enc_convolve_separable5.cc:19:
2026-10-09T16:30:09.5948946Z C/C++: In file included from /home/runner/work/AN-Paint/AN-Paint/Paintroid/build/jxl-source/third_party/highway/hwy/foreach_target.h:163:
2026-10-09T16:30:09.5979961Z C/C++: /home/runner/work/AN-Paint/AN-Paint/Paintroid/build/jxl-source/lib/jxl/enc_convolve_separable5.cc:111:21: warning: stack frame size (10144) exceeds limit (5632) in 'void jxl::N_NEON::Separable5Impl::ConvolveRow<0ul, true>(unsigned int)' [-Wframe-larger-than]
2026-10-09T16:30:09.6039102Z C/C++:   111 |   JXL_NOINLINE void ConvolveRow(const uint32_t y) {
2026-10-09T16:30:09.6068795Z C/C++:       |                     ^
2026-10-09T16:30:09.6090885Z C/C++: /home/runner/work/AN-Paint/AN-Paint/Paintroid/build/jxl-source/lib/jxl/enc_convolve_separable5.cc:111:21: warning: stack frame size (9856) exceeds limit (5632) in 'void jxl::N_NEON::Separable5Impl::ConvolveRow<0ul, false>(unsigned int)' [-Wframe-larger-than]
2026-10-09T16:30:09.6099684Z C/C++: /home/runner/work/AN-Paint/AN-Paint/Paintroid/build/jxl-source/lib/jxl/enc_convolve_separable5.cc:111:21: warning: stack frame size (10080) exceeds limit (5632) in 'void jxl::N_NEON::Separable5Impl::ConvolveRow<1ul, true>(unsigned int)' [-Wframe-larger-than]
2026-10-09T16:30:09.6159619Z C/C++: /home/runner/work/AN-Paint/AN-Paint/Paintroid/build/jxl-source/lib/jxl/enc_convolve_separable5.cc:111:21: warning: stack frame size (9792) exceeds limit (5632) in 'void jxl::N_NEON::Separable5Impl::ConvolveRow<1ul, false>(unsigned int)' [-Wframe-larger-than]
2026-10-09T16:30:09.6189763Z C/C++: /home/runner/work/AN-Paint/AN-Paint/Paintroid/build/jxl-source/lib/jxl/enc_convolve_separable5.cc:111:21: warning: stack frame size (6624) exceeds limit (5632) in 'void jxl::N_NEON::Separable5Impl::ConvolveRow<2ul, true>(unsigned int)' [-Wframe-larger-than]
2026-10-09T16:30:09.6219793Z C/C++: /home/runner/work/AN-Paint/AN-Paint/Paintroid/build/jxl-source/lib/jxl/enc_convolve_separable5.cc:111:21: warning: stack frame size (6336) exceeds limit (5632) in 'void jxl::N_NEON::Separable5Impl::ConvolveRow<2ul, false>(unsigned int)' [-Wframe-larger-than]
2026-10-09T16:30:09.6269714Z C/C++: /home/runner/work/AN-Paint/AN-Paint/Paintroid/build/jxl-source/lib/jxl/enc_convolve_separable5.cc:111:21: warning: stack frame size (6624) exceeds limit (5632) in 'void jxl::N_NEON::Separable5Impl::ConvolveRow<3ul, true>(unsigned int)' [-Wframe-larger-than]
2026-10-09T16:30:09.6272095Z C/C++: /home/runner/work/AN-Paint/AN-Paint/Paintroid/build/jxl-source/lib/jxl/enc_convolve_separable5.cc:111:21: warning: stack frame size (6336) exceeds limit (5632) in 'void jxl::N_NEON::Separable5Impl::ConvolveRow<3ul, false>(unsigned int)' [-Wframe-larger-than]
2026-10-09T16:30:09.6273774Z C/C++: In file included from /home/runner/work/AN-Paint/AN-Paint/Paintroid/build/jxl-source/lib/jxl/enc_convolve_separable5.cc:19:
2026-10-09T16:30:09.6274941Z C/C++: In file included from /home/runner/work/AN-Paint/AN-Paint/Paintroid/build/jxl-source/third_party/highway/hwy/foreach_target.h:174:
2026-10-09T16:30:09.6276655Z C/C++: /home/runner/work/AN-Paint/AN-Paint/Paintroid/build/jxl-source/lib/jxl/enc_convolve_separable5.cc:111:21: warning: stack frame size (10144) exceeds limit (5632) in 'void jxl::N_NEON_BF16::Separable5Impl::ConvolveRow<0ul, true>(unsigned int)' [-Wframe-larger-than]
2026-10-09T16:30:09.6278031Z C/C++:   111 |   JXL_NOINLINE void ConvolveRow(const uint32_t y) {
2026-10-09T16:30:09.6278652Z C/C++:       |                     ^
2026-10-09T16:30:09.6279926Z C/C++: /home/runner/work/AN-Paint/AN-Paint/Paintroid/build/jxl-source/lib/jxl/enc_convolve_separable5.cc:111:21: warning: stack frame size (9856) exceeds limit (5632) in 'void jxl::N_NEON_BF16::Separable5Impl::ConvolveRow<0ul, false>(unsigned int)' [-Wframe-larger-than]
2026-10-09T16:30:09.6282158Z C/C++: /home/runner/work/AN-Paint/AN-Paint/Paintroid/build/jxl-source/lib/jxl/enc_convolve_separable5.cc:111:21: warning: stack frame size (10080) exceeds limit (5632) in 'void jxl::N_NEON_BF16::Separable5Impl::ConvolveRow<1ul, true>(unsigned int)' [-Wframe-larger-than]
2026-10-09T16:30:09.6284367Z C/C++: /home/runner/work/AN-Paint/AN-Paint/Paintroid/build/jxl-source/lib/jxl/enc_convolve_separable5.cc:111:21: warning: stack frame size (9792) exceeds limit (5632) in 'void jxl::N_NEON_BF16::Separable5Impl::ConvolveRow<1ul, false>(unsigned int)' [-Wframe-larger-than]
2026-10-09T16:30:09.6286659Z C/C++: /home/runner/work/AN-Paint/AN-Paint/Paintroid/build/jxl-source/lib/jxl/enc_convolve_separable5.cc:111:21: warning: stack frame size (6608) exceeds limit (5632) in 'void jxl::N_NEON_BF16::Separable5Impl::ConvolveRow<2ul, true>(unsigned int)' [-Wframe-larger-than]
2026-10-09T16:30:09.6329861Z C/C++: /home/runner/work/AN-Paint/AN-Paint/Paintroid/build/jxl-source/lib/jxl/enc_convolve_separable5.cc:111:21: warning: stack frame size (6320) exceeds limit (5632) in 'void jxl::N_NEON_BF16::Separable5Impl::ConvolveRow<2ul, false>(unsigned int)' [-Wframe-larger-than]
2026-10-09T16:30:09.6390199Z C/C++: /home/runner/work/AN-Paint/AN-Paint/Paintroid/build/jxl-source/lib/jxl/enc_convolve_separable5.cc:111:21: warning: stack frame size (6608) exceeds limit (5632) in 'void jxl::N_NEON_BF16::Separable5Impl::ConvolveRow<3ul, true>(unsigned int)' [-Wframe-larger-than]
2026-10-09T16:30:09.6392722Z C/C++: /home/runner/work/AN-Paint/AN-Paint/Paintroid/build/jxl-source/lib/jxl/enc_convolve_separable5.cc:111:21: warning: stack frame size (6320) exceeds limit (5632) in 'void jxl::N_NEON_BF16::Separable5Impl::ConvolveRow<3ul, false>(unsigned int)' [-Wframe-larger-than]
2026-10-09T16:30:09.6395049Z C/C++: /home/runner/work/AN-Paint/AN-Paint/Paintroid/build/jxl-source/lib/jxl/enc_convolve_separable5.cc:111:21: warning: stack frame size (10144) exceeds limit (5632) in 'void jxl::N_NEON_WITHOUT_AES::Separable5Impl::ConvolveRow<0ul, true>(unsigned int)' [-Wframe-larger-than]
2026-10-09T16:30:09.6396470Z C/C++:   111 |   JXL_NOINLINE void ConvolveRow(const uint32_t y) {
2026-10-09T16:30:09.6396918Z C/C++:       |                     ^
2026-10-09T16:30:09.6398718Z C/C++: /home/runner/work/AN-Paint/AN-Paint/Paintroid/build/jxl-source/lib/jxl/enc_convolve_separable5.cc:111:21: warning: stack frame size (9856) exceeds limit (5632) in 'void jxl::N_NEON_WITHOUT_AES::Separable5Impl::ConvolveRow<0ul, false>(unsigned int)' [-Wframe-larger-than]
2026-10-09T16:30:09.6401121Z C/C++: /home/runner/work/AN-Paint/AN-Paint/Paintroid/build/jxl-source/lib/jxl/enc_convolve_separable5.cc:111:21: warning: stack frame size (10080) exceeds limit (5632) in 'void jxl::N_NEON_WITHOUT_AES::Separable5Impl::ConvolveRow<1ul, true>(unsigned int)' [-Wframe-larger-than]
2026-10-09T16:30:09.6403580Z C/C++: /home/runner/work/AN-Paint/AN-Paint/Paintroid/build/jxl-source/lib/jxl/enc_convolve_separable5.cc:111:21: warning: stack frame size (9792) exceeds limit (5632) in 'void jxl::N_NEON_WITHOUT_AES::Separable5Impl::ConvolveRow<1ul, false>(unsigned int)' [-Wframe-larger-than]
2026-10-09T16:30:09.6405916Z C/C++: /home/runner/work/AN-Paint/AN-Paint/Paintroid/build/jxl-source/lib/jxl/enc_convolve_separable5.cc:111:21: warning: stack frame size (6608) exceeds limit (5632) in 'void jxl::N_NEON_WITHOUT_AES::Separable5Impl::ConvolveRow<2ul, true>(unsigned int)' [-Wframe-larger-than]
2026-10-09T16:30:09.6408334Z C/C++: /home/runner/work/AN-Paint/AN-Paint/Paintroid/build/jxl-source/lib/jxl/enc_convolve_separable5.cc:111:21: warning: stack frame size (6320) exceeds limit (5632) in 'void jxl::N_NEON_WITHOUT_AES::Separable5Impl::ConvolveRow<2ul, false>(unsigned int)' [-Wframe-larger-than]
2026-10-09T16:30:09.6410797Z C/C++: /home/runner/work/AN-Paint/AN-Paint/Paintroid/build/jxl-source/lib/jxl/enc_convolve_separable5.cc:111:21: warning: stack frame size (6608) exceeds limit (5632) in 'void jxl::N_NEON_WITHOUT_AES::Separable5Impl::ConvolveRow<3ul, true>(unsigned int)' [-Wframe-larger-than]
2026-10-09T16:30:09.6413072Z C/C++: /home/runner/work/AN-Paint/AN-Paint/Paintroid/build/jxl-source/lib/jxl/enc_convolve_separable5.cc:111:21: warning: stack frame size (6320) exceeds limit (5632) in 'void jxl::N_NEON_WITHOUT_AES::Separable5Impl::ConvolveRow<3ul, false>(unsigned int)' [-Wframe-larger-than]
2026-10-09T16:30:09.6414425Z C/C++: 24 warnings generated.
2026-10-09T16:30:28.4882505Z 
2026-10-09T16:30:28.4969643Z > Task :app:mergeDebugGlobalSynthetics
2026-10-09T16:30:28.7873460Z > Task :app:mergeLibDexDebug
2026-10-09T16:30:31.2871809Z 
2026-10-09T16:30:31.2872491Z > Task :Paintroid:configureCMakeDebug[armeabi-v7a]
2026-10-09T16:30:31.2872904Z C/C++: -- Compiler is not EMSCRIPTEN
2026-10-09T16:30:36.1872697Z C/C++: --- aom_configure: Detected CPU: generic
2026-10-09T16:30:36.1873107Z C/C++: Running C compiler test: pie_check
2026-10-09T16:30:36.2872516Z C/C++: CONFIG_PIC enabled for position independent executable (PIE) build
2026-10-09T16:30:36.2873415Z C/C++: Running C compiler test: unistd_check
2026-10-09T16:30:36.3873031Z C/C++: Running CXX compiler test: unistd_check
2026-10-09T16:30:36.5872475Z C/C++: Running C compiler test: fenv_check
2026-10-09T16:30:36.6872524Z C/C++: Checking C compiler flag support for: -std=c11
2026-10-09T16:30:36.7872831Z C/C++: Checking C++ compiler flag support for: -std=c++17
2026-10-09T16:30:36.8872699Z C/C++: Checking C compiler flag support for: -Wall
2026-10-09T16:30:36.9873012Z C/C++: Checking C++ compiler flag support for: -Wall
2026-10-09T16:30:37.0872943Z C/C++: Checking C compiler flag support for: -Wdisabled-optimization
2026-10-09T16:30:37.1872934Z C/C++: Checking C++ compiler flag support for: -Wdisabled-optimization
2026-10-09T16:30:37.3872283Z C/C++: Checking C compiler flag support for: -Wextra
2026-10-09T16:30:37.4872675Z C/C++: Checking C++ compiler flag support for: -Wextra
2026-10-09T16:30:37.5872810Z C/C++: Checking C compiler flag support for: -Wextra-semi
2026-10-09T16:30:37.6872399Z C/C++: Checking C++ compiler flag support for: -Wextra-semi
2026-10-09T16:30:37.8872348Z C/C++: Checking C compiler flag support for: -Wextra-semi-stmt
2026-10-09T16:30:37.9872480Z C/C++: Checking C++ compiler flag support for: -Wextra-semi-stmt
2026-10-09T16:30:38.0872441Z C/C++: Checking C compiler flag support for: -Wfloat-conversion
2026-10-09T16:30:38.1872175Z C/C++: Checking C++ compiler flag support for: -Wfloat-conversion
2026-10-09T16:30:38.2872681Z C/C++: Checking C compiler flag support for: -Wformat=2
2026-10-09T16:30:38.4873648Z C/C++: Checking C++ compiler flag support for: -Wformat=2
2026-10-09T16:30:38.5872912Z C/C++: Checking C compiler flag support for: -Wimplicit-function-declaration
2026-10-09T16:30:38.6872985Z C/C++: Checking C compiler flag support for: -Wlogical-op
2026-10-09T16:30:38.7872995Z C/C++: Checking C++ compiler flag support for: -Wlogical-op
2026-10-09T16:30:38.8873027Z C/C++: Checking C compiler flag support for: -Wmissing-declarations
2026-10-09T16:30:38.9872739Z C/C++: Checking C++ compiler flag support for: -Wmissing-declarations
2026-10-09T16:30:39.0872697Z C/C++: Checking C compiler flag support for: -Wmissing-prototypes
2026-10-09T16:30:39.1872702Z C/C++: Checking C++ compiler flag support for: -Wmissing-prototypes
2026-10-09T16:30:39.2873520Z C/C++: Checking C compiler flag support for: -Wpointer-arith
2026-10-09T16:30:39.3872760Z C/C++: Checking C++ compiler flag support for: -Wpointer-arith
2026-10-09T16:30:39.4872733Z C/C++: Checking C compiler flag support for: -Wshadow
2026-10-09T16:30:39.5872723Z C/C++: Checking C++ compiler flag support for: -Wshadow
2026-10-09T16:30:39.7872611Z C/C++: Checking C compiler flag support for: -Wshorten-64-to-32
2026-10-09T16:30:39.8872562Z C/C++: Checking C++ compiler flag support for: -Wshorten-64-to-32
2026-10-09T16:30:39.9872775Z C/C++: Checking C compiler flag support for: -Wsign-compare
2026-10-09T16:30:40.0872507Z C/C++: Checking C++ compiler flag support for: -Wsign-compare
2026-10-09T16:30:40.1872498Z C/C++: Checking C compiler flag support for: -Wstring-conversion
2026-10-09T16:30:40.2872531Z C/C++: Checking C++ compiler flag support for: -Wstring-conversion
2026-10-09T16:30:40.3872409Z C/C++: Checking C compiler flag support for: -Wtype-limits
2026-10-09T16:30:40.4872680Z C/C++: Checking C++ compiler flag support for: -Wtype-limits
2026-10-09T16:30:40.5872897Z C/C++: Checking C compiler flag support for: -Wundef
2026-10-09T16:30:40.6872794Z C/C++: Checking C++ compiler flag support for: -Wundef
2026-10-09T16:30:40.7872723Z C/C++: Checking C compiler flag support for: -Wuninitialized
2026-10-09T16:30:40.9872719Z C/C++: Checking C++ compiler flag support for: -Wuninitialized
2026-10-09T16:30:41.0872848Z C/C++: Checking C compiler flag support for: -Wunreachable-code-aggressive
2026-10-09T16:30:41.1872827Z C/C++: Checking C++ compiler flag support for: -Wunreachable-code-aggressive
2026-10-09T16:30:41.2872521Z C/C++: Checking C compiler flag support for: -Wunused
2026-10-09T16:30:41.3872636Z C/C++: Checking C++ compiler flag support for: -Wunused
2026-10-09T16:30:41.4873182Z C/C++: Checking C compiler flag support for: -Wvla
2026-10-09T16:30:41.5872569Z C/C++: Checking C++ compiler flag support for: -Wvla
2026-10-09T16:30:41.6872376Z C/C++: Checking C compiler flag support for: -Wc23-extensions
2026-10-09T16:30:41.7872728Z C/C++: Checking C++ compiler flag support for: -Wc++20-extensions
2026-10-09T16:30:41.8872304Z C/C++: Checking C++ compiler flag support for: -Wc++23-extensions
2026-10-09T16:30:41.9872546Z C/C++: Checking C compiler flag support for: -Wstack-usage=100000
2026-10-09T16:30:42.0872658Z C/C++: Checking C++ compiler flag support for: -Wstack-usage=240000
2026-10-09T16:30:42.1872391Z C/C++: Checking C compiler flag support for: -D_LARGEFILE_SOURCE
2026-10-09T16:30:42.2872528Z C/C++: Checking C++ compiler flag support for: -D_LARGEFILE_SOURCE
2026-10-09T16:30:42.3872658Z C/C++: Checking C compiler flag support for: -D_FILE_OFFSET_BITS=64
2026-10-09T16:30:42.4872495Z C/C++: Checking C++ compiler flag support for: -D_FILE_OFFSET_BITS=64
2026-10-09T16:30:42.6872500Z C/C++: Checking C compiler flag support for: -flax-vector-conversions=none
2026-10-09T16:30:42.7872835Z C/C++: Checking C++ compiler flag support for: -flax-vector-conversions=none
2026-10-09T16:30:43.6872311Z C/C++: === Summary of compiled codecs ===
2026-10-09T16:30:43.6872823Z C/C++: libde265 HEVC decoder                 : + built-in
2026-10-09T16:30:43.6873276Z C/C++: FFMPEG HEVC decoder (HW acc)          : - disabled
2026-10-09T16:30:43.6874059Z C/C++: WebCodecs HEVC decoder (experimental) : - disabled
2026-10-09T16:30:43.6874520Z C/C++: x265 HEVC encoder                     : - disabled
2026-10-09T16:30:43.6874920Z C/C++: Kvazaar HEVC encoder                  : + built-in
2026-10-09T16:30:43.6875318Z C/C++: AOM AV1 decoder                       : + built-in
2026-10-09T16:30:43.6875731Z C/C++: AOM AV1 encoder                       : + built-in
2026-10-09T16:30:43.6876144Z C/C++: Dav1d AV1 decoder                     : - disabled
2026-10-09T16:30:43.6876606Z C/C++: SVT AV1 encoder                       : - disabled
2026-10-09T16:30:43.6877055Z C/C++: Rav1e AV1 encoder                     : - disabled
2026-10-09T16:30:43.6877482Z C/C++: JPEG decoder                          : - disabled
2026-10-09T16:30:43.6877904Z C/C++: JPEG encoder                          : - disabled
2026-10-09T16:30:43.6878319Z C/C++: x264 AVC encoder                      : - disabled
2026-10-09T16:30:43.6878907Z C/C++: OpenH264 decoder                      : - disabled
2026-10-09T16:30:43.6879331Z C/C++: OpenJPEG J2K decoder                  : - disabled
2026-10-09T16:30:43.6879639Z C/C++: OpenJPEG J2K encoder                  : - disabled
2026-10-09T16:30:43.6879931Z C/C++: OpenJPH HT-J2K encoder                : - disabled
2026-10-09T16:30:43.6880209Z C/C++: uvg266 VVC encoder                    : - disabled
2026-10-09T16:30:43.6880482Z C/C++: vvenc VVC encoder                     : - disabled
2026-10-09T16:30:43.6880736Z C/C++: vvdec VVC decoder                     : - disabled
2026-10-09T16:30:43.6880984Z C/C++: === Supported formats ===
2026-10-09T16:30:43.6881213Z C/C++: format        decoding   encoding
2026-10-09T16:30:43.6881432Z C/C++: AVC             NO         NO 
2026-10-09T16:30:43.6881652Z C/C++: AVIF            YES        YES
2026-10-09T16:30:43.6881853Z C/C++: HEIC            YES        YES
2026-10-09T16:30:43.6882061Z C/C++: JPEG            NO         NO 
2026-10-09T16:30:43.6882268Z C/C++: JPEG2000        NO         NO 
2026-10-09T16:30:43.6882475Z C/C++: JPEG2000-HT     NO         NO 
2026-10-09T16:30:43.6882680Z C/C++: Uncompressed    NO         NO 
2026-10-09T16:30:43.6882882Z C/C++: VVC             NO         NO 
2026-10-09T16:30:43.6883087Z C/C++: libsharpyuv: disabled
2026-10-09T16:30:43.6883317Z C/C++: === Active input formats for heif-enc ===
2026-10-09T16:30:43.6883561Z C/C++: JPEG: ------ (libjpeg not found)
2026-10-09T16:30:43.6883805Z C/C++: PNG:  ------ (libpng not found)
2026-10-09T16:30:43.6884040Z C/C++: WEBP:  ------ (libwebp not found)
2026-10-09T16:30:43.6884268Z C/C++: TIFF: ------ (libtiff not found)
2026-10-09T16:30:43.6884677Z C/C++: Not compiling 'x265' backend
2026-10-09T16:30:43.6884917Z C/C++: Compiling 'libde265' as built-in backend
2026-10-09T16:30:43.6885153Z C/C++: Not compiling 'dav1d' backend
2026-10-09T16:30:43.6885390Z C/C++: Compiling 'aomdec' as built-in backend
2026-10-09T16:30:43.6885631Z C/C++: Compiling 'aomenc' as built-in backend
2026-10-09T16:30:43.6885868Z C/C++: Not compiling 'svtenc' backend
2026-10-09T16:30:43.6886092Z C/C++: Not compiling 'rav1e' backend
2026-10-09T16:30:43.6886306Z C/C++: Not compiling 'jpegdec' backend
2026-10-09T16:30:43.6886531Z C/C++: Not compiling 'jpegenc' backend
2026-10-09T16:30:43.6886744Z C/C++: Not compiling 'j2kdec' backend
2026-10-09T16:30:43.6886952Z C/C++: Not compiling 'j2kenc' backend
2026-10-09T16:30:43.6887179Z C/C++: Compiling 'kvazaar' as built-in backend
2026-10-09T16:30:43.6887412Z C/C++: Not compiling 'ffmpegdec' backend
2026-10-09T16:30:43.6887641Z C/C++: Not compiling 'jphenc' backend
2026-10-09T16:30:43.6887849Z C/C++: Not compiling 'uvg266' backend
2026-10-09T16:30:43.6888061Z C/C++: Not compiling 'vvdec' backend
2026-10-09T16:30:43.6888282Z C/C++: Not compiling 'vvenc' backend
2026-10-09T16:30:43.6888725Z C/C++: Not compiling 'x264' backend
2026-10-09T16:30:43.6888950Z C/C++: Not compiling 'openh264dec' backend
2026-10-09T16:30:43.6889190Z C/C++: Not compiling 'libsharpyuv'
2026-10-09T16:30:50.1874648Z 
2026-10-09T16:30:50.1890452Z > Task :Paintroid:buildCMakeDebug[armeabi-v7a][anpaint_heif,anpaint_jxl,etc]
2026-10-09T16:30:50.1909125Z C/C++: ninja: Entering directory `/home/runner/work/AN-Paint/AN-Paint/Paintroid/.cxx/Debug/68am3368/armeabi-v7a'
2026-10-09T16:30:50.1929367Z C/C++: In file included from /home/runner/work/AN-Paint/AN-Paint/Paintroid/build/jxl-source/third_party/skcms/src/skcms_TransformBaseline.cc:47:
2026-10-09T16:30:50.1959890Z C/C++: /home/runner/work/AN-Paint/AN-Paint/Paintroid/build/jxl-source/third_party/skcms/src/Transform_inl.h:1550:17: warning: stack frame size (120704) exceeds limit (5632) in 'skcms_private::baseline::exec_stages(skcms_private::Op const*, void const**, char const*, char*, int)' [-Wframe-larger-than]
2026-10-09T16:30:50.1988906Z C/C++:  1550 |     static void exec_stages(const Op* ops, const void** contexts,
2026-10-09T16:30:50.1989477Z C/C++:       |                 ^
2026-10-09T16:30:50.2026910Z C/C++: 1 warning generated.
2026-10-09T16:30:50.6880902Z C/C++: /home/runner/work/AN-Paint/AN-Paint/Paintroid/build/jxl-source/lib/jxl/compressed_dc.cc:149:22: warning: stack frame size (10224) exceeds limit (5632) in 'jxl::N_EMU128::AdaptiveDCSmoothing(JxlMemoryManagerStruct*, float const*, jxl::Image3<float>*, jxl::ThreadPool*)::$_0::operator()(unsigned int, unsigned int) const' [-Wframe-larger-than]
2026-10-09T16:30:50.6889183Z C/C++:   149 |   auto process_row = [&](const uint32_t y, size_t /*thread*/) -> Status {
2026-10-09T16:30:50.6918991Z C/C++:       |                      ^
2026-10-09T16:30:50.6959204Z C/C++: 1 warning generated.
2026-10-09T16:30:51.2890046Z C/C++: In file included from /home/runner/work/AN-Paint/AN-Paint/Paintroid/build/jxl-source/lib/jxl/dec_external_image.cc:29:
2026-10-09T16:30:51.2891937Z C/C++: In file included from /home/runner/work/AN-Paint/AN-Paint/Paintroid/build/jxl-source/third_party/highway/hwy/highway.h:605:
2026-10-09T16:30:51.2921159Z C/C++: /home/runner/work/AN-Paint/AN-Paint/Paintroid/build/jxl-source/third_party/highway/hwy/ops/generic_ops-inl.h:2807:19: warning: stack frame size (7936) exceeds limit (5632) in 'decltype(Zero((hwy::N_EMU128::Simd<hwy::float16_t, 8u, -1>)())) hwy::N_EMU128::DemoteTo<hwy::N_EMU128::Simd<hwy::float16_t, 8u, -1>, (void*)0>(hwy::N_EMU128::Simd<hwy::float16_t, 8u, -1>, decltype(Zero((hwy::N_EMU128::Simd<hwy::float16_t, 8u, -1>::Rebind<float>)())))' [-Wframe-larger-than]
2026-10-09T16:30:51.2931188Z C/C++:  2807 | HWY_API VFromD<D> DemoteTo(D df16, VFromD<Rebind<float, D>> v) {
2026-10-09T16:30:51.2931889Z C/C++:       |                   ^
2026-10-09T16:30:51.2932397Z C/C++: 1 warning generated.
2026-10-09T16:30:53.0942269Z C/C++: /home/runner/work/AN-Paint/AN-Paint/Paintroid/build/jxl-source/lib/jxl/modular/encoding/encoding.cc:149:8: warning: stack frame size (10016) exceeds limit (5632) in 'jxl::Status jxl::detail::DecodeModularChannelMAANS<false>(jxl::BitReader*, jxl::ANSSymbolReader*, std::__ndk1::vector<unsigned char, std::__ndk1::allocator<unsigned char>> const&, std::__ndk1::vector<jxl::PropertyDecisionNode, std::__ndk1::allocator<jxl::PropertyDecisionNode>> const&, jxl::weighted::Header const&, int, unsigned int, jxl::TreeLut<unsigned char, false, false>&, jxl::Image*, unsigned int&, unsigned int&)' [-Wframe-larger-than]
2026-10-09T16:30:53.0989025Z C/C++:   149 | Status DecodeModularChannelMAANS(BitReader *br, ANSSymbolReader *reader,
2026-10-09T16:30:53.1079034Z C/C++:       |        ^
2026-10-09T16:30:53.1138929Z C/C++: 1 warning generated.
2026-10-09T16:30:53.4900897Z C/C++: /home/runner/work/AN-Paint/AN-Paint/Paintroid/build/jxl-source/lib/jxl/modular/transform/squeeze.cc:182:31: warning: stack frame size (6208) exceeds limit (5632) in 'jxl::N_EMU128::InvHSqueeze(jxl::Image&, unsigned int, unsigned int, jxl::ThreadPool*)::$_0::operator()(unsigned int, unsigned int) const' [-Wframe-larger-than]
2026-10-09T16:30:53.4959199Z C/C++:   182 |   const auto unsqueeze_span = [&](const uint32_t task,
2026-10-09T16:30:53.4988963Z C/C++:       |                               ^
2026-10-09T16:30:53.5038891Z C/C++: 1 warning generated.
2026-10-09T16:30:54.5894586Z C/C++: /home/runner/work/AN-Paint/AN-Paint/Paintroid/build/jxl-source/lib/jxl/render_pipeline/stage_epf.cc:225:10: warning: stack frame size (5664) exceeds limit (5632) in 'jxl::N_EMU128::EPF1Stage::ProcessRow(std::__ndk1::vector<std::__ndk1::vector<float*, std::__ndk1::allocator<float*>>, std::__ndk1::allocator<std::__ndk1::vector<float*, std::__ndk1::allocator<float*>>>> const&, std::__ndk1::vector<std::__ndk1::vector<float*, std::__ndk1::allocator<float*>>, std::__ndk1::allocator<std::__ndk1::vector<float*, std::__ndk1::allocator<float*>>>> const&, unsigned int, unsigned int, unsigned int, unsigned int, unsigned int, unsigned int) const' [-Wframe-larger-than]
2026-10-09T16:30:54.5929270Z C/C++:   225 |   Status ProcessRow(const RowInfo& input_rows, const RowInfo& output_rows,
2026-10-09T16:30:54.5959011Z C/C++:       |          ^
2026-10-09T16:30:54.5988945Z C/C++: 1 warning generated.
2026-10-09T16:30:55.3879805Z C/C++: In file included from /home/runner/work/AN-Paint/AN-Paint/Paintroid/build/jxl-source/lib/jxl/render_pipeline/stage_write.cc:38:
2026-10-09T16:30:55.3909623Z C/C++: In file included from /home/runner/work/AN-Paint/AN-Paint/Paintroid/build/jxl-source/third_party/highway/hwy/highway.h:605:
2026-10-09T16:30:55.3912161Z C/C++: /home/runner/work/AN-Paint/AN-Paint/Paintroid/build/jxl-source/third_party/highway/hwy/ops/generic_ops-inl.h:2807:19: warning: stack frame size (7944) exceeds limit (5632) in 'decltype(Zero((hwy::N_EMU128::Simd<hwy::float16_t, 8u, -1>)())) hwy::N_EMU128::DemoteTo<hwy::N_EMU128::Simd<hwy::float16_t, 8u, -1>, (void*)0>(hwy::N_EMU128::Simd<hwy::float16_t, 8u, -1>, decltype(Zero((hwy::N_EMU128::Simd<hwy::float16_t, 8u, -1>::Rebind<float>)())))' [-Wframe-larger-than]
2026-10-09T16:30:55.3914410Z C/C++:  2807 | HWY_API VFromD<D> DemoteTo(D df16, VFromD<Rebind<float, D>> v) {
2026-10-09T16:30:55.3914905Z C/C++:       |                   ^
2026-10-09T16:30:55.3915236Z C/C++: 1 warning generated.
2026-10-09T16:30:56.8960581Z C/C++: /home/runner/work/AN-Paint/AN-Paint/Paintroid/build/jxl-source/lib/jxl/enc_convolve_separable5.cc:111:21: warning: stack frame size (10504) exceeds limit (5632) in 'void jxl::N_EMU128::Separable5Impl::ConvolveRow<0u, true>(unsigned int)' [-Wframe-larger-than]
2026-10-09T16:30:56.9019357Z C/C++:   111 |   JXL_NOINLINE void ConvolveRow(const uint32_t y) {
2026-10-09T16:30:56.9052902Z C/C++:       |                     ^
2026-10-09T16:30:56.9079994Z C/C++: /home/runner/work/AN-Paint/AN-Paint/Paintroid/build/jxl-source/lib/jxl/enc_convolve_separable5.cc:111:21: warning: stack frame size (10360) exceeds limit (5632) in 'void jxl::N_EMU128::Separable5Impl::ConvolveRow<0u, false>(unsigned int)' [-Wframe-larger-than]
2026-10-09T16:30:56.9109788Z C/C++: /home/runner/work/AN-Paint/AN-Paint/Paintroid/build/jxl-source/lib/jxl/enc_convolve_separable5.cc:111:21: warning: stack frame size (10400) exceeds limit (5632) in 'void jxl::N_EMU128::Separable5Impl::ConvolveRow<1u, true>(unsigned int)' [-Wframe-larger-than]
2026-10-09T16:30:56.9129858Z C/C++: /home/runner/work/AN-Paint/AN-Paint/Paintroid/build/jxl-source/lib/jxl/enc_convolve_separable5.cc:111:21: warning: stack frame size (10256) exceeds limit (5632) in 'void jxl::N_EMU128::Separable5Impl::ConvolveRow<1u, false>(unsigned int)' [-Wframe-larger-than]
2026-10-09T16:30:56.9159778Z C/C++: /home/runner/work/AN-Paint/AN-Paint/Paintroid/build/jxl-source/lib/jxl/enc_convolve_separable5.cc:111:21: warning: stack frame size (6528) exceeds limit (5632) in 'void jxl::N_EMU128::Separable5Impl::ConvolveRow<2u, true>(unsigned int)' [-Wframe-larger-than]
2026-10-09T16:30:56.9162089Z C/C++: /home/runner/work/AN-Paint/AN-Paint/Paintroid/build/jxl-source/lib/jxl/enc_convolve_separable5.cc:111:21: warning: stack frame size (6384) exceeds limit (5632) in 'void jxl::N_EMU128::Separable5Impl::ConvolveRow<2u, false>(unsigned int)' [-Wframe-larger-than]
2026-10-09T16:30:56.9190166Z C/C++: /home/runner/work/AN-Paint/AN-Paint/Paintroid/build/jxl-source/lib/jxl/enc_convolve_separable5.cc:111:21: warning: stack frame size (6528) exceeds limit (5632) in 'void jxl::N_EMU128::Separable5Impl::ConvolveRow<3u, true>(unsigned int)' [-Wframe-larger-than]
2026-10-09T16:30:56.9192497Z C/C++: /home/runner/work/AN-Paint/AN-Paint/Paintroid/build/jxl-source/lib/jxl/enc_convolve_separable5.cc:111:21: warning: stack frame size (6384) exceeds limit (5632) in 'void jxl::N_EMU128::Separable5Impl::ConvolveRow<3u, false>(unsigned int)' [-Wframe-larger-than]
2026-10-09T16:30:56.9219004Z C/C++: 8 warnings generated.
2026-10-09T16:31:03.5910347Z C/C++: /home/runner/work/AN-Paint/AN-Paint/Paintroid/build/heif-source/libde265/libde265/slice.cc:5137:11: warning: comparison of integers of different signs: 'int' and 'value_type' (aka 'unsigned int') [-Wsign-compare]
2026-10-09T16:31:03.5929491Z C/C++:  5136 |           tctx->cabac_decoder.bitstream_curr - tctx->cabac_decoder.bitstream_start - 2 /* -2 because of CABAC init */
2026-10-09T16:31:03.5968960Z C/C++:       |           ~~~~~~~~~~~~~~~~~~~~~~~~~~~~~~~~~~~~~~~~~~~~~~~~~~~~~~~~~~~~~~~~~~~~~~~~~~~~
2026-10-09T16:31:03.5999048Z C/C++:  5137 |           != tctx->shdr->entry_point_offset[substream - 1]) {
2026-10-09T16:31:03.6038996Z C/C++:       |           ^  ~~~~~~~~~~~~~~~~~~~~~~~~~~~~~~~~~~~~~~~~~~~~~
2026-10-09T16:31:03.6068877Z C/C++: 1 warning generated.
2026-10-09T16:31:03.6940414Z C/C++: /home/runner/work/AN-Paint/AN-Paint/Paintroid/build/heif-source/libde265/libde265/arm32/arm.cc:92:2: warning: #warning is a C++23 extension [-Wpedantic]
2026-10-09T16:31:03.6969240Z C/C++:    92 | #warning "Don't know how to detect NEON support at runtime- will be disabled"
2026-10-09T16:31:03.6998975Z C/C++:       |  ^
2026-10-09T16:31:03.7059930Z C/C++: /home/runner/work/AN-Paint/AN-Paint/Paintroid/build/heif-source/libde265/libde265/arm32/arm.cc:92:2: warning: "Don't know how to detect NEON support at runtime- will be disabled" [-W#warnings]
2026-10-09T16:31:03.7061050Z C/C++: 2 warnings generated.
2026-10-09T16:31:04.5940471Z C/C++: /home/runner/work/AN-Paint/AN-Paint/Paintroid/build/heif-source/libheif/libheif/box.cc:1006:27: warning: implicit conversion loses integer precision: 'int64_t' (aka 'long long') to 'size_t' (aka 'unsigned int') [-Wshorten-64-to-32]
2026-10-09T16:31:04.5959715Z C/C++:  1005 |   BitstreamRange boxrange(range.get_istream(),
2026-10-09T16:31:04.6015777Z C/C++:       |                  ~~~~~~~~
2026-10-09T16:31:04.6061785Z C/C++:  1006 |                           box_size_without_header,
2026-10-09T16:31:04.6119361Z C/C++:       |                           ^~~~~~~~~~~~~~~~~~~~~~~
2026-10-09T16:31:04.6150389Z C/C++: /home/runner/work/AN-Paint/AN-Paint/Paintroid/build/heif-source/libheif/libheif/box.cc:2181:76: warning: implicit conversion loses integer precision: 'uint64_t' (aka 'unsigned long long') to 'size_t' (aka 'unsigned int') [-Wshorten-64-to-32]
2026-10-09T16:31:04.6183262Z C/C++:  2181 |       memcpy(extent.data.data() + output_offset, data.data() + data_start, write_n);
2026-10-09T16:31:04.6213426Z C/C++:       |       ~~~~~~                                                               ^~~~~~~
2026-10-09T16:31:04.6240084Z C/C++: /home/runner/work/AN-Paint/AN-Paint/Paintroid/build/heif-source/libheif/libheif/box.cc:2403:44: warning: implicit conversion loses integer precision: 'uint64_t' (aka 'unsigned long long') to 'size_type' (aka 'unsigned int') [-Wshorten-64-to-32]
2026-10-09T16:31:04.6268942Z C/C++:  2403 |           std::vector<uint8_t> data(extent.length);
2026-10-09T16:31:04.6271842Z C/C++:       |                                ~~~~ ~~~~~~~^~~~~~
2026-10-09T16:31:04.6310137Z C/C++: /home/runner/work/AN-Paint/AN-Paint/Paintroid/build/heif-source/libheif/libheif/box.cc:2405:66: warning: implicit conversion loses integer precision: 'uint64_t' (aka 'unsigned long long') to 'size_t' (aka 'unsigned int') [-Wshorten-64-to-32]
2026-10-09T16:31:04.6329050Z C/C++:  2405 |           ssize_t cnt = ::read(m_tmpfile_fd, data.data(), extent.length);
2026-10-09T16:31:04.6358884Z C/C++:       |                         ~~                                ~~~~~~~^~~~~~
2026-10-09T16:31:04.6388728Z C/C++: 4 warnings generated.
2026-10-09T16:31:08.5890850Z C/C++: /home/runner/work/AN-Paint/AN-Paint/Paintroid/build/heif-source/libheif/libheif/file_layout.cc:56:50: warning: implicit conversion loses integer precision: 'uint64_t' (aka 'unsigned long long') to 'size_t' (aka 'unsigned int') [-Wshorten-64-to-32]
2026-10-09T16:31:08.5979321Z C/C++:    56 |   BitstreamRange ftyp_hdr_range(m_stream_reader, m_max_length);
2026-10-09T16:31:08.6008889Z C/C++:       |                  ~~~~~~~~~~~~~~                  ^~~~~~~~~~~~
2026-10-09T16:31:08.6069813Z C/C++: /home/runner/work/AN-Paint/AN-Paint/Paintroid/build/heif-source/libheif/libheif/file_layout.cc:88:49: warning: implicit conversion loses integer precision: 'uint64_t' (aka 'unsigned long long') to 'size_t' (aka 'unsigned int') [-Wshorten-64-to-32]
2026-10-09T16:31:08.6098964Z C/C++:    88 |   BitstreamRange ftyp_range(m_stream_reader, 0, ftyp_size);
2026-10-09T16:31:08.6128966Z C/C++:       |                  ~~~~~~~~~~                     ^~~~~~~~~
2026-10-09T16:31:08.6170090Z C/C++: /home/runner/work/AN-Paint/AN-Paint/Paintroid/build/heif-source/libheif/libheif/file_layout.cc:125:63: warning: implicit conversion loses integer precision: 'uint64_t' (aka 'unsigned long long') to 'size_t' (aka 'unsigned int') [-Wshorten-64-to-32]
2026-10-09T16:31:08.6199100Z C/C++:   125 |     BitstreamRange box_range(m_stream_reader, next_box_start, m_max_length);
2026-10-09T16:31:08.6199766Z C/C++:       |                    ~~~~~~~~~                                  ^~~~~~~~~~~~
2026-10-09T16:31:08.6229835Z C/C++: /home/runner/work/AN-Paint/AN-Paint/Paintroid/build/heif-source/libheif/libheif/file_layout.cc:125:47: warning: implicit conversion loses integer precision: 'uint64_t' (aka 'unsigned long long') to 'size_t' (aka 'unsigned int') [-Wshorten-64-to-32]
2026-10-09T16:31:08.6259233Z C/C++:   125 |     BitstreamRange box_range(m_stream_reader, next_box_start, m_max_length);
2026-10-09T16:31:08.6288858Z C/C++:       |                    ~~~~~~~~~                  ^~~~~~~~~~~~~~
2026-10-09T16:31:08.6290311Z C/C++: /home/runner/work/AN-Paint/AN-Paint/Paintroid/build/heif-source/libheif/libheif/file_layout.cc:167:70: warning: implicit conversion loses integer precision: 'uint64_t' (aka 'unsigned long long') to 'size_t' (aka 'unsigned int') [-Wshorten-64-to-32]
2026-10-09T16:31:08.6319174Z C/C++:   167 |       BitstreamRange meta_box_range(m_stream_reader, meta_box_start, end_of_meta_box);
2026-10-09T16:31:08.6348892Z C/C++:       |                      ~~~~~~~~~~~~~~                                  ^~~~~~~~~~~~~~~
2026-10-09T16:31:08.6350262Z C/C++: /home/runner/work/AN-Paint/AN-Paint/Paintroid/build/heif-source/libheif/libheif/file_layout.cc:167:54: warning: implicit conversion loses integer precision: 'const uint64_t' (aka 'const unsigned long long') to 'size_t' (aka 'unsigned int') [-Wshorten-64-to-32]
2026-10-09T16:31:08.6379170Z C/C++:   167 |       BitstreamRange meta_box_range(m_stream_reader, meta_box_start, end_of_meta_box);
2026-10-09T16:31:08.6408982Z C/C++:       |                      ~~~~~~~~~~~~~~                  ^~~~~~~~~~~~~~
2026-10-09T16:31:08.6410281Z C/C++: /home/runner/work/AN-Paint/AN-Paint/Paintroid/build/heif-source/libheif/libheif/file_layout.cc:214:70: warning: implicit conversion loses integer precision: 'uint64_t' (aka 'unsigned long long') to 'size_t' (aka 'unsigned int') [-Wshorten-64-to-32]
2026-10-09T16:31:08.6411707Z C/C++:   214 |       BitstreamRange mini_box_range(m_stream_reader, mini_box_start, end_of_mini_box);
2026-10-09T16:31:08.6412338Z C/C++:       |                      ~~~~~~~~~~~~~~                                  ^~~~~~~~~~~~~~~
2026-10-09T16:31:08.6413687Z C/C++: /home/runner/work/AN-Paint/AN-Paint/Paintroid/build/heif-source/libheif/libheif/file_layout.cc:214:54: warning: implicit conversion loses integer precision: 'const uint64_t' (aka 'const unsigned long long') to 'size_t' (aka 'unsigned int') [-Wshorten-64-to-32]
2026-10-09T16:31:08.6415088Z C/C++:   214 |       BitstreamRange mini_box_range(m_stream_reader, mini_box_start, end_of_mini_box);
2026-10-09T16:31:08.6416004Z C/C++:       |                      ~~~~~~~~~~~~~~                  ^~~~~~~~~~~~~~
2026-10-09T16:31:08.6417242Z C/C++: /home/runner/work/AN-Paint/AN-Paint/Paintroid/build/heif-source/libheif/libheif/file_layout.cc:262:70: warning: implicit conversion loses integer precision: 'uint64_t' (aka 'unsigned long long') to 'size_t' (aka 'unsigned int') [-Wshorten-64-to-32]
2026-10-09T16:31:08.6418767Z C/C++:   262 |       BitstreamRange moov_box_range(m_stream_reader, moov_box_start, end_of_moov_box);
2026-10-09T16:31:08.6419415Z C/C++:       |                      ~~~~~~~~~~~~~~                                  ^~~~~~~~~~~~~~~
2026-10-09T16:31:08.6420701Z C/C++: /home/runner/work/AN-Paint/AN-Paint/Paintroid/build/heif-source/libheif/libheif/file_layout.cc:262:54: warning: implicit conversion loses integer precision: 'const uint64_t' (aka 'const unsigned long long') to 'size_t' (aka 'unsigned int') [-Wshorten-64-to-32]
2026-10-09T16:31:08.6422134Z C/C++:   262 |       BitstreamRange moov_box_range(m_stream_reader, moov_box_start, end_of_moov_box);
2026-10-09T16:31:08.6422734Z C/C++:       |                      ~~~~~~~~~~~~~~                  ^~~~~~~~~~~~~~
2026-10-09T16:31:08.6423130Z C/C++: 10 warnings generated.
2026-10-09T16:31:08.6424232Z C/C++: /home/runner/work/AN-Paint/AN-Paint/Paintroid/build/heif-source/libheif/libheif/bitstream.cc:81:32: warning: implicit conversion loses integer precision: 'uint64_t' (aka 'unsigned long long') to 'unsigned int' [-Wshorten-64-to-32]
2026-10-09T16:31:08.6425432Z C/C++:    81 |     m_owned_data = new uint8_t[m_length];
2026-10-09T16:31:08.6425825Z C/C++:       |                    ~~~         ^~~~~~~~
2026-10-09T16:31:08.6426181Z C/C++: 1 warning generated.
2026-10-09T16:31:09.4890528Z C/C++: /home/runner/work/AN-Paint/AN-Paint/Paintroid/build/heif-source/libheif/libheif/region.cc:493:40: warning: implicit conversion loses integer precision: 'uint64_t' (aka 'unsigned long long') to 'size_t' (aka 'unsigned int') [-Wshorten-64-to-32]
2026-10-09T16:31:09.4909293Z C/C++:   493 |   if (auto err = m_memory_handle.alloc(bytes_for_mask, limits, "region mask")) {
2026-10-09T16:31:09.4919013Z C/C++:       |                                  ~~~~~ ^~~~~~~~~~~~~~
2026-10-09T16:31:09.4949927Z C/C++: /home/runner/work/AN-Paint/AN-Paint/Paintroid/build/heif-source/libheif/libheif/region.cc:497:20: warning: implicit conversion loses integer precision: 'uint64_t' (aka 'unsigned long long') to 'size_type' (aka 'unsigned int') [-Wshorten-64-to-32]
2026-10-09T16:31:09.4979018Z C/C++:   497 |   mask_data.resize(bytes_for_mask);
2026-10-09T16:31:09.4998793Z C/C++:       |             ~~~~~~ ^~~~~~~~~~~~~~
2026-10-09T16:31:09.5008862Z C/C++: 2 warnings generated.
2026-10-09T16:31:11.1900421Z C/C++: /home/runner/work/AN-Paint/AN-Paint/Paintroid/build/heif-source/libheif/libheif/codecs/decoder.cc:127:80: warning: implicit conversion loses integer precision: 'uint64_t' (aka 'unsigned long long') to 'difference_type' (aka 'int') [-Wshorten-64-to-32]
2026-10-09T16:31:11.1959367Z C/C++:   127 |     data.insert(data.begin(), m_raw.begin() + offset, m_raw.begin() + offset + size);
2026-10-09T16:31:11.2019054Z C/C++:       |                                                                              ~ ^~~~
2026-10-09T16:31:11.2069880Z C/C++: /home/runner/work/AN-Paint/AN-Paint/Paintroid/build/heif-source/libheif/libheif/codecs/decoder.cc:127:71: warning: implicit conversion loses integer precision: 'uint64_t' (aka 'unsigned long long') to 'difference_type' (aka 'int') [-Wshorten-64-to-32]
2026-10-09T16:31:11.2109058Z C/C++:   127 |     data.insert(data.begin(), m_raw.begin() + offset, m_raw.begin() + offset + size);
2026-10-09T16:31:11.2128892Z C/C++:       |                                                                     ~ ^~~~~~
2026-10-09T16:31:11.2130303Z C/C++: /home/runner/work/AN-Paint/AN-Paint/Paintroid/build/heif-source/libheif/libheif/codecs/decoder.cc:127:47: warning: implicit conversion loses integer precision: 'uint64_t' (aka 'unsigned long long') to 'difference_type' (aka 'int') [-Wshorten-64-to-32]
2026-10-09T16:31:11.2132350Z C/C++:   127 |     data.insert(data.begin(), m_raw.begin() + offset, m_raw.begin() + offset + size);
2026-10-09T16:31:11.2132979Z C/C++:       |                                             ~ ^~~~~~
2026-10-09T16:31:11.2133365Z C/C++: 3 warnings generated.
2026-10-09T16:31:13.2930475Z C/C++: /home/runner/work/AN-Paint/AN-Paint/Paintroid/build/heif-source/libheif/libheif/image-items/tiled.cc:360:20: warning: implicit conversion loses integer precision: 'unsigned long long' to 'size_type' (aka 'unsigned int') [-Wshorten-64-to-32]
2026-10-09T16:31:13.2931955Z C/C++:   360 |   m_offsets.resize(*num_tiles_result);
2026-10-09T16:31:13.2959140Z C/C++:       |             ~~~~~~ ^~~~~~~~~~~~~~~~~
2026-10-09T16:31:13.3020363Z C/C++: /home/runner/work/AN-Paint/AN-Paint/Paintroid/build/heif-source/libheif/libheif/image-items/tiled.cc:394:109: warning: implicit conversion loses integer precision: 'uint64_t' (aka 'unsigned long long') to 'size_t' (aka 'unsigned int') [-Wshorten-64-to-32]
2026-10-09T16:31:13.3022124Z C/C++:   394 |   size_t size_to_read = (end - start) * (m_parameters.offset_field_length + m_parameters.size_field_length) / 8;
2026-10-09T16:31:13.3022987Z C/C++:       |          ~~~~~~~~~~~~   ~~~~~~~~~~~~~~~~~~~~~~~~~~~~~~~~~~~~~~~~~~~~~~~~~~~~~~~~~~~~~~~~~~~~~~~~~~~~~~~~~~~~^~~
2026-10-09T16:31:13.3024474Z C/C++: /home/runner/work/AN-Paint/AN-Paint/Paintroid/build/heif-source/libheif/libheif/image-items/tiled.cc:395:101: warning: implicit conversion loses integer precision: 'uint64_t' (aka 'unsigned long long') to 'size_t' (aka 'unsigned int') [-Wshorten-64-to-32]
2026-10-09T16:31:13.3026125Z C/C++:   395 |   size_t start_offset = start * (m_parameters.offset_field_length + m_parameters.size_field_length) / 8;
2026-10-09T16:31:13.3026935Z C/C++:       |          ~~~~~~~~~~~~   ~~~~~~~~~~~~~~~~~~~~~~~~~~~~~~~~~~~~~~~~~~~~~~~~~~~~~~~~~~~~~~~~~~~~~~~~~~~~^~~
2026-10-09T16:31:13.3028653Z C/C++: /home/runner/work/AN-Paint/AN-Paint/Paintroid/build/heif-source/libheif/libheif/image-items/tiled.cc:416:15: warning: implicit conversion loses integer precision: 'uint64_t' (aka 'unsigned long long') to 'size_type' (aka 'unsigned int') [-Wshorten-64-to-32]
2026-10-09T16:31:13.3030138Z C/C++:   416 |     m_offsets[i].offset = readvec(data, idx, m_parameters.offset_field_length / 8);
2026-10-09T16:31:13.3030704Z C/C++:       |     ~~~~~~~~~ ^
2026-10-09T16:31:13.3031941Z C/C++: /home/runner/work/AN-Paint/AN-Paint/Paintroid/build/heif-source/libheif/libheif/image-items/tiled.cc:420:17: warning: implicit conversion loses integer precision: 'uint64_t' (aka 'unsigned long long') to 'size_type' (aka 'unsigned int') [-Wshorten-64-to-32]
2026-10-09T16:31:13.3034050Z C/C++:   420 |       m_offsets[i].size = static_cast<uint32_t>(readvec(data, idx, m_parameters.size_field_length / 8));
2026-10-09T16:31:13.3034664Z C/C++:       |       ~~~~~~~~~ ^
2026-10-09T16:31:13.3035968Z C/C++: /home/runner/work/AN-Paint/AN-Paint/Paintroid/build/heif-source/libheif/libheif/image-items/tiled.cc:502:13: warning: implicit conversion loses integer precision: 'uint64_t' (aka 'unsigned long long') to 'size_type' (aka 'unsigned int') [-Wshorten-64-to-32]
2026-10-09T16:31:13.3037270Z C/C++:   502 |   m_offsets[idx].offset = offset;
2026-10-09T16:31:13.3037640Z C/C++:       |   ~~~~~~~~~ ^~~
2026-10-09T16:31:13.3039033Z C/C++: /home/runner/work/AN-Paint/AN-Paint/Paintroid/build/heif-source/libheif/libheif/image-items/tiled.cc:503:13: warning: implicit conversion loses integer precision: 'uint64_t' (aka 'unsigned long long') to 'size_type' (aka 'unsigned int') [-Wshorten-64-to-32]
2026-10-09T16:31:13.3040331Z C/C++:   503 |   m_offsets[idx].size = size;
2026-10-09T16:31:13.3040703Z C/C++:       |   ~~~~~~~~~ ^~~
2026-10-09T16:31:13.3041925Z C/C++: /home/runner/work/AN-Paint/AN-Paint/Paintroid/build/heif-source/libheif/libheif/image-items/tiled.cc:531:15: warning: implicit conversion loses integer precision: 'uint64_t' (aka 'unsigned long long') to 'size_type' (aka 'unsigned int') [-Wshorten-64-to-32]
2026-10-09T16:31:13.3043432Z C/C++:   531 |   data.resize(size);
2026-10-09T16:31:13.3043762Z C/C++:       |        ~~~~~~ ^~~~
2026-10-09T16:31:13.3044087Z C/C++: 8 warnings generated.
2026-10-09T16:31:13.8910828Z C/C++: /home/runner/work/AN-Paint/AN-Paint/Paintroid/build/heif-source/libheif/libheif/sequences/seq_boxes.cc:1077:40: warning: implicit conversion loses integer precision: 'uint64_t' (aka 'unsigned long long') to 'size_t' (aka 'unsigned int') [-Wshorten-64-to-32]
2026-10-09T16:31:13.8939121Z C/C++:  1077 |   if (auto err = m_memory_handle.alloc(mem_size,
2026-10-09T16:31:13.8999064Z C/C++:       |                                  ~~~~~ ^~~~~~~~
2026-10-09T16:31:13.9014474Z C/C++: /home/runner/work/AN-Paint/AN-Paint/Paintroid/build/heif-source/libheif/libheif/sequences/seq_boxes.cc:2062:42: warning: implicit conversion loses integer precision: 'uint64_t' (aka 'unsigned long long') to 'size_t' (aka 'unsigned int') [-Wshorten-64-to-32]
2026-10-09T16:31:13.9059361Z C/C++:  2062 |     if (auto err = m_memory_handle.alloc(mem_size, limits, "the 'sample aux info sizes' (saiz) table")) {
2026-10-09T16:31:13.9108967Z C/C++:       |                                    ~~~~~ ^~~~~~~~
2026-10-09T16:31:13.9147954Z C/C++: /home/runner/work/AN-Paint/AN-Paint/Paintroid/build/heif-source/libheif/libheif/sequences/seq_boxes.cc:2142:23: warning: implicit conversion loses integer precision: 'uint64_t' (aka 'unsigned long long') to 'size_t' (aka 'unsigned int') [-Wshorten-64-to-32]
2026-10-09T16:31:13.9199113Z C/C++:  2142 |   writer.set_position(m_offset_start_pos);
2026-10-09T16:31:13.9229134Z C/C++:       |          ~~~~~~~~~~~~ ^~~~~~~~~~~~~~~~~~
2026-10-09T16:31:13.9259337Z C/C++: 3 warnings generated.
2026-10-09T16:31:14.3890503Z C/C++: /home/runner/work/AN-Paint/AN-Paint/Paintroid/build/heif-source/libheif/libheif/plugins/encoder_aom.cc:1394:47: warning: implicit conversion loses integer precision: 'const aom_codec_pts_t' (aka 'const long long') to 'uintptr_t' (aka 'unsigned int') [-Wshorten-64-to-32]
2026-10-09T16:31:14.3939460Z C/C++:  1394 |       output_packet.frameNr = pkt->data.frame.pts;
2026-10-09T16:31:14.3969201Z C/C++:       |                             ~ ~~~~~~~~~~~~~~~~^~~
2026-10-09T16:31:14.3971042Z C/C++: /home/runner/work/AN-Paint/AN-Paint/Paintroid/build/heif-source/libheif/libheif/plugins/encoder_aom.cc:1445:47: warning: implicit conversion loses integer precision: 'const aom_codec_pts_t' (aka 'const long long') to 'uintptr_t' (aka 'unsigned int') [-Wshorten-64-to-32]
2026-10-09T16:31:14.3999113Z C/C++:  1445 |       output_packet.frameNr = pkt->data.frame.pts;
2026-10-09T16:31:14.4028897Z C/C++:       |                             ~ ~~~~~~~~~~~~~~~~^~~
2026-10-09T16:31:14.4052116Z C/C++: 2 warnings generated.
2026-10-09T16:31:14.4059839Z C/C++: /home/runner/work/AN-Paint/AN-Paint/Paintroid/build/heif-source/libheif/libheif/plugins/encoder_kvazaar.cc:805:63: warning: implicit conversion loses integer precision: 'int64_t' (aka 'long long') to 'uintptr_t' (aka 'unsigned int') [-Wshorten-64-to-32]
2026-10-09T16:31:14.4079115Z C/C++:   805 |   append_chunk_data(data, encoder, picture_out ? picture_out->pts : 0);
2026-10-09T16:31:14.4108966Z C/C++:       |   ~~~~~~~~~~~~~~~~~                              ~~~~~~~~~~~~~^~~
2026-10-09T16:31:14.4139812Z C/C++: /home/runner/work/AN-Paint/AN-Paint/Paintroid/build/heif-source/libheif/libheif/plugins/encoder_kvazaar.cc:847:51: warning: implicit conversion loses integer precision: 'int64_t' (aka 'long long') to 'uintptr_t' (aka 'unsigned int') [-Wshorten-64-to-32]
2026-10-09T16:31:14.4152837Z C/C++:   847 |     append_chunk_data(data, encoder, picture_out->pts);
2026-10-09T16:31:14.4154969Z C/C++:       |     ~~~~~~~~~~~~~~~~~                ~~~~~~~~~~~~~^~~
2026-10-09T16:31:14.4155530Z C/C++: 2 warnings generated.
2026-10-09T16:31:18.1872199Z 
2026-10-09T16:31:18.1872694Z > Task :Paintroid:configureCMakeDebug[x86]
2026-10-09T16:31:18.1873040Z C/C++: -- Compiler is not EMSCRIPTEN
2026-10-09T16:31:23.0872044Z C/C++: --- aom_configure: Detected CPU: generic
2026-10-09T16:31:23.0872888Z C/C++: Running C compiler test: pie_check
2026-10-09T16:31:23.1872220Z C/C++: CONFIG_PIC enabled for position independent executable (PIE) build
2026-10-09T16:31:23.1872626Z C/C++: Running C compiler test: unistd_check
2026-10-09T16:31:23.2872006Z C/C++: Running CXX compiler test: unistd_check
2026-10-09T16:31:23.4872524Z C/C++: Running C compiler test: fenv_check
2026-10-09T16:31:23.5871912Z C/C++: Checking C compiler flag support for: -std=c11
2026-10-09T16:31:23.6872248Z C/C++: Checking C++ compiler flag support for: -std=c++17
2026-10-09T16:31:23.7872498Z C/C++: Checking C compiler flag support for: -Wall
2026-10-09T16:31:23.8872312Z C/C++: Checking C++ compiler flag support for: -Wall
2026-10-09T16:31:23.9872577Z C/C++: Checking C compiler flag support for: -Wdisabled-optimization
2026-10-09T16:31:24.0871882Z C/C++: Checking C++ compiler flag support for: -Wdisabled-optimization
2026-10-09T16:31:24.1872286Z C/C++: Checking C compiler flag support for: -Wextra
2026-10-09T16:31:24.2872308Z C/C++: Checking C++ compiler flag support for: -Wextra
2026-10-09T16:31:24.3872517Z C/C++: Checking C compiler flag support for: -Wextra-semi
2026-10-09T16:31:24.5871747Z C/C++: Checking C++ compiler flag support for: -Wextra-semi
2026-10-09T16:31:24.6872177Z C/C++: Checking C compiler flag support for: -Wextra-semi-stmt
2026-10-09T16:31:24.7872173Z C/C++: Checking C++ compiler flag support for: -Wextra-semi-stmt
2026-10-09T16:31:24.8872465Z C/C++: Checking C compiler flag support for: -Wfloat-conversion
2026-10-09T16:31:24.9872221Z C/C++: Checking C++ compiler flag support for: -Wfloat-conversion
2026-10-09T16:31:25.0872130Z C/C++: Checking C compiler flag support for: -Wformat=2
2026-10-09T16:31:25.1872815Z C/C++: Checking C++ compiler flag support for: -Wformat=2
2026-10-09T16:31:25.2872088Z C/C++: Checking C compiler flag support for: -Wimplicit-function-declaration
2026-10-09T16:31:25.3872193Z C/C++: Checking C compiler flag support for: -Wlogical-op
2026-10-09T16:31:25.4872569Z C/C++: Checking C++ compiler flag support for: -Wlogical-op
2026-10-09T16:31:25.5871837Z C/C++: Checking C compiler flag support for: -Wmissing-declarations
2026-10-09T16:31:25.6872392Z C/C++: Checking C++ compiler flag support for: -Wmissing-declarations
2026-10-09T16:31:25.7872553Z C/C++: Checking C compiler flag support for: -Wmissing-prototypes
2026-10-09T16:31:25.8872427Z C/C++: Checking C++ compiler flag support for: -Wmissing-prototypes
2026-10-09T16:31:25.9872617Z C/C++: Checking C compiler flag support for: -Wpointer-arith
2026-10-09T16:31:26.0871839Z C/C++: Checking C++ compiler flag support for: -Wpointer-arith
2026-10-09T16:31:26.1872456Z C/C++: Checking C compiler flag support for: -Wshadow
2026-10-09T16:31:26.2872084Z C/C++: Checking C++ compiler flag support for: -Wshadow
2026-10-09T16:31:26.3872570Z C/C++: Checking C compiler flag support for: -Wshorten-64-to-32
2026-10-09T16:31:26.4872357Z C/C++: Checking C++ compiler flag support for: -Wshorten-64-to-32
2026-10-09T16:31:26.5871570Z C/C++: Checking C compiler flag support for: -Wsign-compare
2026-10-09T16:31:26.5872198Z C/C++: Checking C++ compiler flag support for: -Wsign-compare
2026-10-09T16:31:26.6872286Z C/C++: Checking C compiler flag support for: -Wstring-conversion
2026-10-09T16:31:26.7872341Z C/C++: Checking C++ compiler flag support for: -Wstring-conversion
2026-10-09T16:31:26.8872218Z C/C++: Checking C compiler flag support for: -Wtype-limits
2026-10-09T16:31:26.9872419Z C/C++: Checking C++ compiler flag support for: -Wtype-limits
2026-10-09T16:31:27.0871831Z C/C++: Checking C compiler flag support for: -Wundef
2026-10-09T16:31:27.1872599Z C/C++: Checking C++ compiler flag support for: -Wundef
2026-10-09T16:31:27.2872554Z C/C++: Checking C compiler flag support for: -Wuninitialized
2026-10-09T16:31:27.3872316Z C/C++: Checking C++ compiler flag support for: -Wuninitialized
2026-10-09T16:31:27.4872765Z C/C++: Checking C compiler flag support for: -Wunreachable-code-aggressive
2026-10-09T16:31:27.5871731Z C/C++: Checking C++ compiler flag support for: -Wunreachable-code-aggressive
2026-10-09T16:31:27.6872820Z C/C++: Checking C compiler flag support for: -Wunused
2026-10-09T16:31:27.7872244Z C/C++: Checking C++ compiler flag support for: -Wunused
2026-10-09T16:31:27.8872843Z C/C++: Checking C compiler flag support for: -Wvla
2026-10-09T16:31:27.9872413Z C/C++: Checking C++ compiler flag support for: -Wvla
2026-10-09T16:31:28.1872373Z C/C++: Checking C compiler flag support for: -Wc23-extensions
2026-10-09T16:31:28.2872377Z C/C++: Checking C++ compiler flag support for: -Wc++20-extensions
2026-10-09T16:31:28.3872476Z C/C++: Checking C++ compiler flag support for: -Wc++23-extensions
2026-10-09T16:31:28.4872341Z C/C++: Checking C compiler flag support for: -Wstack-usage=100000
2026-10-09T16:31:28.5871670Z C/C++: Checking C++ compiler flag support for: -Wstack-usage=240000
2026-10-09T16:31:28.6872564Z C/C++: Checking C compiler flag support for: -D_LARGEFILE_SOURCE
2026-10-09T16:31:28.7872576Z C/C++: Checking C++ compiler flag support for: -D_LARGEFILE_SOURCE
2026-10-09T16:31:28.8872512Z C/C++: Checking C compiler flag support for: -D_FILE_OFFSET_BITS=64
2026-10-09T16:31:28.9872275Z C/C++: Checking C++ compiler flag support for: -D_FILE_OFFSET_BITS=64
2026-10-09T16:31:29.0871760Z C/C++: Checking C compiler flag support for: -flax-vector-conversions=none
2026-10-09T16:31:29.1872313Z C/C++: Checking C++ compiler flag support for: -flax-vector-conversions=none
2026-10-09T16:31:29.7872808Z C/C++: === Summary of compiled codecs ===
2026-10-09T16:31:29.7873342Z C/C++: libde265 HEVC decoder                 : + built-in
2026-10-09T16:31:29.7873964Z C/C++: FFMPEG HEVC decoder (HW acc)          : - disabled
2026-10-09T16:31:29.7874546Z C/C++: WebCodecs HEVC decoder (experimental) : - disabled
2026-10-09T16:31:29.7875091Z C/C++: x265 HEVC encoder                     : - disabled
2026-10-09T16:31:29.7875607Z C/C++: Kvazaar HEVC encoder                  : + built-in
2026-10-09T16:31:29.7876134Z C/C++: AOM AV1 decoder                       : + built-in
2026-10-09T16:31:29.7876659Z C/C++: AOM AV1 encoder                       : + built-in
2026-10-09T16:31:29.7877175Z C/C++: Dav1d AV1 decoder                     : - disabled
2026-10-09T16:31:29.7877634Z C/C++: SVT AV1 encoder                       : - disabled
2026-10-09T16:31:29.7878107Z C/C++: Rav1e AV1 encoder                     : - disabled
2026-10-09T16:31:29.7878669Z C/C++: JPEG decoder                          : - disabled
2026-10-09T16:31:29.7879093Z C/C++: JPEG encoder                          : - disabled
2026-10-09T16:31:29.7879502Z C/C++: x264 AVC encoder                      : - disabled
2026-10-09T16:31:29.7879914Z C/C++: OpenH264 decoder                      : - disabled
2026-10-09T16:31:29.7880654Z C/C++: OpenJPEG J2K decoder                  : - disabled
2026-10-09T16:31:29.7881070Z C/C++: OpenJPEG J2K encoder                  : - disabled
2026-10-09T16:31:29.7881485Z C/C++: OpenJPH HT-J2K encoder                : - disabled
2026-10-09T16:31:29.7881903Z C/C++: uvg266 VVC encoder                    : - disabled
2026-10-09T16:31:29.7882301Z C/C++: vvenc VVC encoder                     : - disabled
2026-10-09T16:31:29.7882710Z C/C++: vvdec VVC decoder                     : - disabled
2026-10-09T16:31:29.7883099Z C/C++: === Supported formats ===
2026-10-09T16:31:29.7883439Z C/C++: format        decoding   encoding
2026-10-09T16:31:29.7883777Z C/C++: AVC             NO         NO 
2026-10-09T16:31:29.7884097Z C/C++: AVIF            YES        YES
2026-10-09T16:31:29.7884395Z C/C++: HEIC            YES        YES
2026-10-09T16:31:29.7884727Z C/C++: JPEG            NO         NO 
2026-10-09T16:31:29.7885034Z C/C++: JPEG2000        NO         NO 
2026-10-09T16:31:29.7885384Z C/C++: JPEG2000-HT     NO         NO 
2026-10-09T16:31:29.7885708Z C/C++: Uncompressed    NO         NO 
2026-10-09T16:31:29.7886037Z C/C++: VVC             NO         NO 
2026-10-09T16:31:29.7886382Z C/C++: libsharpyuv: disabled
2026-10-09T16:31:29.7886737Z C/C++: === Active input formats for heif-enc ===
2026-10-09T16:31:29.7887136Z C/C++: JPEG: ------ (libjpeg not found)
2026-10-09T16:31:29.7887720Z C/C++: PNG:  ------ (libpng not found)
2026-10-09T16:31:29.7888085Z C/C++: WEBP:  ------ (libwebp not found)
2026-10-09T16:31:29.7888607Z C/C++: TIFF: ------ (libtiff not found)
2026-10-09T16:31:29.7888965Z C/C++: Not compiling 'x265' backend
2026-10-09T16:31:29.7889337Z C/C++: Compiling 'libde265' as built-in backend
2026-10-09T16:31:29.7889746Z C/C++: Not compiling 'dav1d' backend
2026-10-09T16:31:29.7890113Z C/C++: Compiling 'aomdec' as built-in backend
2026-10-09T16:31:29.7890509Z C/C++: Compiling 'aomenc' as built-in backend
2026-10-09T16:31:29.7890893Z C/C++: Not compiling 'svtenc' backend
2026-10-09T16:31:29.7891249Z C/C++: Not compiling 'rav1e' backend
2026-10-09T16:31:29.7891605Z C/C++: Not compiling 'jpegdec' backend
2026-10-09T16:31:29.7891960Z C/C++: Not compiling 'jpegenc' backend
2026-10-09T16:31:29.7892306Z C/C++: Not compiling 'j2kdec' backend
2026-10-09T16:31:29.7892662Z C/C++: Not compiling 'j2kenc' backend
2026-10-09T16:31:29.7893025Z C/C++: Compiling 'kvazaar' as built-in backend
2026-10-09T16:31:29.7893419Z C/C++: Not compiling 'ffmpegdec' backend
2026-10-09T16:31:29.7893792Z C/C++: Not compiling 'jphenc' backend
2026-10-09T16:31:29.7894134Z C/C++: Not compiling 'uvg266' backend
2026-10-09T16:31:29.7894475Z C/C++: Not compiling 'vvdec' backend
2026-10-09T16:31:29.7894813Z C/C++: Not compiling 'vvenc' backend
2026-10-09T16:31:29.7895155Z C/C++: Not compiling 'x264' backend
2026-10-09T16:31:29.7895517Z C/C++: Not compiling 'openh264dec' backend
2026-10-09T16:31:29.7895886Z C/C++: Not compiling 'libsharpyuv'
2026-10-09T16:31:36.4912782Z 
2026-10-09T16:31:36.4943022Z > Task :Paintroid:buildCMakeDebug[x86][anpaint_heif,anpaint_jxl,etc]
2026-10-09T16:31:36.4989675Z C/C++: ninja: Entering directory `/home/runner/work/AN-Paint/AN-Paint/Paintroid/.cxx/Debug/68am3368/x86'
2026-10-09T16:31:36.5019274Z C/C++: In file included from /home/runner/work/AN-Paint/AN-Paint/Paintroid/build/jxl-source/third_party/skcms/src/skcms_TransformBaseline.cc:47:
2026-10-09T16:31:36.5044598Z C/C++: /home/runner/work/AN-Paint/AN-Paint/Paintroid/build/jxl-source/third_party/skcms/src/Transform_inl.h:1165:1: warning: stack frame size (5772) exceeds limit (5632) in 'skcms_private::baseline::Exec_xyz_to_lab(skcms_private::baseline::StageList, void const**, char const*, char*, float vector[4], float vector[4], float vector[4], float vector[4], int)' [-Wframe-larger-than]
2026-10-09T16:31:36.5069055Z C/C++:  1165 | STAGE(xyz_to_lab, NoCtx) {
2026-10-09T16:31:36.5098787Z C/C++:       | ^
2026-10-09T16:31:36.5129348Z C/C++: /home/runner/work/AN-Paint/AN-Paint/Paintroid/build/jxl-source/third_party/skcms/src/Transform_inl.h:818:9: note: expanded from macro 'STAGE'
2026-10-09T16:31:36.5144105Z C/C++:   818 |         DECLARE_STAGE(name, arg, [[clang::musttail]] return (*list.fn)(list, ctx, src, dst, \
2026-10-09T16:31:36.5169782Z C/C++:       |         ^
2026-10-09T16:31:36.5219396Z C/C++: /home/runner/work/AN-Paint/AN-Paint/Paintroid/build/jxl-source/third_party/skcms/src/Transform_inl.h:809:17: note: expanded from macro 'DECLARE_STAGE'
2026-10-09T16:31:36.5244827Z C/C++:   809 |         SI void Exec_##name(StageList list, const void** ctx, STAGE_PARAMS()) { \
2026-10-09T16:31:36.5268759Z C/C++:       |                 ^
2026-10-09T16:31:36.5349389Z C/C++: /home/runner/work/AN-Paint/AN-Paint/Paintroid/.cxx/Debug/68am3368/x86/<scratch space>:64:1: note: expanded from here
2026-10-09T16:31:36.5378968Z C/C++:    64 | Exec_xyz_to_lab
2026-10-09T16:31:36.5439160Z C/C++:       | ^
2026-10-09T16:31:36.5440070Z C/C++: In file included from /home/runner/work/AN-Paint/AN-Paint/Paintroid/build/jxl-source/third_party/skcms/src/skcms_TransformBaseline.cc:47:
2026-10-09T16:31:36.5442459Z C/C++: /home/runner/work/AN-Paint/AN-Paint/Paintroid/build/jxl-source/third_party/skcms/src/Transform_inl.h:1188:1: warning: stack frame size (5884) exceeds limit (5632) in 'skcms_private::baseline::Exec_gamma_rgb(skcms_private::baseline::StageList, void const**, char const*, char*, float vector[4], float vector[4], float vector[4], float vector[4], int)' [-Wframe-larger-than]
2026-10-09T16:31:36.5444654Z C/C++:  1188 | STAGE(gamma_rgb, const skcms_TransferFunction* tf) {
2026-10-09T16:31:36.5445118Z C/C++:       | ^
2026-10-09T16:31:36.5469449Z C/C++: /home/runner/work/AN-Paint/AN-Paint/Paintroid/build/jxl-source/third_party/skcms/src/Transform_inl.h:818:9: note: expanded from macro 'STAGE'
2026-10-09T16:31:36.5509233Z C/C++:   818 |         DECLARE_STAGE(name, arg, [[clang::musttail]] return (*list.fn)(list, ctx, src, dst, \
2026-10-09T16:31:36.5548851Z C/C++:       |         ^
2026-10-09T16:31:36.5609582Z C/C++: /home/runner/work/AN-Paint/AN-Paint/Paintroid/build/jxl-source/third_party/skcms/src/Transform_inl.h:809:17: note: expanded from macro 'DECLARE_STAGE'
2026-10-09T16:31:36.5669106Z C/C++:   809 |         SI void Exec_##name(StageList list, const void** ctx, STAGE_PARAMS()) { \
2026-10-09T16:31:36.5759160Z C/C++:       |                 ^
2026-10-09T16:31:36.5779227Z C/C++: /home/runner/work/AN-Paint/AN-Paint/Paintroid/.cxx/Debug/68am3368/x86/<scratch space>:99:1: note: expanded from here
2026-10-09T16:31:36.5818970Z C/C++:    99 | Exec_gamma_rgb
2026-10-09T16:31:36.5872097Z C/C++:       | ^
2026-10-09T16:31:36.5899871Z C/C++: In file included from /home/runner/work/AN-Paint/AN-Paint/Paintroid/build/jxl-source/third_party/skcms/src/skcms_TransformBaseline.cc:47:
2026-10-09T16:31:36.5960422Z C/C++: /home/runner/work/AN-Paint/AN-Paint/Paintroid/build/jxl-source/third_party/skcms/src/Transform_inl.h:1199:1: warning: stack frame size (6748) exceeds limit (5632) in 'skcms_private::baseline::Exec_tf_rgb(skcms_private::baseline::StageList, void const**, char const*, char*, float vector[4], float vector[4], float vector[4], float vector[4], int)' [-Wframe-larger-than]
2026-10-09T16:31:36.6018958Z C/C++:  1199 | STAGE(tf_rgb, const skcms_TransferFunction* tf) {
2026-10-09T16:31:36.6048982Z C/C++:       | ^
2026-10-09T16:31:36.6079249Z C/C++: /home/runner/work/AN-Paint/AN-Paint/Paintroid/build/jxl-source/third_party/skcms/src/Transform_inl.h:818:9: note: expanded from macro 'STAGE'
2026-10-09T16:31:36.6139510Z C/C++:   818 |         DECLARE_STAGE(name, arg, [[clang::musttail]] return (*list.fn)(list, ctx, src, dst, \
2026-10-09T16:31:36.6168807Z C/C++:       |         ^
2026-10-09T16:31:36.6219558Z C/C++: /home/runner/work/AN-Paint/AN-Paint/Paintroid/build/jxl-source/third_party/skcms/src/Transform_inl.h:809:17: note: expanded from macro 'DECLARE_STAGE'
2026-10-09T16:31:36.6249061Z C/C++:   809 |         SI void Exec_##name(StageList list, const void** ctx, STAGE_PARAMS()) { \
2026-10-09T16:31:36.6260430Z C/C++:       |                 ^
2026-10-09T16:31:36.6289228Z C/C++: /home/runner/work/AN-Paint/AN-Paint/Paintroid/.cxx/Debug/68am3368/x86/<scratch space>:134:1: note: expanded from here
2026-10-09T16:31:36.6328866Z C/C++:   134 | Exec_tf_rgb
2026-10-09T16:31:36.6329541Z C/C++:       | ^
2026-10-09T16:31:36.6339334Z C/C++: In file included from /home/runner/work/AN-Paint/AN-Paint/Paintroid/build/jxl-source/third_party/skcms/src/skcms_TransformBaseline.cc:47:
2026-10-09T16:31:36.6370420Z C/C++: /home/runner/work/AN-Paint/AN-Paint/Paintroid/build/jxl-source/third_party/skcms/src/Transform_inl.h:1210:1: warning: stack frame size (15532) exceeds limit (5632) in 'skcms_private::baseline::Exec_pq_rgb(skcms_private::baseline::StageList, void const**, char const*, char*, float vector[4], float vector[4], float vector[4], float vector[4], int)' [-Wframe-larger-than]
2026-10-09T16:31:36.6389378Z C/C++:  1210 | STAGE(pq_rgb, const skcms_TransferFunction* tf) {
2026-10-09T16:31:36.6418836Z C/C++:       | ^
2026-10-09T16:31:36.6421459Z C/C++: /home/runner/work/AN-Paint/AN-Paint/Paintroid/build/jxl-source/third_party/skcms/src/Transform_inl.h:818:9: note: expanded from macro 'STAGE'
2026-10-09T16:31:36.6479252Z C/C++:   818 |         DECLARE_STAGE(name, arg, [[clang::musttail]] return (*list.fn)(list, ctx, src, dst, \
2026-10-09T16:31:36.6479878Z C/C++:       |         ^
2026-10-09T16:31:36.6481162Z C/C++: /home/runner/work/AN-Paint/AN-Paint/Paintroid/build/jxl-source/third_party/skcms/src/Transform_inl.h:809:17: note: expanded from macro 'DECLARE_STAGE'
2026-10-09T16:31:36.6509090Z C/C++:   809 |         SI void Exec_##name(StageList list, const void** ctx, STAGE_PARAMS()) { \
2026-10-09T16:31:36.6509674Z C/C++:       |                 ^
2026-10-09T16:31:36.6539274Z C/C++: /home/runner/work/AN-Paint/AN-Paint/Paintroid/.cxx/Debug/68am3368/x86/<scratch space>:169:1: note: expanded from here
2026-10-09T16:31:36.6540001Z C/C++:   169 | Exec_pq_rgb
2026-10-09T16:31:36.6540285Z C/C++:       | ^
2026-10-09T16:31:36.6541000Z C/C++: In file included from /home/runner/work/AN-Paint/AN-Paint/Paintroid/build/jxl-source/third_party/skcms/src/skcms_TransformBaseline.cc:47:
2026-10-09T16:31:36.6543228Z C/C++: /home/runner/work/AN-Paint/AN-Paint/Paintroid/build/jxl-source/third_party/skcms/src/Transform_inl.h:1221:1: warning: stack frame size (9804) exceeds limit (5632) in 'skcms_private::baseline::Exec_hlg_rgb(skcms_private::baseline::StageList, void const**, char const*, char*, float vector[4], float vector[4], float vector[4], float vector[4], int)' [-Wframe-larger-than]
2026-10-09T16:31:36.6545124Z C/C++:  1221 | STAGE(hlg_rgb, const skcms_TransferFunction* tf) {
2026-10-09T16:31:36.6545565Z C/C++:       | ^
2026-10-09T16:31:36.6546321Z C/C++: /home/runner/work/AN-Paint/AN-Paint/Paintroid/build/jxl-source/third_party/skcms/src/Transform_inl.h:818:9: note: expanded from macro 'STAGE'
2026-10-09T16:31:36.6547389Z C/C++:   818 |         DECLARE_STAGE(name, arg, [[clang::musttail]] return (*list.fn)(list, ctx, src, dst, \
2026-10-09T16:31:36.6547962Z C/C++:       |         ^
2026-10-09T16:31:36.6549023Z C/C++: /home/runner/work/AN-Paint/AN-Paint/Paintroid/build/jxl-source/third_party/skcms/src/Transform_inl.h:809:17: note: expanded from macro 'DECLARE_STAGE'
2026-10-09T16:31:36.6550099Z C/C++:   809 |         SI void Exec_##name(StageList list, const void** ctx, STAGE_PARAMS()) { \
2026-10-09T16:31:36.6550646Z C/C++:       |                 ^
2026-10-09T16:31:36.6551333Z C/C++: /home/runner/work/AN-Paint/AN-Paint/Paintroid/.cxx/Debug/68am3368/x86/<scratch space>:204:1: note: expanded from here
2026-10-09T16:31:36.6552042Z C/C++:   204 | Exec_hlg_rgb
2026-10-09T16:31:36.6552345Z C/C++:       | ^
2026-10-09T16:31:36.6553077Z C/C++: In file included from /home/runner/work/AN-Paint/AN-Paint/Paintroid/build/jxl-source/third_party/skcms/src/skcms_TransformBaseline.cc:47:
2026-10-09T16:31:36.6555337Z C/C++: /home/runner/work/AN-Paint/AN-Paint/Paintroid/build/jxl-source/third_party/skcms/src/Transform_inl.h:1253:1: warning: stack frame size (7372) exceeds limit (5632) in 'skcms_private::baseline::Exec_hlginv_rgb(skcms_private::baseline::StageList, void const**, char const*, char*, float vector[4], float vector[4], float vector[4], float vector[4], int)' [-Wframe-larger-than]
2026-10-09T16:31:36.6557502Z C/C++:  1253 | STAGE(hlginv_rgb, const skcms_TransferFunction* tf) {
2026-10-09T16:31:36.6557952Z C/C++:       | ^
2026-10-09T16:31:36.6558917Z C/C++: /home/runner/work/AN-Paint/AN-Paint/Paintroid/build/jxl-source/third_party/skcms/src/Transform_inl.h:818:9: note: expanded from macro 'STAGE'
2026-10-09T16:31:36.6569077Z C/C++:   818 |         DECLARE_STAGE(name, arg, [[clang::musttail]] return (*list.fn)(list, ctx, src, dst, \
2026-10-09T16:31:36.6588796Z C/C++:       |         ^
2026-10-09T16:31:36.6619342Z C/C++: /home/runner/work/AN-Paint/AN-Paint/Paintroid/build/jxl-source/third_party/skcms/src/Transform_inl.h:809:17: note: expanded from macro 'DECLARE_STAGE'
2026-10-09T16:31:36.6629072Z C/C++:   809 |         SI void Exec_##name(StageList list, const void** ctx, STAGE_PARAMS()) { \
2026-10-09T16:31:36.6678810Z C/C++:       |                 ^
2026-10-09T16:31:36.6699284Z C/C++: /home/runner/work/AN-Paint/AN-Paint/Paintroid/.cxx/Debug/68am3368/x86/<scratch space>:246:1: note: expanded from here
2026-10-09T16:31:36.6738826Z C/C++:   246 | Exec_hlginv_rgb
2026-10-09T16:31:36.6788828Z C/C++:       | ^
2026-10-09T16:31:36.6808899Z C/C++: 6 warnings generated.
2026-10-09T16:31:36.8937902Z C/C++: In file included from /home/runner/work/AN-Paint/AN-Paint/Paintroid/build/jxl-source/lib/jxl/compressed_dc.cc:22:
2026-10-09T16:31:36.8949439Z C/C++: In file included from /home/runner/work/AN-Paint/AN-Paint/Paintroid/build/jxl-source/third_party/highway/hwy/foreach_target.h:83:
2026-10-09T16:31:36.8982566Z C/C++: /home/runner/work/AN-Paint/AN-Paint/Paintroid/build/jxl-source/lib/jxl/compressed_dc.cc:149:22: warning: stack frame size (9100) exceeds limit (5632) in 'jxl::N_SSE4::AdaptiveDCSmoothing(JxlMemoryManagerStruct*, float const*, jxl::Image3<float>*, jxl::ThreadPool*)::$_0::operator()(unsigned int, unsigned int) const' [-Wframe-larger-than]
2026-10-09T16:31:36.8989133Z C/C++:   149 |   auto process_row = [&](const uint32_t y, size_t /*thread*/) -> Status {
2026-10-09T16:31:36.9039117Z C/C++:       |                      ^
2026-10-09T16:31:36.9080353Z C/C++: /home/runner/work/AN-Paint/AN-Paint/Paintroid/build/jxl-source/lib/jxl/compressed_dc.cc:149:22: warning: stack frame size (9100) exceeds limit (5632) in 'jxl::N_SSE2::AdaptiveDCSmoothing(JxlMemoryManagerStruct*, float const*, jxl::Image3<float>*, jxl::ThreadPool*)::$_0::operator()(unsigned int, unsigned int) const' [-Wframe-larger-than]
2026-10-09T16:31:36.9082280Z C/C++:   149 |   auto process_row = [&](const uint32_t y, size_t /*thread*/) -> Status {
2026-10-09T16:31:36.9109382Z C/C++:       |                      ^
2026-10-09T16:31:36.9119240Z C/C++: 2 warnings generated.
2026-10-09T16:31:37.5874088Z C/C++: In file included from /home/runner/work/AN-Paint/AN-Paint/Paintroid/build/jxl-source/lib/jxl/dec_external_image.cc:28:
2026-10-09T16:31:37.5919948Z C/C++: In file included from /home/runner/work/AN-Paint/AN-Paint/Paintroid/build/jxl-source/third_party/highway/hwy/foreach_target.h:83:
2026-10-09T16:31:37.5979261Z C/C++: In file included from /home/runner/work/AN-Paint/AN-Paint/Paintroid/build/jxl-source/lib/jxl/dec_external_image.cc:29:
2026-10-09T16:31:37.6039503Z C/C++: In file included from /home/runner/work/AN-Paint/AN-Paint/Paintroid/build/jxl-source/third_party/highway/hwy/highway.h:605:
2026-10-09T16:31:37.6070745Z C/C++: /home/runner/work/AN-Paint/AN-Paint/Paintroid/build/jxl-source/third_party/highway/hwy/ops/generic_ops-inl.h:2807:19: warning: stack frame size (9196) exceeds limit (5632) in 'decltype(Zero((hwy::N_SSE4::Simd<hwy::float16_t, 8u, -1>)())) hwy::N_SSE4::DemoteTo<hwy::N_SSE4::Simd<hwy::float16_t, 8u, -1>, (void*)0>(hwy::N_SSE4::Simd<hwy::float16_t, 8u, -1>, decltype(Zero((hwy::N_SSE4::Simd<hwy::float16_t, 8u, -1>::Rebind<float>)())))' [-Wframe-larger-than]
2026-10-09T16:31:37.6139301Z C/C++:  2807 | HWY_API VFromD<D> DemoteTo(D df16, VFromD<Rebind<float, D>> v) {
2026-10-09T16:31:37.6208805Z C/C++:       |                   ^
2026-10-09T16:31:37.6279684Z C/C++: In file included from /home/runner/work/AN-Paint/AN-Paint/Paintroid/build/jxl-source/lib/jxl/dec_external_image.cc:29:
2026-10-09T16:31:37.6309641Z C/C++: In file included from /home/runner/work/AN-Paint/AN-Paint/Paintroid/build/jxl-source/third_party/highway/hwy/highway.h:605:
2026-10-09T16:31:37.6431382Z C/C++: /home/runner/work/AN-Paint/AN-Paint/Paintroid/build/jxl-source/third_party/highway/hwy/ops/generic_ops-inl.h:2807:19: warning: stack frame size (9244) exceeds limit (5632) in 'decltype(Zero((hwy::N_SSE2::Simd<hwy::float16_t, 8u, -1>)())) hwy::N_SSE2::DemoteTo<hwy::N_SSE2::Simd<hwy::float16_t, 8u, -1>, (void*)0>(hwy::N_SSE2::Simd<hwy::float16_t, 8u, -1>, decltype(Zero((hwy::N_SSE2::Simd<hwy::float16_t, 8u, -1>::Rebind<float>)())))' [-Wframe-larger-than]
2026-10-09T16:31:37.6459361Z C/C++:  2807 | HWY_API VFromD<D> DemoteTo(D df16, VFromD<Rebind<float, D>> v) {
2026-10-09T16:31:37.6509262Z C/C++:       |                   ^
2026-10-09T16:31:37.6518788Z C/C++: 2 warnings generated.
2026-10-09T16:31:39.4892500Z C/C++: /home/runner/work/AN-Paint/AN-Paint/Paintroid/build/jxl-source/lib/jxl/modular/encoding/encoding.cc:149:8: warning: stack frame size (10668) exceeds limit (5632) in 'jxl::Status jxl::detail::DecodeModularChannelMAANS<false>(jxl::BitReader*, jxl::ANSSymbolReader*, std::__ndk1::vector<unsigned char, std::__ndk1::allocator<unsigned char>> const&, std::__ndk1::vector<jxl::PropertyDecisionNode, std::__ndk1::allocator<jxl::PropertyDecisionNode>> const&, jxl::weighted::Header const&, int, unsigned int, jxl::TreeLut<unsigned char, false, false>&, jxl::Image*, unsigned int&, unsigned int&)' [-Wframe-larger-than]
2026-10-09T16:31:39.4934034Z C/C++:   149 | Status DecodeModularChannelMAANS(BitReader *br, ANSSymbolReader *reader,
2026-10-09T16:31:39.5009085Z C/C++:       |        ^
2026-10-09T16:31:39.5034868Z C/C++: 1 warning generated.
2026-10-09T16:31:39.9889831Z C/C++: In file included from /home/runner/work/AN-Paint/AN-Paint/Paintroid/build/jxl-source/lib/jxl/modular/transform/squeeze.cc:26:
2026-10-09T16:31:39.9919291Z C/C++: In file included from /home/runner/work/AN-Paint/AN-Paint/Paintroid/build/jxl-source/third_party/highway/hwy/foreach_target.h:83:
2026-10-09T16:31:39.9973203Z C/C++: /home/runner/work/AN-Paint/AN-Paint/Paintroid/build/jxl-source/lib/jxl/modular/transform/squeeze.cc:182:31: warning: stack frame size (5788) exceeds limit (5632) in 'jxl::N_SSE4::InvHSqueeze(jxl::Image&, unsigned int, unsigned int, jxl::ThreadPool*)::$_0::operator()(unsigned int, unsigned int) const' [-Wframe-larger-than]
2026-10-09T16:31:39.9998948Z C/C++:   182 |   const auto unsqueeze_span = [&](const uint32_t task,
2026-10-09T16:31:40.0058883Z C/C++:       |                               ^
2026-10-09T16:31:40.0120147Z C/C++: /home/runner/work/AN-Paint/AN-Paint/Paintroid/build/jxl-source/lib/jxl/modular/transform/squeeze.cc:182:31: warning: stack frame size (5788) exceeds limit (5632) in 'jxl::N_SSE2::InvHSqueeze(jxl::Image&, unsigned int, unsigned int, jxl::ThreadPool*)::$_0::operator()(unsigned int, unsigned int) const' [-Wframe-larger-than]
2026-10-09T16:31:40.0179002Z C/C++:   182 |   const auto unsqueeze_span = [&](const uint32_t task,
2026-10-09T16:31:40.0238924Z C/C++:       |                               ^
2026-10-09T16:31:40.0305841Z C/C++: 2 warnings generated.
2026-10-09T16:31:42.0890986Z C/C++: In file included from /home/runner/work/AN-Paint/AN-Paint/Paintroid/build/jxl-source/lib/jxl/render_pipeline/stage_write.cc:37:
2026-10-09T16:31:42.0950872Z C/C++: In file included from /home/runner/work/AN-Paint/AN-Paint/Paintroid/build/jxl-source/third_party/highway/hwy/foreach_target.h:83:
2026-10-09T16:31:42.1009765Z C/C++: In file included from /home/runner/work/AN-Paint/AN-Paint/Paintroid/build/jxl-source/lib/jxl/render_pipeline/stage_write.cc:38:
2026-10-09T16:31:42.1067237Z C/C++: In file included from /home/runner/work/AN-Paint/AN-Paint/Paintroid/build/jxl-source/third_party/highway/hwy/highway.h:605:
2026-10-09T16:31:42.1074000Z C/C++: /home/runner/work/AN-Paint/AN-Paint/Paintroid/build/jxl-source/third_party/highway/hwy/ops/generic_ops-inl.h:1637:14: warning: stack frame size (5980) exceeds limit (5632) in 'void hwy::N_SSE4::StoreInterleaved3<hwy::N_SSE4::Simd<unsigned char, 16u, -2>, (void*)0, (void*)0, (void*)0>(decltype(Zero((hwy::N_SSE4::Simd<unsigned char, 16u, -2>)())), decltype(Zero((hwy::N_SSE4::Simd<unsigned char, 16u, -2>)())), decltype(Zero((hwy::N_SSE4::Simd<unsigned char, 16u, -2>)())), hwy::N_SSE4::Simd<unsigned char, 16u, -2>, hwy::N_SSE4::Simd<unsigned char, 16u, -2>::T*)' [-Wframe-larger-than]
2026-10-09T16:31:42.1129368Z C/C++:  1637 | HWY_API void StoreInterleaved3(VFromD<D> part0, VFromD<D> part1,
2026-10-09T16:31:42.1168963Z C/C++:       |              ^
2026-10-09T16:31:42.1221339Z C/C++: /home/runner/work/AN-Paint/AN-Paint/Paintroid/build/jxl-source/third_party/highway/hwy/ops/generic_ops-inl.h:1570:14: warning: stack frame size (10524) exceeds limit (5632) in 'void hwy::N_SSE4::StoreInterleaved3<hwy::N_SSE4::Simd<unsigned short, 8u, -1>, (void*)0, (void*)0>(decltype(Zero((hwy::N_SSE4::Simd<unsigned short, 8u, -1>)())), decltype(Zero((hwy::N_SSE4::Simd<unsigned short, 8u, -1>)())), decltype(Zero((hwy::N_SSE4::Simd<unsigned short, 8u, -1>)())), hwy::N_SSE4::Simd<unsigned short, 8u, -1>, hwy::N_SSE4::Simd<unsigned short, 8u, -1>::T*)' [-Wframe-larger-than]
2026-10-09T16:31:42.1239599Z C/C++:  1570 | HWY_API void StoreInterleaved3(VFromD<D> part0, VFromD<D> part1,
2026-10-09T16:31:42.1308949Z C/C++:       |              ^
2026-10-09T16:31:42.1340606Z C/C++: /home/runner/work/AN-Paint/AN-Paint/Paintroid/build/jxl-source/third_party/highway/hwy/ops/generic_ops-inl.h:2807:19: warning: stack frame size (9212) exceeds limit (5632) in 'decltype(Zero((hwy::N_SSE4::Simd<hwy::float16_t, 8u, -1>)())) hwy::N_SSE4::DemoteTo<hwy::N_SSE4::Simd<hwy::float16_t, 8u, -1>, (void*)0>(hwy::N_SSE4::Simd<hwy::float16_t, 8u, -1>, decltype(Zero((hwy::N_SSE4::Simd<hwy::float16_t, 8u, -1>::Rebind<float>)())))' [-Wframe-larger-than]
2026-10-09T16:31:42.1409352Z C/C++:  2807 | HWY_API VFromD<D> DemoteTo(D df16, VFromD<Rebind<float, D>> v) {
2026-10-09T16:31:42.1469183Z C/C++:       |                   ^
2026-10-09T16:31:42.1522869Z C/C++: In file included from /home/runner/work/AN-Paint/AN-Paint/Paintroid/build/jxl-source/lib/jxl/render_pipeline/stage_write.cc:38:
2026-10-09T16:31:42.1559349Z C/C++: In file included from /home/runner/work/AN-Paint/AN-Paint/Paintroid/build/jxl-source/third_party/highway/hwy/highway.h:605:
2026-10-09T16:31:42.1607960Z C/C++: /home/runner/work/AN-Paint/AN-Paint/Paintroid/build/jxl-source/third_party/highway/hwy/ops/generic_ops-inl.h:1637:14: warning: stack frame size (13260) exceeds limit (5632) in 'void hwy::N_SSE2::StoreInterleaved3<hwy::N_SSE2::Simd<unsigned char, 16u, -2>, (void*)0, (void*)0, (void*)0>(decltype(Zero((hwy::N_SSE2::Simd<unsigned char, 16u, -2>)())), decltype(Zero((hwy::N_SSE2::Simd<unsigned char, 16u, -2>)())), decltype(Zero((hwy::N_SSE2::Simd<unsigned char, 16u, -2>)())), hwy::N_SSE2::Simd<unsigned char, 16u, -2>, hwy::N_SSE2::Simd<unsigned char, 16u, -2>::T*)' [-Wframe-larger-than]
2026-10-09T16:31:42.1639076Z C/C++:  1637 | HWY_API void StoreInterleaved3(VFromD<D> part0, VFromD<D> part1,
2026-10-09T16:31:42.1728608Z C/C++:       |              ^
2026-10-09T16:31:42.1741313Z C/C++: /home/runner/work/AN-Paint/AN-Paint/Paintroid/build/jxl-source/third_party/highway/hwy/ops/generic_ops-inl.h:1570:14: warning: stack frame size (22028) exceeds limit (5632) in 'void hwy::N_SSE2::StoreInterleaved3<hwy::N_SSE2::Simd<unsigned short, 8u, -1>, (void*)0, (void*)0>(decltype(Zero((hwy::N_SSE2::Simd<unsigned short, 8u, -1>)())), decltype(Zero((hwy::N_SSE2::Simd<unsigned short, 8u, -1>)())), decltype(Zero((hwy::N_SSE2::Simd<unsigned short, 8u, -1>)())), hwy::N_SSE2::Simd<unsigned short, 8u, -1>, hwy::N_SSE2::Simd<unsigned short, 8u, -1>::T*)' [-Wframe-larger-than]
2026-10-09T16:31:42.1769209Z C/C++:  1570 | HWY_API void StoreInterleaved3(VFromD<D> part0, VFromD<D> part1,
2026-10-09T16:31:42.1798748Z C/C++:       |              ^
2026-10-09T16:31:42.1800827Z C/C++: /home/runner/work/AN-Paint/AN-Paint/Paintroid/build/jxl-source/third_party/highway/hwy/ops/generic_ops-inl.h:2807:19: warning: stack frame size (9244) exceeds limit (5632) in 'decltype(Zero((hwy::N_SSE2::Simd<hwy::float16_t, 8u, -1>)())) hwy::N_SSE2::DemoteTo<hwy::N_SSE2::Simd<hwy::float16_t, 8u, -1>, (void*)0>(hwy::N_SSE2::Simd<hwy::float16_t, 8u, -1>, decltype(Zero((hwy::N_SSE2::Simd<hwy::float16_t, 8u, -1>::Rebind<float>)())))' [-Wframe-larger-than]
2026-10-09T16:31:42.1829157Z C/C++:  2807 | HWY_API VFromD<D> DemoteTo(D df16, VFromD<Rebind<float, D>> v) {
2026-10-09T16:31:42.1838840Z C/C++:       |                   ^
2026-10-09T16:31:42.1839363Z C/C++: 6 warnings generated.
2026-10-09T16:31:43.7872495Z C/C++: In file included from /home/runner/work/AN-Paint/AN-Paint/Paintroid/build/jxl-source/lib/jxl/enc_convolve_separable5.cc:19:
2026-10-09T16:31:43.7899792Z C/C++: In file included from /home/runner/work/AN-Paint/AN-Paint/Paintroid/build/jxl-source/third_party/highway/hwy/foreach_target.h:83:
2026-10-09T16:31:43.7929957Z C/C++: /home/runner/work/AN-Paint/AN-Paint/Paintroid/build/jxl-source/lib/jxl/enc_convolve_separable5.cc:111:21: warning: stack frame size (10236) exceeds limit (5632) in 'void jxl::N_SSE4::Separable5Impl::ConvolveRow<0u, true>(unsigned int)' [-Wframe-larger-than]
2026-10-09T16:31:43.7931835Z C/C++:   111 |   JXL_NOINLINE void ConvolveRow(const uint32_t y) {
2026-10-09T16:31:43.7958870Z C/C++:       |                     ^
2026-10-09T16:31:43.7989804Z C/C++: /home/runner/work/AN-Paint/AN-Paint/Paintroid/build/jxl-source/lib/jxl/enc_convolve_separable5.cc:111:21: warning: stack frame size (10092) exceeds limit (5632) in 'void jxl::N_SSE4::Separable5Impl::ConvolveRow<0u, false>(unsigned int)' [-Wframe-larger-than]
2026-10-09T16:31:43.7992518Z C/C++: /home/runner/work/AN-Paint/AN-Paint/Paintroid/build/jxl-source/lib/jxl/enc_convolve_separable5.cc:111:21: warning: stack frame size (10140) exceeds limit (5632) in 'void jxl::N_SSE4::Separable5Impl::ConvolveRow<1u, true>(unsigned int)' [-Wframe-larger-than]
2026-10-09T16:31:43.8019872Z C/C++: /home/runner/work/AN-Paint/AN-Paint/Paintroid/build/jxl-source/lib/jxl/enc_convolve_separable5.cc:111:21: warning: stack frame size (9996) exceeds limit (5632) in 'void jxl::N_SSE4::Separable5Impl::ConvolveRow<1u, false>(unsigned int)' [-Wframe-larger-than]
2026-10-09T16:31:43.8049836Z C/C++: /home/runner/work/AN-Paint/AN-Paint/Paintroid/build/jxl-source/lib/jxl/enc_convolve_separable5.cc:111:21: warning: stack frame size (6444) exceeds limit (5632) in 'void jxl::N_SSE4::Separable5Impl::ConvolveRow<2u, true>(unsigned int)' [-Wframe-larger-than]
2026-10-09T16:31:43.8079847Z C/C++: /home/runner/work/AN-Paint/AN-Paint/Paintroid/build/jxl-source/lib/jxl/enc_convolve_separable5.cc:111:21: warning: stack frame size (6300) exceeds limit (5632) in 'void jxl::N_SSE4::Separable5Impl::ConvolveRow<2u, false>(unsigned int)' [-Wframe-larger-than]
2026-10-09T16:31:43.8109794Z C/C++: /home/runner/work/AN-Paint/AN-Paint/Paintroid/build/jxl-source/lib/jxl/enc_convolve_separable5.cc:111:21: warning: stack frame size (6444) exceeds limit (5632) in 'void jxl::N_SSE4::Separable5Impl::ConvolveRow<3u, true>(unsigned int)' [-Wframe-larger-than]
2026-10-09T16:31:43.8156583Z C/C++: /home/runner/work/AN-Paint/AN-Paint/Paintroid/build/jxl-source/lib/jxl/enc_convolve_separable5.cc:111:21: warning: stack frame size (6300) exceeds limit (5632) in 'void jxl::N_SSE4::Separable5Impl::ConvolveRow<3u, false>(unsigned int)' [-Wframe-larger-than]
2026-10-09T16:31:43.8220112Z C/C++: /home/runner/work/AN-Paint/AN-Paint/Paintroid/build/jxl-source/lib/jxl/enc_convolve_separable5.cc:111:21: warning: stack frame size (10236) exceeds limit (5632) in 'void jxl::N_SSE2::Separable5Impl::ConvolveRow<0u, true>(unsigned int)' [-Wframe-larger-than]
2026-10-09T16:31:43.8248996Z C/C++:   111 |   JXL_NOINLINE void ConvolveRow(const uint32_t y) {
2026-10-09T16:31:43.8268850Z C/C++:       |                     ^
2026-10-09T16:31:43.8279728Z C/C++: /home/runner/work/AN-Paint/AN-Paint/Paintroid/build/jxl-source/lib/jxl/enc_convolve_separable5.cc:111:21: warning: stack frame size (10092) exceeds limit (5632) in 'void jxl::N_SSE2::Separable5Impl::ConvolveRow<0u, false>(unsigned int)' [-Wframe-larger-than]
2026-10-09T16:31:43.8329837Z C/C++: /home/runner/work/AN-Paint/AN-Paint/Paintroid/build/jxl-source/lib/jxl/enc_convolve_separable5.cc:111:21: warning: stack frame size (10140) exceeds limit (5632) in 'void jxl::N_SSE2::Separable5Impl::ConvolveRow<1u, true>(unsigned int)' [-Wframe-larger-than]
2026-10-09T16:31:43.8332302Z C/C++: /home/runner/work/AN-Paint/AN-Paint/Paintroid/build/jxl-source/lib/jxl/enc_convolve_separable5.cc:111:21: warning: stack frame size (9996) exceeds limit (5632) in 'void jxl::N_SSE2::Separable5Impl::ConvolveRow<1u, false>(unsigned int)' [-Wframe-larger-than]
2026-10-09T16:31:43.8359720Z C/C++: /home/runner/work/AN-Paint/AN-Paint/Paintroid/build/jxl-source/lib/jxl/enc_convolve_separable5.cc:111:21: warning: stack frame size (6444) exceeds limit (5632) in 'void jxl::N_SSE2::Separable5Impl::ConvolveRow<2u, true>(unsigned int)' [-Wframe-larger-than]
2026-10-09T16:31:43.8369738Z C/C++: /home/runner/work/AN-Paint/AN-Paint/Paintroid/build/jxl-source/lib/jxl/enc_convolve_separable5.cc:111:21: warning: stack frame size (6300) exceeds limit (5632) in 'void jxl::N_SSE2::Separable5Impl::ConvolveRow<2u, false>(unsigned int)' [-Wframe-larger-than]
2026-10-09T16:31:43.8410453Z C/C++: /home/runner/work/AN-Paint/AN-Paint/Paintroid/build/jxl-source/lib/jxl/enc_convolve_separable5.cc:111:21: warning: stack frame size (6444) exceeds limit (5632) in 'void jxl::N_SSE2::Separable5Impl::ConvolveRow<3u, true>(unsigned int)' [-Wframe-larger-than]
2026-10-09T16:31:43.8430089Z C/C++: /home/runner/work/AN-Paint/AN-Paint/Paintroid/build/jxl-source/lib/jxl/enc_convolve_separable5.cc:111:21: warning: stack frame size (6300) exceeds limit (5632) in 'void jxl::N_SSE2::Separable5Impl::ConvolveRow<3u, false>(unsigned int)' [-Wframe-larger-than]
2026-10-09T16:31:43.8449015Z C/C++: 16 warnings generated.
2026-10-09T16:31:50.5920499Z C/C++: /home/runner/work/AN-Paint/AN-Paint/Paintroid/build/heif-source/libde265/libde265/slice.cc:5137:11: warning: comparison of integers of different signs: 'int' and 'value_type' (aka 'unsigned int') [-Wsign-compare]
2026-10-09T16:31:50.5979693Z C/C++:  5136 |           tctx->cabac_decoder.bitstream_curr - tctx->cabac_decoder.bitstream_start - 2 /* -2 because of CABAC init */
2026-10-09T16:31:50.6009230Z C/C++:       |           ~~~~~~~~~~~~~~~~~~~~~~~~~~~~~~~~~~~~~~~~~~~~~~~~~~~~~~~~~~~~~~~~~~~~~~~~~~~~
2026-10-09T16:31:50.6039378Z C/C++:  5137 |           != tctx->shdr->entry_point_offset[substream - 1]) {
2026-10-09T16:31:50.6069107Z C/C++:       |           ^  ~~~~~~~~~~~~~~~~~~~~~~~~~~~~~~~~~~~~~~~~~~~~~
2026-10-09T16:31:50.6099041Z C/C++: 1 warning generated.
2026-10-09T16:31:51.7880159Z C/C++: /home/runner/work/AN-Paint/AN-Paint/Paintroid/build/heif-source/libheif/libheif/bitstream.cc:81:32: warning: implicit conversion loses integer precision: 'uint64_t' (aka 'unsigned long long') to 'unsigned int' [-Wshorten-64-to-32]
2026-10-09T16:31:51.7908139Z C/C++:    81 |     m_owned_data = new uint8_t[m_length];
2026-10-09T16:31:51.7927309Z C/C++:       |                    ~~~         ^~~~~~~~
2026-10-09T16:31:51.7968093Z C/C++: 1 warning generated.
2026-10-09T16:31:51.8900310Z C/C++: /home/runner/work/AN-Paint/AN-Paint/Paintroid/build/heif-source/libheif/libheif/box.cc:1006:27: warning: implicit conversion loses integer precision: 'int64_t' (aka 'long long') to 'size_t' (aka 'unsigned int') [-Wshorten-64-to-32]
2026-10-09T16:31:51.8929156Z C/C++:  1005 |   BitstreamRange boxrange(range.get_istream(),
2026-10-09T16:31:51.8958898Z C/C++:       |                  ~~~~~~~~
2026-10-09T16:31:51.9019040Z C/C++:  1006 |                           box_size_without_header,
2026-10-09T16:31:51.9048959Z C/C++:       |                           ^~~~~~~~~~~~~~~~~~~~~~~
2026-10-09T16:31:51.9050289Z C/C++: /home/runner/work/AN-Paint/AN-Paint/Paintroid/build/heif-source/libheif/libheif/box.cc:2181:76: warning: implicit conversion loses integer precision: 'uint64_t' (aka 'unsigned long long') to 'size_t' (aka 'unsigned int') [-Wshorten-64-to-32]
2026-10-09T16:31:51.9078957Z C/C++:  2181 |       memcpy(extent.data.data() + output_offset, data.data() + data_start, write_n);
2026-10-09T16:31:51.9104361Z C/C++:       |       ~~~~~~                                                               ^~~~~~~
2026-10-09T16:31:51.9118891Z C/C++: /home/runner/work/AN-Paint/AN-Paint/Paintroid/build/heif-source/libheif/libheif/box.cc:2403:44: warning: implicit conversion loses integer precision: 'uint64_t' (aka 'unsigned long long') to 'size_type' (aka 'unsigned int') [-Wshorten-64-to-32]
2026-10-09T16:31:51.9129142Z C/C++:  2403 |           std::vector<uint8_t> data(extent.length);
2026-10-09T16:31:51.9144943Z C/C++:       |                                ~~~~ ~~~~~~~^~~~~~
2026-10-09T16:31:51.9159652Z C/C++: /home/runner/work/AN-Paint/AN-Paint/Paintroid/build/heif-source/libheif/libheif/box.cc:2405:66: warning: implicit conversion loses integer precision: 'uint64_t' (aka 'unsigned long long') to 'size_t' (aka 'unsigned int') [-Wshorten-64-to-32]
2026-10-09T16:31:51.9199411Z C/C++:  2405 |           ssize_t cnt = ::read(m_tmpfile_fd, data.data(), extent.length);
2026-10-09T16:31:51.9219158Z C/C++:       |                         ~~                                ~~~~~~~^~~~~~
2026-10-09T16:31:51.9229257Z C/C++: 4 warnings generated.
2026-10-09T16:31:55.6875937Z C/C++: /home/runner/work/AN-Paint/AN-Paint/Paintroid/build/heif-source/libheif/libheif/file_layout.cc:56:50: warning: implicit conversion loses integer precision: 'uint64_t' (aka 'unsigned long long') to 'size_t' (aka 'unsigned int') [-Wshorten-64-to-32]
2026-10-09T16:31:55.6899071Z C/C++:    56 |   BitstreamRange ftyp_hdr_range(m_stream_reader, m_max_length);
2026-10-09T16:31:55.6928912Z C/C++:       |                  ~~~~~~~~~~~~~~                  ^~~~~~~~~~~~
2026-10-09T16:31:55.6930434Z C/C++: /home/runner/work/AN-Paint/AN-Paint/Paintroid/build/heif-source/libheif/libheif/file_layout.cc:88:49: warning: implicit conversion loses integer precision: 'uint64_t' (aka 'unsigned long long') to 'size_t' (aka 'unsigned int') [-Wshorten-64-to-32]
2026-10-09T16:31:55.6959029Z C/C++:    88 |   BitstreamRange ftyp_range(m_stream_reader, 0, ftyp_size);
2026-10-09T16:31:55.6988974Z C/C++:       |                  ~~~~~~~~~~                     ^~~~~~~~~
2026-10-09T16:31:55.7010079Z C/C++: /home/runner/work/AN-Paint/AN-Paint/Paintroid/build/heif-source/libheif/libheif/file_layout.cc:125:63: warning: implicit conversion loses integer precision: 'uint64_t' (aka 'unsigned long long') to 'size_t' (aka 'unsigned int') [-Wshorten-64-to-32]
2026-10-09T16:31:55.7019073Z C/C++:   125 |     BitstreamRange box_range(m_stream_reader, next_box_start, m_max_length);
2026-10-09T16:31:55.7049111Z C/C++:       |                    ~~~~~~~~~                                  ^~~~~~~~~~~~
2026-10-09T16:31:55.7069704Z C/C++: /home/runner/work/AN-Paint/AN-Paint/Paintroid/build/heif-source/libheif/libheif/file_layout.cc:125:47: warning: implicit conversion loses integer precision: 'uint64_t' (aka 'unsigned long long') to 'size_t' (aka 'unsigned int') [-Wshorten-64-to-32]
2026-10-09T16:31:55.7079100Z C/C++:   125 |     BitstreamRange box_range(m_stream_reader, next_box_start, m_max_length);
2026-10-09T16:31:55.7108973Z C/C++:       |                    ~~~~~~~~~                  ^~~~~~~~~~~~~~
2026-10-09T16:31:55.7136806Z C/C++: /home/runner/work/AN-Paint/AN-Paint/Paintroid/build/heif-source/libheif/libheif/file_layout.cc:167:70: warning: implicit conversion loses integer precision: 'uint64_t' (aka 'unsigned long long') to 'size_t' (aka 'unsigned int') [-Wshorten-64-to-32]
2026-10-09T16:31:55.7138959Z C/C++:   167 |       BitstreamRange meta_box_range(m_stream_reader, meta_box_start, end_of_meta_box);
2026-10-09T16:31:55.7139881Z C/C++:       |                      ~~~~~~~~~~~~~~                                  ^~~~~~~~~~~~~~~
2026-10-09T16:31:55.7141669Z C/C++: /home/runner/work/AN-Paint/AN-Paint/Paintroid/build/heif-source/libheif/libheif/file_layout.cc:167:54: warning: implicit conversion loses integer precision: 'const uint64_t' (aka 'const unsigned long long') to 'size_t' (aka 'unsigned int') [-Wshorten-64-to-32]
2026-10-09T16:31:55.7143932Z C/C++:   167 |       BitstreamRange meta_box_range(m_stream_reader, meta_box_start, end_of_meta_box);
2026-10-09T16:31:55.7144794Z C/C++:       |                      ~~~~~~~~~~~~~~                  ^~~~~~~~~~~~~~
2026-10-09T16:31:55.7146363Z C/C++: /home/runner/work/AN-Paint/AN-Paint/Paintroid/build/heif-source/libheif/libheif/file_layout.cc:214:70: warning: implicit conversion loses integer precision: 'uint64_t' (aka 'unsigned long long') to 'size_t' (aka 'unsigned int') [-Wshorten-64-to-32]
2026-10-09T16:31:55.7148082Z C/C++:   214 |       BitstreamRange mini_box_range(m_stream_reader, mini_box_start, end_of_mini_box);
2026-10-09T16:31:55.7149196Z C/C++:       |                      ~~~~~~~~~~~~~~                                  ^~~~~~~~~~~~~~~
2026-10-09T16:31:55.7150887Z C/C++: /home/runner/work/AN-Paint/AN-Paint/Paintroid/build/heif-source/libheif/libheif/file_layout.cc:214:54: warning: implicit conversion loses integer precision: 'const uint64_t' (aka 'const unsigned long long') to 'size_t' (aka 'unsigned int') [-Wshorten-64-to-32]
2026-10-09T16:31:55.7152858Z C/C++:   214 |       BitstreamRange mini_box_range(m_stream_reader, mini_box_start, end_of_mini_box);
2026-10-09T16:31:55.7153722Z C/C++:       |                      ~~~~~~~~~~~~~~                  ^~~~~~~~~~~~~~
2026-10-09T16:31:55.7155211Z C/C++: /home/runner/work/AN-Paint/AN-Paint/Paintroid/build/heif-source/libheif/libheif/file_layout.cc:262:70: warning: implicit conversion loses integer precision: 'uint64_t' (aka 'unsigned long long') to 'size_t' (aka 'unsigned int') [-Wshorten-64-to-32]
2026-10-09T16:31:55.7156905Z C/C++:   262 |       BitstreamRange moov_box_range(m_stream_reader, moov_box_start, end_of_moov_box);
2026-10-09T16:31:55.7157776Z C/C++:       |                      ~~~~~~~~~~~~~~                                  ^~~~~~~~~~~~~~~
2026-10-09T16:31:55.7160076Z C/C++: /home/runner/work/AN-Paint/AN-Paint/Paintroid/build/heif-source/libheif/libheif/file_layout.cc:262:54: warning: implicit conversion loses integer precision: 'const uint64_t' (aka 'const unsigned long long') to 'size_t' (aka 'unsigned int') [-Wshorten-64-to-32]
2026-10-09T16:31:55.7162245Z C/C++:   262 |       BitstreamRange moov_box_range(m_stream_reader, moov_box_start, end_of_moov_box);
2026-10-09T16:31:55.7163127Z C/C++:       |                      ~~~~~~~~~~~~~~                  ^~~~~~~~~~~~~~
2026-10-09T16:31:55.7163755Z C/C++: 10 warnings generated.
2026-10-09T16:31:56.5900535Z C/C++: /home/runner/work/AN-Paint/AN-Paint/Paintroid/build/heif-source/libheif/libheif/region.cc:493:40: warning: implicit conversion loses integer precision: 'uint64_t' (aka 'unsigned long long') to 'size_t' (aka 'unsigned int') [-Wshorten-64-to-32]
2026-10-09T16:31:56.5929290Z C/C++:   493 |   if (auto err = m_memory_handle.alloc(bytes_for_mask, limits, "region mask")) {
2026-10-09T16:31:56.5969298Z C/C++:       |                                  ~~~~~ ^~~~~~~~~~~~~~
2026-10-09T16:31:56.6000110Z C/C++: /home/runner/work/AN-Paint/AN-Paint/Paintroid/build/heif-source/libheif/libheif/region.cc:497:20: warning: implicit conversion loses integer precision: 'uint64_t' (aka 'unsigned long long') to 'size_type' (aka 'unsigned int') [-Wshorten-64-to-32]
2026-10-09T16:31:56.6032805Z C/C++:   497 |   mask_data.resize(bytes_for_mask);
2026-10-09T16:31:56.6119394Z C/C++:       |             ~~~~~~ ^~~~~~~~~~~~~~
2026-10-09T16:31:56.6148986Z C/C++: 2 warnings generated.
2026-10-09T16:31:58.1920560Z C/C++: /home/runner/work/AN-Paint/AN-Paint/Paintroid/build/heif-source/libheif/libheif/codecs/decoder.cc:127:80: warning: implicit conversion loses integer precision: 'uint64_t' (aka 'unsigned long long') to 'difference_type' (aka 'int') [-Wshorten-64-to-32]
2026-10-09T16:31:58.1979415Z C/C++:   127 |     data.insert(data.begin(), m_raw.begin() + offset, m_raw.begin() + offset + size);
2026-10-09T16:31:58.2009506Z C/C++:       |                                                                              ~ ^~~~
2026-10-09T16:31:58.2069615Z C/C++: /home/runner/work/AN-Paint/AN-Paint/Paintroid/build/heif-source/libheif/libheif/codecs/decoder.cc:127:71: warning: implicit conversion loses integer precision: 'uint64_t' (aka 'unsigned long long') to 'difference_type' (aka 'int') [-Wshorten-64-to-32]
2026-10-09T16:31:58.2159660Z C/C++:   127 |     data.insert(data.begin(), m_raw.begin() + offset, m_raw.begin() + offset + size);
2026-10-09T16:31:58.2189792Z C/C++:       |                                                                     ~ ^~~~~~
2026-10-09T16:31:58.2250054Z C/C++: /home/runner/work/AN-Paint/AN-Paint/Paintroid/build/heif-source/libheif/libheif/codecs/decoder.cc:127:47: warning: implicit conversion loses integer precision: 'uint64_t' (aka 'unsigned long long') to 'difference_type' (aka 'int') [-Wshorten-64-to-32]
2026-10-09T16:31:58.2309164Z C/C++:   127 |     data.insert(data.begin(), m_raw.begin() + offset, m_raw.begin() + offset + size);
2026-10-09T16:31:58.2338842Z C/C++:       |                                             ~ ^~~~~~
2026-10-09T16:31:58.2368868Z C/C++: 3 warnings generated.
2026-10-09T16:32:00.1900986Z C/C++: /home/runner/work/AN-Paint/AN-Paint/Paintroid/build/heif-source/libheif/libheif/image-items/tiled.cc:360:20: warning: implicit conversion loses integer precision: 'unsigned long long' to 'size_type' (aka 'unsigned int') [-Wshorten-64-to-32]
2026-10-09T16:32:00.1905327Z C/C++:   360 |   m_offsets.resize(*num_tiles_result);
2026-10-09T16:32:00.1936739Z C/C++:       |             ~~~~~~ ^~~~~~~~~~~~~~~~~
2026-10-09T16:32:00.1960135Z C/C++: /home/runner/work/AN-Paint/AN-Paint/Paintroid/build/heif-source/libheif/libheif/image-items/tiled.cc:394:109: warning: implicit conversion loses integer precision: 'uint64_t' (aka 'unsigned long long') to 'size_t' (aka 'unsigned int') [-Wshorten-64-to-32]
2026-10-09T16:32:00.1989218Z C/C++:   394 |   size_t size_to_read = (end - start) * (m_parameters.offset_field_length + m_parameters.size_field_length) / 8;
2026-10-09T16:32:00.2025814Z C/C++:       |          ~~~~~~~~~~~~   ~~~~~~~~~~~~~~~~~~~~~~~~~~~~~~~~~~~~~~~~~~~~~~~~~~~~~~~~~~~~~~~~~~~~~~~~~~~~~~~~~~~~^~~
2026-10-09T16:32:00.2063862Z C/C++: /home/runner/work/AN-Paint/AN-Paint/Paintroid/build/heif-source/libheif/libheif/image-items/tiled.cc:395:101: warning: implicit conversion loses integer precision: 'uint64_t' (aka 'unsigned long long') to 'size_t' (aka 'unsigned int') [-Wshorten-64-to-32]
2026-10-09T16:32:00.2089169Z C/C++:   395 |   size_t start_offset = start * (m_parameters.offset_field_length + m_parameters.size_field_length) / 8;
2026-10-09T16:32:00.2090008Z C/C++:       |          ~~~~~~~~~~~~   ~~~~~~~~~~~~~~~~~~~~~~~~~~~~~~~~~~~~~~~~~~~~~~~~~~~~~~~~~~~~~~~~~~~~~~~~~~~~^~~
2026-10-09T16:32:00.2091391Z C/C++: /home/runner/work/AN-Paint/AN-Paint/Paintroid/build/heif-source/libheif/libheif/image-items/tiled.cc:416:15: warning: implicit conversion loses integer precision: 'uint64_t' (aka 'unsigned long long') to 'size_type' (aka 'unsigned int') [-Wshorten-64-to-32]
2026-10-09T16:32:00.2093023Z C/C++:   416 |     m_offsets[i].offset = readvec(data, idx, m_parameters.offset_field_length / 8);
2026-10-09T16:32:00.2093543Z C/C++:       |     ~~~~~~~~~ ^
2026-10-09T16:32:00.2094787Z C/C++: /home/runner/work/AN-Paint/AN-Paint/Paintroid/build/heif-source/libheif/libheif/image-items/tiled.cc:420:17: warning: implicit conversion loses integer precision: 'uint64_t' (aka 'unsigned long long') to 'size_type' (aka 'unsigned int') [-Wshorten-64-to-32]
2026-10-09T16:32:00.2096282Z C/C++:   420 |       m_offsets[i].size = static_cast<uint32_t>(readvec(data, idx, m_parameters.size_field_length / 8));
2026-10-09T16:32:00.2096908Z C/C++:       |       ~~~~~~~~~ ^
2026-10-09T16:32:00.2098177Z C/C++: /home/runner/work/AN-Paint/AN-Paint/Paintroid/build/heif-source/libheif/libheif/image-items/tiled.cc:502:13: warning: implicit conversion loses integer precision: 'uint64_t' (aka 'unsigned long long') to 'size_type' (aka 'unsigned int') [-Wshorten-64-to-32]
2026-10-09T16:32:00.2129565Z C/C++:   502 |   m_offsets[idx].offset = offset;
2026-10-09T16:32:00.2139057Z C/C++:       |   ~~~~~~~~~ ^~~
2026-10-09T16:32:00.2160183Z C/C++: /home/runner/work/AN-Paint/AN-Paint/Paintroid/build/heif-source/libheif/libheif/image-items/tiled.cc:503:13: warning: implicit conversion loses integer precision: 'uint64_t' (aka 'unsigned long long') to 'size_type' (aka 'unsigned int') [-Wshorten-64-to-32]
2026-10-09T16:32:00.2188814Z C/C++:   503 |   m_offsets[idx].size = size;
2026-10-09T16:32:00.2218836Z C/C++:       |   ~~~~~~~~~ ^~~
2026-10-09T16:32:00.2239942Z C/C++: /home/runner/work/AN-Paint/AN-Paint/Paintroid/build/heif-source/libheif/libheif/image-items/tiled.cc:531:15: warning: implicit conversion loses integer precision: 'uint64_t' (aka 'unsigned long long') to 'size_type' (aka 'unsigned int') [-Wshorten-64-to-32]
2026-10-09T16:32:00.2248836Z C/C++:   531 |   data.resize(size);
2026-10-09T16:32:00.2278948Z C/C++:       |        ~~~~~~ ^~~~
2026-10-09T16:32:00.2308780Z C/C++: 8 warnings generated.
2026-10-09T16:32:01.0875220Z C/C++: /home/runner/work/AN-Paint/AN-Paint/Paintroid/build/heif-source/libheif/libheif/sequences/seq_boxes.cc:1077:40: warning: implicit conversion loses integer precision: 'uint64_t' (aka 'unsigned long long') to 'size_t' (aka 'unsigned int') [-Wshorten-64-to-32]
2026-10-09T16:32:01.0929632Z C/C++:  1077 |   if (auto err = m_memory_handle.alloc(mem_size,
2026-10-09T16:32:01.0958759Z C/C++:       |                                  ~~~~~ ^~~~~~~~
2026-10-09T16:32:01.1019788Z C/C++: /home/runner/work/AN-Paint/AN-Paint/Paintroid/build/heif-source/libheif/libheif/sequences/seq_boxes.cc:2062:42: warning: implicit conversion loses integer precision: 'uint64_t' (aka 'unsigned long long') to 'size_t' (aka 'unsigned int') [-Wshorten-64-to-32]
2026-10-09T16:32:01.1049002Z C/C++:  2062 |     if (auto err = m_memory_handle.alloc(mem_size, limits, "the 'sample aux info sizes' (saiz) table")) {
2026-10-09T16:32:01.1078833Z C/C++:       |                                    ~~~~~ ^~~~~~~~
2026-10-09T16:32:01.1130278Z C/C++: /home/runner/work/AN-Paint/AN-Paint/Paintroid/build/heif-source/libheif/libheif/sequences/seq_boxes.cc:2142:23: warning: implicit conversion loses integer precision: 'uint64_t' (aka 'unsigned long long') to 'size_t' (aka 'unsigned int') [-Wshorten-64-to-32]
2026-10-09T16:32:01.1179235Z C/C++:  2142 |   writer.set_position(m_offset_start_pos);
2026-10-09T16:32:01.1199102Z C/C++:       |          ~~~~~~~~~~~~ ^~~~~~~~~~~~~~~~~~
2026-10-09T16:32:01.1228923Z C/C++: 3 warnings generated.
2026-10-09T16:32:01.3890607Z C/C++: /home/runner/work/AN-Paint/AN-Paint/Paintroid/build/heif-source/libheif/libheif/plugins/encoder_kvazaar.cc:805:63: warning: implicit conversion loses integer precision: 'int64_t' (aka 'long long') to 'uintptr_t' (aka 'unsigned int') [-Wshorten-64-to-32]
2026-10-09T16:32:01.3917370Z C/C++:   805 |   append_chunk_data(data, encoder, picture_out ? picture_out->pts : 0);
2026-10-09T16:32:01.3949160Z C/C++:       |   ~~~~~~~~~~~~~~~~~                              ~~~~~~~~~~~~~^~~
2026-10-09T16:32:01.3979909Z C/C++: /home/runner/work/AN-Paint/AN-Paint/Paintroid/build/heif-source/libheif/libheif/plugins/encoder_kvazaar.cc:847:51: warning: implicit conversion loses integer precision: 'int64_t' (aka 'long long') to 'uintptr_t' (aka 'unsigned int') [-Wshorten-64-to-32]
2026-10-09T16:32:01.4009041Z C/C++:   847 |     append_chunk_data(data, encoder, picture_out->pts);
2026-10-09T16:32:01.4039212Z C/C++:       |     ~~~~~~~~~~~~~~~~~                ~~~~~~~~~~~~~^~~
2026-10-09T16:32:01.4068969Z C/C++: 2 warnings generated.
2026-10-09T16:32:01.4930526Z C/C++: /home/runner/work/AN-Paint/AN-Paint/Paintroid/build/heif-source/libheif/libheif/plugins/encoder_aom.cc:1394:47: warning: implicit conversion loses integer precision: 'const aom_codec_pts_t' (aka 'const long long') to 'uintptr_t' (aka 'unsigned int') [-Wshorten-64-to-32]
2026-10-09T16:32:01.4989239Z C/C++:  1394 |       output_packet.frameNr = pkt->data.frame.pts;
2026-10-09T16:32:01.5049766Z C/C++:       |                             ~ ~~~~~~~~~~~~~~~~^~~
2026-10-09T16:32:01.5110435Z C/C++: /home/runner/work/AN-Paint/AN-Paint/Paintroid/build/heif-source/libheif/libheif/plugins/encoder_aom.cc:1445:47: warning: implicit conversion loses integer precision: 'const aom_codec_pts_t' (aka 'const long long') to 'uintptr_t' (aka 'unsigned int') [-Wshorten-64-to-32]
2026-10-09T16:32:01.5169302Z C/C++:  1445 |       output_packet.frameNr = pkt->data.frame.pts;
2026-10-09T16:32:01.5198846Z C/C++:       |                             ~ ~~~~~~~~~~~~~~~~^~~
2026-10-09T16:32:01.5228908Z C/C++: 2 warnings generated.
2026-10-09T16:32:05.1872075Z 
2026-10-09T16:32:05.1872795Z > Task :Paintroid:configureCMakeDebug[x86_64]
2026-10-09T16:32:05.1873257Z C/C++: -- Compiler is not EMSCRIPTEN
2026-10-09T16:32:10.1872509Z C/C++: --- aom_configure: Detected CPU: generic
2026-10-09T16:32:10.1873022Z C/C++: Running C compiler test: pie_check
2026-10-09T16:32:10.2872425Z C/C++: CONFIG_PIC enabled for position independent executable (PIE) build
2026-10-09T16:32:10.2872930Z C/C++: Running C compiler test: unistd_check
2026-10-09T16:32:10.3872753Z C/C++: Running CXX compiler test: unistd_check
2026-10-09T16:32:10.5872754Z C/C++: Running C compiler test: fenv_check
2026-10-09T16:32:10.6872616Z C/C++: Checking C compiler flag support for: -std=c11
2026-10-09T16:32:10.7873201Z C/C++: Checking C++ compiler flag support for: -std=c++17
2026-10-09T16:32:10.8872715Z C/C++: Checking C compiler flag support for: -Wall
2026-10-09T16:32:10.9872585Z C/C++: Checking C++ compiler flag support for: -Wall
2026-10-09T16:32:11.0872412Z C/C++: Checking C compiler flag support for: -Wdisabled-optimization
2026-10-09T16:32:11.1872233Z C/C++: Checking C++ compiler flag support for: -Wdisabled-optimization
2026-10-09T16:32:11.2872152Z C/C++: Checking C compiler flag support for: -Wextra
2026-10-09T16:32:11.2872526Z C/C++: Checking C++ compiler flag support for: -Wextra
2026-10-09T16:32:11.3872300Z C/C++: Checking C compiler flag support for: -Wextra-semi
2026-10-09T16:32:11.4872294Z C/C++: Checking C++ compiler flag support for: -Wextra-semi
2026-10-09T16:32:11.5872375Z C/C++: Checking C compiler flag support for: -Wextra-semi-stmt
2026-10-09T16:32:11.6872462Z C/C++: Checking C++ compiler flag support for: -Wextra-semi-stmt
2026-10-09T16:32:11.7872491Z C/C++: Checking C compiler flag support for: -Wfloat-conversion
2026-10-09T16:32:11.8872368Z C/C++: Checking C++ compiler flag support for: -Wfloat-conversion
2026-10-09T16:32:12.1872374Z C/C++: Checking C compiler flag support for: -Wformat=2
2026-10-09T16:32:12.2872444Z C/C++: Checking C++ compiler flag support for: -Wformat=2
2026-10-09T16:32:12.3872628Z C/C++: Checking C compiler flag support for: -Wimplicit-function-declaration
2026-10-09T16:32:12.4872167Z C/C++: Checking C compiler flag support for: -Wlogical-op
2026-10-09T16:32:12.5872456Z C/C++: Checking C++ compiler flag support for: -Wlogical-op
2026-10-09T16:32:12.6872508Z C/C++: Checking C compiler flag support for: -Wmissing-declarations
2026-10-09T16:32:12.7872430Z C/C++: Checking C++ compiler flag support for: -Wmissing-declarations
2026-10-09T16:32:12.8872196Z C/C++: Checking C compiler flag support for: -Wmissing-prototypes
2026-10-09T16:32:12.9872680Z C/C++: Checking C++ compiler flag support for: -Wmissing-prototypes
2026-10-09T16:32:13.0872793Z C/C++: Checking C compiler flag support for: -Wpointer-arith
2026-10-09T16:32:13.1872235Z C/C++: Checking C++ compiler flag support for: -Wpointer-arith
2026-10-09T16:32:13.2872532Z C/C++: Checking C compiler flag support for: -Wshadow
2026-10-09T16:32:13.3872372Z C/C++: Checking C++ compiler flag support for: -Wshadow
2026-10-09T16:32:13.4872427Z C/C++: Checking C compiler flag support for: -Wshorten-64-to-32
2026-10-09T16:32:13.5872085Z C/C++: Checking C++ compiler flag support for: -Wshorten-64-to-32
2026-10-09T16:32:13.6872056Z C/C++: Checking C compiler flag support for: -Wsign-compare
2026-10-09T16:32:13.7872248Z C/C++: Checking C++ compiler flag support for: -Wsign-compare
2026-10-09T16:32:13.8872081Z C/C++: Checking C compiler flag support for: -Wstring-conversion
2026-10-09T16:32:13.9872152Z C/C++: Checking C++ compiler flag support for: -Wstring-conversion
2026-10-09T16:32:14.0872280Z C/C++: Checking C compiler flag support for: -Wtype-limits
2026-10-09T16:32:14.1871975Z C/C++: Checking C++ compiler flag support for: -Wtype-limits
2026-10-09T16:32:14.2872165Z C/C++: Checking C compiler flag support for: -Wundef
2026-10-09T16:32:14.3872499Z C/C++: Checking C++ compiler flag support for: -Wundef
2026-10-09T16:32:14.4872182Z C/C++: Checking C compiler flag support for: -Wuninitialized
2026-10-09T16:32:14.5872439Z C/C++: Checking C++ compiler flag support for: -Wuninitialized
2026-10-09T16:32:14.6872580Z C/C++: Checking C compiler flag support for: -Wunreachable-code-aggressive
2026-10-09T16:32:14.7873412Z C/C++: Checking C++ compiler flag support for: -Wunreachable-code-aggressive
2026-10-09T16:32:14.8872224Z C/C++: Checking C compiler flag support for: -Wunused
2026-10-09T16:32:14.9872162Z C/C++: Checking C++ compiler flag support for: -Wunused
2026-10-09T16:32:15.0872351Z C/C++: Checking C compiler flag support for: -Wvla
2026-10-09T16:32:15.1872337Z C/C++: Checking C++ compiler flag support for: -Wvla
2026-10-09T16:32:15.3872653Z C/C++: Checking C compiler flag support for: -Wc23-extensions
2026-10-09T16:32:15.4872869Z C/C++: Checking C++ compiler flag support for: -Wc++20-extensions
2026-10-09T16:32:15.5873043Z C/C++: Checking C++ compiler flag support for: -Wc++23-extensions
2026-10-09T16:32:15.6872308Z C/C++: Checking C compiler flag support for: -Wstack-usage=100000
2026-10-09T16:32:15.7872549Z C/C++: Checking C++ compiler flag support for: -Wstack-usage=240000
2026-10-09T16:32:15.8872250Z C/C++: Checking C compiler flag support for: -D_LARGEFILE_SOURCE
2026-10-09T16:32:15.9872454Z C/C++: Checking C++ compiler flag support for: -D_LARGEFILE_SOURCE
2026-10-09T16:32:16.0872479Z C/C++: Checking C compiler flag support for: -D_FILE_OFFSET_BITS=64
2026-10-09T16:32:16.1872308Z C/C++: Checking C++ compiler flag support for: -D_FILE_OFFSET_BITS=64
2026-10-09T16:32:16.2872479Z C/C++: Checking C compiler flag support for: -flax-vector-conversions=none
2026-10-09T16:32:16.3872502Z C/C++: Checking C++ compiler flag support for: -flax-vector-conversions=none
2026-10-09T16:32:16.9872144Z C/C++: === Summary of compiled codecs ===
2026-10-09T16:32:16.9872594Z C/C++: libde265 HEVC decoder                 : + built-in
2026-10-09T16:32:16.9872939Z C/C++: FFMPEG HEVC decoder (HW acc)          : - disabled
2026-10-09T16:32:16.9873260Z C/C++: WebCodecs HEVC decoder (experimental) : - disabled
2026-10-09T16:32:16.9873640Z C/C++: x265 HEVC encoder                     : - disabled
2026-10-09T16:32:16.9874027Z C/C++: Kvazaar HEVC encoder                  : + built-in
2026-10-09T16:32:16.9874353Z C/C++: AOM AV1 decoder                       : + built-in
2026-10-09T16:32:16.9874646Z C/C++: AOM AV1 encoder                       : + built-in
2026-10-09T16:32:16.9874968Z C/C++: Dav1d AV1 decoder                     : - disabled
2026-10-09T16:32:16.9875257Z C/C++: SVT AV1 encoder                       : - disabled
2026-10-09T16:32:16.9875526Z C/C++: Rav1e AV1 encoder                     : - disabled
2026-10-09T16:32:16.9875820Z C/C++: JPEG decoder                          : - disabled
2026-10-09T16:32:16.9876101Z C/C++: JPEG encoder                          : - disabled
2026-10-09T16:32:16.9876388Z C/C++: x264 AVC encoder                      : - disabled
2026-10-09T16:32:16.9876665Z C/C++: OpenH264 decoder                      : - disabled
2026-10-09T16:32:16.9876943Z C/C++: OpenJPEG J2K decoder                  : - disabled
2026-10-09T16:32:16.9877226Z C/C++: OpenJPEG J2K encoder                  : - disabled
2026-10-09T16:32:16.9877502Z C/C++: OpenJPH HT-J2K encoder                : - disabled
2026-10-09T16:32:16.9877790Z C/C++: uvg266 VVC encoder                    : - disabled
2026-10-09T16:32:16.9878061Z C/C++: vvenc VVC encoder                     : - disabled
2026-10-09T16:32:16.9878786Z C/C++: vvdec VVC decoder                     : - disabled
2026-10-09T16:32:16.9879056Z C/C++: === Supported formats ===
2026-10-09T16:32:16.9879285Z C/C++: format        decoding   encoding
2026-10-09T16:32:16.9879521Z C/C++: AVC             NO         NO 
2026-10-09T16:32:16.9879746Z C/C++: AVIF            YES        YES
2026-10-09T16:32:16.9879950Z C/C++: HEIC            YES        YES
2026-10-09T16:32:16.9880176Z C/C++: JPEG            NO         NO 
2026-10-09T16:32:16.9880403Z C/C++: JPEG2000        NO         NO 
2026-10-09T16:32:16.9880614Z C/C++: JPEG2000-HT     NO         NO 
2026-10-09T16:32:16.9880837Z C/C++: Uncompressed    NO         NO 
2026-10-09T16:32:16.9881048Z C/C++: VVC             NO         NO 
2026-10-09T16:32:16.9881273Z C/C++: libsharpyuv: disabled
2026-10-09T16:32:17.0872295Z C/C++: === Active input formats for heif-enc ===
2026-10-09T16:32:17.0872815Z C/C++: JPEG: ------ (libjpeg not found)
2026-10-09T16:32:17.0873177Z C/C++: PNG:  ------ (libpng not found)
2026-10-09T16:32:17.0873449Z C/C++: WEBP:  ------ (libwebp not found)
2026-10-09T16:32:17.0873694Z C/C++: TIFF: ------ (libtiff not found)
2026-10-09T16:32:17.0873922Z C/C++: Not compiling 'x265' backend
2026-10-09T16:32:17.0874162Z C/C++: Compiling 'libde265' as built-in backend
2026-10-09T16:32:17.0874431Z C/C++: Not compiling 'dav1d' backend
2026-10-09T16:32:17.0874969Z C/C++: Compiling 'aomdec' as built-in backend
2026-10-09T16:32:17.0875233Z C/C++: Compiling 'aomenc' as built-in backend
2026-10-09T16:32:17.0875504Z C/C++: Not compiling 'svtenc' backend
2026-10-09T16:32:17.0875735Z C/C++: Not compiling 'rav1e' backend
2026-10-09T16:32:17.0875971Z C/C++: Not compiling 'jpegdec' backend
2026-10-09T16:32:17.0876209Z C/C++: Not compiling 'jpegenc' backend
2026-10-09T16:32:17.0876437Z C/C++: Not compiling 'j2kdec' backend
2026-10-09T16:32:17.0876668Z C/C++: Not compiling 'j2kenc' backend
2026-10-09T16:32:17.0876906Z C/C++: Compiling 'kvazaar' as built-in backend
2026-10-09T16:32:17.0877164Z C/C++: Not compiling 'ffmpegdec' backend
2026-10-09T16:32:17.0877407Z C/C++: Not compiling 'jphenc' backend
2026-10-09T16:32:17.0877627Z C/C++: Not compiling 'uvg266' backend
2026-10-09T16:32:17.0877856Z C/C++: Not compiling 'vvdec' backend
2026-10-09T16:32:17.0878080Z C/C++: Not compiling 'vvenc' backend
2026-10-09T16:32:17.0878296Z C/C++: Not compiling 'x264' backend
2026-10-09T16:32:17.0878753Z C/C++: Not compiling 'openh264dec' backend
2026-10-09T16:32:17.0878999Z C/C++: Not compiling 'libsharpyuv'
2026-10-09T16:32:23.1899423Z 
2026-10-09T16:32:23.1939450Z > Task :Paintroid:buildCMakeDebug[x86_64][anpaint_heif,anpaint_jxl,etc]
2026-10-09T16:32:23.1940666Z C/C++: ninja: Entering directory `/home/runner/work/AN-Paint/AN-Paint/Paintroid/.cxx/Debug/68am3368/x86_64'
2026-10-09T16:32:23.1961069Z C/C++: In file included from /home/runner/work/AN-Paint/AN-Paint/Paintroid/build/jxl-source/third_party/skcms/src/skcms_TransformBaseline.cc:47:
2026-10-09T16:32:23.2000245Z C/C++: /home/runner/work/AN-Paint/AN-Paint/Paintroid/build/jxl-source/third_party/skcms/src/Transform_inl.h:1165:1: warning: stack frame size (5944) exceeds limit (5632) in 'skcms_private::baseline::Exec_xyz_to_lab(skcms_private::baseline::StageList, void const**, char const*, char*, float vector[4], float vector[4], float vector[4], float vector[4], int)' [-Wframe-larger-than]
2026-10-09T16:32:23.2002341Z C/C++:  1165 | STAGE(xyz_to_lab, NoCtx) {
2026-10-09T16:32:23.2032178Z C/C++:       | ^
2026-10-09T16:32:23.2059299Z C/C++: /home/runner/work/AN-Paint/AN-Paint/Paintroid/build/jxl-source/third_party/skcms/src/Transform_inl.h:818:9: note: expanded from macro 'STAGE'
2026-10-09T16:32:23.2079282Z C/C++:   818 |         DECLARE_STAGE(name, arg, [[clang::musttail]] return (*list.fn)(list, ctx, src, dst, \
2026-10-09T16:32:23.2118823Z C/C++:       |         ^
2026-10-09T16:32:23.2120888Z C/C++: /home/runner/work/AN-Paint/AN-Paint/Paintroid/build/jxl-source/third_party/skcms/src/Transform_inl.h:809:17: note: expanded from macro 'DECLARE_STAGE'
2026-10-09T16:32:23.2148985Z C/C++:   809 |         SI void Exec_##name(StageList list, const void** ctx, STAGE_PARAMS()) { \
2026-10-09T16:32:23.2188761Z C/C++:       |                 ^
2026-10-09T16:32:23.2219190Z C/C++: /home/runner/work/AN-Paint/AN-Paint/Paintroid/.cxx/Debug/68am3368/x86_64/<scratch space>:64:1: note: expanded from here
2026-10-09T16:32:23.2228768Z C/C++:    64 | Exec_xyz_to_lab
2026-10-09T16:32:23.2248965Z C/C++:       | ^
2026-10-09T16:32:23.2281174Z C/C++: In file included from /home/runner/work/AN-Paint/AN-Paint/Paintroid/build/jxl-source/third_party/skcms/src/skcms_TransformBaseline.cc:47:
2026-10-09T16:32:23.2290236Z C/C++: /home/runner/work/AN-Paint/AN-Paint/Paintroid/build/jxl-source/third_party/skcms/src/Transform_inl.h:1188:1: warning: stack frame size (6104) exceeds limit (5632) in 'skcms_private::baseline::Exec_gamma_rgb(skcms_private::baseline::StageList, void const**, char const*, char*, float vector[4], float vector[4], float vector[4], float vector[4], int)' [-Wframe-larger-than]
2026-10-09T16:32:23.2292127Z C/C++:  1188 | STAGE(gamma_rgb, const skcms_TransferFunction* tf) {
2026-10-09T16:32:23.2292562Z C/C++:       | ^
2026-10-09T16:32:23.2293298Z C/C++: /home/runner/work/AN-Paint/AN-Paint/Paintroid/build/jxl-source/third_party/skcms/src/Transform_inl.h:818:9: note: expanded from macro 'STAGE'
2026-10-09T16:32:23.2294654Z C/C++:   818 |         DECLARE_STAGE(name, arg, [[clang::musttail]] return (*list.fn)(list, ctx, src, dst, \
2026-10-09T16:32:23.2295228Z C/C++:       |         ^
2026-10-09T16:32:23.2296013Z C/C++: /home/runner/work/AN-Paint/AN-Paint/Paintroid/build/jxl-source/third_party/skcms/src/Transform_inl.h:809:17: note: expanded from macro 'DECLARE_STAGE'
2026-10-09T16:32:23.2297020Z C/C++:   809 |         SI void Exec_##name(StageList list, const void** ctx, STAGE_PARAMS()) { \
2026-10-09T16:32:23.2297539Z C/C++:       |                 ^
2026-10-09T16:32:23.2298205Z C/C++: /home/runner/work/AN-Paint/AN-Paint/Paintroid/.cxx/Debug/68am3368/x86_64/<scratch space>:99:1: note: expanded from here
2026-10-09T16:32:23.2299030Z C/C++:    99 | Exec_gamma_rgb
2026-10-09T16:32:23.2299330Z C/C++:       | ^
2026-10-09T16:32:23.2300034Z C/C++: In file included from /home/runner/work/AN-Paint/AN-Paint/Paintroid/build/jxl-source/third_party/skcms/src/skcms_TransformBaseline.cc:47:
2026-10-09T16:32:23.2302196Z C/C++: /home/runner/work/AN-Paint/AN-Paint/Paintroid/build/jxl-source/third_party/skcms/src/Transform_inl.h:1199:1: warning: stack frame size (7208) exceeds limit (5632) in 'skcms_private::baseline::Exec_tf_rgb(skcms_private::baseline::StageList, void const**, char const*, char*, float vector[4], float vector[4], float vector[4], float vector[4], int)' [-Wframe-larger-than]
2026-10-09T16:32:23.2303971Z C/C++:  1199 | STAGE(tf_rgb, const skcms_TransferFunction* tf) {
2026-10-09T16:32:23.2304393Z C/C++:       | ^
2026-10-09T16:32:23.2305112Z C/C++: /home/runner/work/AN-Paint/AN-Paint/Paintroid/build/jxl-source/third_party/skcms/src/Transform_inl.h:818:9: note: expanded from macro 'STAGE'
2026-10-09T16:32:23.2306157Z C/C++:   818 |         DECLARE_STAGE(name, arg, [[clang::musttail]] return (*list.fn)(list, ctx, src, dst, \
2026-10-09T16:32:23.2306711Z C/C++:       |         ^
2026-10-09T16:32:23.2307488Z C/C++: /home/runner/work/AN-Paint/AN-Paint/Paintroid/build/jxl-source/third_party/skcms/src/Transform_inl.h:809:17: note: expanded from macro 'DECLARE_STAGE'
2026-10-09T16:32:23.2308644Z C/C++:   809 |         SI void Exec_##name(StageList list, const void** ctx, STAGE_PARAMS()) { \
2026-10-09T16:32:23.2309176Z C/C++:       |                 ^
2026-10-09T16:32:23.2309867Z C/C++: /home/runner/work/AN-Paint/AN-Paint/Paintroid/.cxx/Debug/68am3368/x86_64/<scratch space>:134:1: note: expanded from here
2026-10-09T16:32:23.2318811Z C/C++:   134 | Exec_tf_rgb
2026-10-09T16:32:23.2342272Z C/C++:       | ^
2026-10-09T16:32:23.2364911Z C/C++: In file included from /home/runner/work/AN-Paint/AN-Paint/Paintroid/build/jxl-source/third_party/skcms/src/skcms_TransformBaseline.cc:47:
2026-10-09T16:32:23.2390940Z C/C++: /home/runner/work/AN-Paint/AN-Paint/Paintroid/build/jxl-source/third_party/skcms/src/Transform_inl.h:1205:1: warning: stack frame size (5640) exceeds limit (5632) in 'skcms_private::baseline::Exec_pq_r(skcms_private::baseline::StageList, void const**, char const*, char*, float vector[4], float vector[4], float vector[4], float vector[4], int)' [-Wframe-larger-than]
2026-10-09T16:32:23.2398956Z C/C++:  1205 | STAGE(pq_r, const skcms_TransferFunction* tf) { r = apply_pq(tf, r); }
2026-10-09T16:32:23.2405077Z C/C++:       | ^
2026-10-09T16:32:23.2406179Z C/C++: /home/runner/work/AN-Paint/AN-Paint/Paintroid/build/jxl-source/third_party/skcms/src/Transform_inl.h:818:9: note: expanded from macro 'STAGE'
2026-10-09T16:32:23.2411232Z C/C++:   818 |         DECLARE_STAGE(name, arg, [[clang::musttail]] return (*list.fn)(list, ctx, src, dst, \
2026-10-09T16:32:23.2414144Z C/C++:       |         ^
2026-10-09T16:32:23.2415451Z C/C++: /home/runner/work/AN-Paint/AN-Paint/Paintroid/build/jxl-source/third_party/skcms/src/Transform_inl.h:809:17: note: expanded from macro 'DECLARE_STAGE'
2026-10-09T16:32:23.2416668Z C/C++:   809 |         SI void Exec_##name(StageList list, const void** ctx, STAGE_PARAMS()) { \
2026-10-09T16:32:23.2417336Z C/C++:       |                 ^
2026-10-09T16:32:23.2418169Z C/C++: /home/runner/work/AN-Paint/AN-Paint/Paintroid/.cxx/Debug/68am3368/x86_64/<scratch space>:141:1: note: expanded from here
2026-10-09T16:32:23.2419457Z C/C++:   141 | Exec_pq_r
2026-10-09T16:32:23.2419894Z C/C++:       | ^
2026-10-09T16:32:23.2420761Z C/C++: In file included from /home/runner/work/AN-Paint/AN-Paint/Paintroid/build/jxl-source/third_party/skcms/src/skcms_TransformBaseline.cc:47:
2026-10-09T16:32:23.2423129Z C/C++: /home/runner/work/AN-Paint/AN-Paint/Paintroid/build/jxl-source/third_party/skcms/src/Transform_inl.h:1206:1: warning: stack frame size (5640) exceeds limit (5632) in 'skcms_private::baseline::Exec_pq_g(skcms_private::baseline::StageList, void const**, char const*, char*, float vector[4], float vector[4], float vector[4], float vector[4], int)' [-Wframe-larger-than]
2026-10-09T16:32:23.2425240Z C/C++:  1206 | STAGE(pq_g, const skcms_TransferFunction* tf) { g = apply_pq(tf, g); }
2026-10-09T16:32:23.2425904Z C/C++:       | ^
2026-10-09T16:32:23.2426790Z C/C++: /home/runner/work/AN-Paint/AN-Paint/Paintroid/build/jxl-source/third_party/skcms/src/Transform_inl.h:818:9: note: expanded from macro 'STAGE'
2026-10-09T16:32:23.2427989Z C/C++:   818 |         DECLARE_STAGE(name, arg, [[clang::musttail]] return (*list.fn)(list, ctx, src, dst, \
2026-10-09T16:32:23.2435214Z C/C++:       |         ^
2026-10-09T16:32:23.2436560Z C/C++: /home/runner/work/AN-Paint/AN-Paint/Paintroid/build/jxl-source/third_party/skcms/src/Transform_inl.h:809:17: note: expanded from macro 'DECLARE_STAGE'
2026-10-09T16:32:23.2443089Z C/C++:   809 |         SI void Exec_##name(StageList list, const void** ctx, STAGE_PARAMS()) { \
2026-10-09T16:32:23.2443803Z C/C++:       |                 ^
2026-10-09T16:32:23.2444687Z C/C++: /home/runner/work/AN-Paint/AN-Paint/Paintroid/.cxx/Debug/68am3368/x86_64/<scratch space>:148:1: note: expanded from here
2026-10-09T16:32:23.2445770Z C/C++:   148 | Exec_pq_g
2026-10-09T16:32:23.2446256Z C/C++:       | ^
2026-10-09T16:32:23.2447145Z C/C++: In file included from /home/runner/work/AN-Paint/AN-Paint/Paintroid/build/jxl-source/third_party/skcms/src/skcms_TransformBaseline.cc:47:
2026-10-09T16:32:23.2449733Z C/C++: /home/runner/work/AN-Paint/AN-Paint/Paintroid/build/jxl-source/third_party/skcms/src/Transform_inl.h:1207:1: warning: stack frame size (5640) exceeds limit (5632) in 'skcms_private::baseline::Exec_pq_b(skcms_private::baseline::StageList, void const**, char const*, char*, float vector[4], float vector[4], float vector[4], float vector[4], int)' [-Wframe-larger-than]
2026-10-09T16:32:23.2451830Z C/C++:  1207 | STAGE(pq_b, const skcms_TransferFunction* tf) { b = apply_pq(tf, b); }
2026-10-09T16:32:23.2452471Z C/C++:       | ^
2026-10-09T16:32:23.2453356Z C/C++: /home/runner/work/AN-Paint/AN-Paint/Paintroid/build/jxl-source/third_party/skcms/src/Transform_inl.h:818:9: note: expanded from macro 'STAGE'
2026-10-09T16:32:23.2454915Z C/C++:   818 |         DECLARE_STAGE(name, arg, [[clang::musttail]] return (*list.fn)(list, ctx, src, dst, \
2026-10-09T16:32:23.2455613Z C/C++:       |         ^
2026-10-09T16:32:23.2456560Z C/C++: /home/runner/work/AN-Paint/AN-Paint/Paintroid/build/jxl-source/third_party/skcms/src/Transform_inl.h:809:17: note: expanded from macro 'DECLARE_STAGE'
2026-10-09T16:32:23.2457730Z C/C++:   809 |         SI void Exec_##name(StageList list, const void** ctx, STAGE_PARAMS()) { \
2026-10-09T16:32:23.2458522Z C/C++:       |                 ^
2026-10-09T16:32:23.2459432Z C/C++: /home/runner/work/AN-Paint/AN-Paint/Paintroid/.cxx/Debug/68am3368/x86_64/<scratch space>:155:1: note: expanded from here
2026-10-09T16:32:23.2460292Z C/C++:   155 | Exec_pq_b
2026-10-09T16:32:23.2460705Z C/C++:       | ^
2026-10-09T16:32:23.2461747Z C/C++: In file included from /home/runner/work/AN-Paint/AN-Paint/Paintroid/build/jxl-source/third_party/skcms/src/skcms_TransformBaseline.cc:47:
2026-10-09T16:32:23.2464265Z C/C++: /home/runner/work/AN-Paint/AN-Paint/Paintroid/build/jxl-source/third_party/skcms/src/Transform_inl.h:1208:1: warning: stack frame size (5640) exceeds limit (5632) in 'skcms_private::baseline::Exec_pq_a(skcms_private::baseline::StageList, void const**, char const*, char*, float vector[4], float vector[4], float vector[4], float vector[4], int)' [-Wframe-larger-than]
2026-10-09T16:32:23.2466221Z C/C++:  1208 | STAGE(pq_a, const skcms_TransferFunction* tf) { a = apply_pq(tf, a); }
2026-10-09T16:32:23.2466860Z C/C++:       | ^
2026-10-09T16:32:23.2467747Z C/C++: /home/runner/work/AN-Paint/AN-Paint/Paintroid/build/jxl-source/third_party/skcms/src/Transform_inl.h:818:9: note: expanded from macro 'STAGE'
2026-10-09T16:32:23.2469638Z C/C++:   818 |         DECLARE_STAGE(name, arg, [[clang::musttail]] return (*list.fn)(list, ctx, src, dst, \
2026-10-09T16:32:23.2470338Z C/C++:       |         ^
2026-10-09T16:32:23.2471291Z C/C++: /home/runner/work/AN-Paint/AN-Paint/Paintroid/build/jxl-source/third_party/skcms/src/Transform_inl.h:809:17: note: expanded from macro 'DECLARE_STAGE'
2026-10-09T16:32:23.2472445Z C/C++:   809 |         SI void Exec_##name(StageList list, const void** ctx, STAGE_PARAMS()) { \
2026-10-09T16:32:23.2473121Z C/C++:       |                 ^
2026-10-09T16:32:23.2473942Z C/C++: /home/runner/work/AN-Paint/AN-Paint/Paintroid/.cxx/Debug/68am3368/x86_64/<scratch space>:162:1: note: expanded from here
2026-10-09T16:32:23.2474793Z C/C++:   162 | Exec_pq_a
2026-10-09T16:32:23.2475219Z C/C++:       | ^
2026-10-09T16:32:23.2476078Z C/C++: In file included from /home/runner/work/AN-Paint/AN-Paint/Paintroid/build/jxl-source/third_party/skcms/src/skcms_TransformBaseline.cc:47:
2026-10-09T16:32:23.2501034Z C/C++: /home/runner/work/AN-Paint/AN-Paint/Paintroid/build/jxl-source/third_party/skcms/src/Transform_inl.h:1210:1: warning: stack frame size (15800) exceeds limit (5632) in 'skcms_private::baseline::Exec_pq_rgb(skcms_private::baseline::StageList, void const**, char const*, char*, float vector[4], float vector[4], float vector[4], float vector[4], int)' [-Wframe-larger-than]
2026-10-09T16:32:23.2529129Z C/C++:  1210 | STAGE(pq_rgb, const skcms_TransferFunction* tf) {
2026-10-09T16:32:23.2559261Z C/C++:       | ^
2026-10-09T16:32:23.2569898Z C/C++: /home/runner/work/AN-Paint/AN-Paint/Paintroid/build/jxl-source/third_party/skcms/src/Transform_inl.h:818:9: note: expanded from macro 'STAGE'
2026-10-09T16:32:23.2589158Z C/C++:   818 |         DECLARE_STAGE(name, arg, [[clang::musttail]] return (*list.fn)(list, ctx, src, dst, \
2026-10-09T16:32:23.2618792Z C/C++:       |         ^
2026-10-09T16:32:23.2649319Z C/C++: /home/runner/work/AN-Paint/AN-Paint/Paintroid/build/jxl-source/third_party/skcms/src/Transform_inl.h:809:17: note: expanded from macro 'DECLARE_STAGE'
2026-10-09T16:32:23.2650537Z C/C++:   809 |         SI void Exec_##name(StageList list, const void** ctx, STAGE_PARAMS()) { \
2026-10-09T16:32:23.2678795Z C/C++:       |                 ^
2026-10-09T16:32:23.2701346Z C/C++: /home/runner/work/AN-Paint/AN-Paint/Paintroid/.cxx/Debug/68am3368/x86_64/<scratch space>:169:1: note: expanded from here
2026-10-09T16:32:23.2728854Z C/C++:   169 | Exec_pq_rgb
2026-10-09T16:32:23.2758946Z C/C++:       | ^
2026-10-09T16:32:23.2789428Z C/C++: In file included from /home/runner/work/AN-Paint/AN-Paint/Paintroid/build/jxl-source/third_party/skcms/src/skcms_TransformBaseline.cc:47:
2026-10-09T16:32:23.2850365Z C/C++: /home/runner/work/AN-Paint/AN-Paint/Paintroid/build/jxl-source/third_party/skcms/src/Transform_inl.h:1221:1: warning: stack frame size (9752) exceeds limit (5632) in 'skcms_private::baseline::Exec_hlg_rgb(skcms_private::baseline::StageList, void const**, char const*, char*, float vector[4], float vector[4], float vector[4], float vector[4], int)' [-Wframe-larger-than]
2026-10-09T16:32:23.2899086Z C/C++:  1221 | STAGE(hlg_rgb, const skcms_TransferFunction* tf) {
2026-10-09T16:32:23.2938905Z C/C++:       | ^
2026-10-09T16:32:23.2969278Z C/C++: /home/runner/work/AN-Paint/AN-Paint/Paintroid/build/jxl-source/third_party/skcms/src/Transform_inl.h:818:9: note: expanded from macro 'STAGE'
2026-10-09T16:32:23.3019276Z C/C++:   818 |         DECLARE_STAGE(name, arg, [[clang::musttail]] return (*list.fn)(list, ctx, src, dst, \
2026-10-09T16:32:23.3079129Z C/C++:       |         ^
2026-10-09T16:32:23.3089628Z C/C++: /home/runner/work/AN-Paint/AN-Paint/Paintroid/build/jxl-source/third_party/skcms/src/Transform_inl.h:809:17: note: expanded from macro 'DECLARE_STAGE'
2026-10-09T16:32:23.3149347Z C/C++:   809 |         SI void Exec_##name(StageList list, const void** ctx, STAGE_PARAMS()) { \
2026-10-09T16:32:23.3189114Z C/C++:       |                 ^
2026-10-09T16:32:23.3219415Z C/C++: /home/runner/work/AN-Paint/AN-Paint/Paintroid/.cxx/Debug/68am3368/x86_64/<scratch space>:204:1: note: expanded from here
2026-10-09T16:32:23.3279214Z C/C++:   204 | Exec_hlg_rgb
2026-10-09T16:32:23.3306457Z C/C++:       | ^
2026-10-09T16:32:23.3359772Z C/C++: In file included from /home/runner/work/AN-Paint/AN-Paint/Paintroid/build/jxl-source/third_party/skcms/src/skcms_TransformBaseline.cc:47:
2026-10-09T16:32:23.3390743Z C/C++: /home/runner/work/AN-Paint/AN-Paint/Paintroid/build/jxl-source/third_party/skcms/src/Transform_inl.h:1253:1: warning: stack frame size (7928) exceeds limit (5632) in 'skcms_private::baseline::Exec_hlginv_rgb(skcms_private::baseline::StageList, void const**, char const*, char*, float vector[4], float vector[4], float vector[4], float vector[4], int)' [-Wframe-larger-than]
2026-10-09T16:32:23.3406787Z C/C++:  1253 | STAGE(hlginv_rgb, const skcms_TransferFunction* tf) {
2026-10-09T16:32:23.3447243Z C/C++:       | ^
2026-10-09T16:32:23.3479330Z C/C++: /home/runner/work/AN-Paint/AN-Paint/Paintroid/build/jxl-source/third_party/skcms/src/Transform_inl.h:818:9: note: expanded from macro 'STAGE'
2026-10-09T16:32:23.3507608Z C/C++:   818 |         DECLARE_STAGE(name, arg, [[clang::musttail]] return (*list.fn)(list, ctx, src, dst, \
2026-10-09T16:32:23.3538778Z C/C++:       |         ^
2026-10-09T16:32:23.3569320Z C/C++: /home/runner/work/AN-Paint/AN-Paint/Paintroid/build/jxl-source/third_party/skcms/src/Transform_inl.h:809:17: note: expanded from macro 'DECLARE_STAGE'
2026-10-09T16:32:23.3598974Z C/C++:   809 |         SI void Exec_##name(StageList list, const void** ctx, STAGE_PARAMS()) { \
2026-10-09T16:32:23.3628786Z C/C++:       |                 ^
2026-10-09T16:32:23.3659207Z C/C++: /home/runner/work/AN-Paint/AN-Paint/Paintroid/.cxx/Debug/68am3368/x86_64/<scratch space>:246:1: note: expanded from here
2026-10-09T16:32:23.3688794Z C/C++:   246 | Exec_hlginv_rgb
2026-10-09T16:32:23.3708946Z C/C++:       | ^
2026-10-09T16:32:23.3748805Z C/C++: 10 warnings generated.
2026-10-09T16:32:24.2900005Z C/C++: In file included from /home/runner/work/AN-Paint/AN-Paint/Paintroid/build/jxl-source/lib/jxl/compressed_dc.cc:22:
2026-10-09T16:32:24.2929330Z C/C++: In file included from /home/runner/work/AN-Paint/AN-Paint/Paintroid/build/jxl-source/third_party/highway/hwy/foreach_target.h:83:
2026-10-09T16:32:24.2974991Z C/C++: /home/runner/work/AN-Paint/AN-Paint/Paintroid/build/jxl-source/lib/jxl/compressed_dc.cc:149:22: warning: stack frame size (10136) exceeds limit (5632) in 'jxl::N_SSE4::AdaptiveDCSmoothing(JxlMemoryManagerStruct*, float const*, jxl::Image3<float>*, jxl::ThreadPool*)::$_0::operator()(unsigned int, unsigned long) const' [-Wframe-larger-than]
2026-10-09T16:32:24.2988919Z C/C++:   149 |   auto process_row = [&](const uint32_t y, size_t /*thread*/) -> Status {
2026-10-09T16:32:24.3048804Z C/C++:       |                      ^
2026-10-09T16:32:24.3074595Z C/C++: In file included from /home/runner/work/AN-Paint/AN-Paint/Paintroid/build/jxl-source/lib/jxl/compressed_dc.cc:22:
2026-10-09T16:32:24.3129329Z C/C++: In file included from /home/runner/work/AN-Paint/AN-Paint/Paintroid/build/jxl-source/third_party/highway/hwy/foreach_target.h:94:
2026-10-09T16:32:24.3180428Z C/C++: /home/runner/work/AN-Paint/AN-Paint/Paintroid/build/jxl-source/lib/jxl/compressed_dc.cc:149:22: warning: stack frame size (12888) exceeds limit (5632) in 'jxl::N_AVX2::AdaptiveDCSmoothing(JxlMemoryManagerStruct*, float const*, jxl::Image3<float>*, jxl::ThreadPool*)::$_0::operator()(unsigned int, unsigned long) const' [-Wframe-larger-than]
2026-10-09T16:32:24.3208994Z C/C++:   149 |   auto process_row = [&](const uint32_t y, size_t /*thread*/) -> Status {
2026-10-09T16:32:24.3239198Z C/C++:       |                      ^
2026-10-09T16:32:24.3330408Z C/C++: /home/runner/work/AN-Paint/AN-Paint/Paintroid/build/jxl-source/lib/jxl/compressed_dc.cc:149:22: warning: stack frame size (10136) exceeds limit (5632) in 'jxl::N_SSE2::AdaptiveDCSmoothing(JxlMemoryManagerStruct*, float const*, jxl::Image3<float>*, jxl::ThreadPool*)::$_0::operator()(unsigned int, unsigned long) const' [-Wframe-larger-than]
2026-10-09T16:32:24.3359386Z C/C++:   149 |   auto process_row = [&](const uint32_t y, size_t /*thread*/) -> Status {
2026-10-09T16:32:24.3376657Z C/C++:       |                      ^
2026-10-09T16:32:24.3418907Z C/C++: 3 warnings generated.
2026-10-09T16:32:24.7910103Z C/C++: In file included from /home/runner/work/AN-Paint/AN-Paint/Paintroid/build/jxl-source/lib/jxl/dec_external_image.cc:28:
2026-10-09T16:32:24.7979720Z C/C++: In file included from /home/runner/work/AN-Paint/AN-Paint/Paintroid/build/jxl-source/third_party/highway/hwy/foreach_target.h:83:
2026-10-09T16:32:24.8033727Z C/C++: In file included from /home/runner/work/AN-Paint/AN-Paint/Paintroid/build/jxl-source/lib/jxl/dec_external_image.cc:29:
2026-10-09T16:32:24.8089509Z C/C++: In file included from /home/runner/work/AN-Paint/AN-Paint/Paintroid/build/jxl-source/third_party/highway/hwy/highway.h:605:
2026-10-09T16:32:24.8126355Z C/C++: /home/runner/work/AN-Paint/AN-Paint/Paintroid/build/jxl-source/third_party/highway/hwy/ops/generic_ops-inl.h:2807:19: warning: stack frame size (8440) exceeds limit (5632) in 'decltype(Zero((hwy::N_SSE4::Simd<hwy::float16_t, 8ul, -1>)())) hwy::N_SSE4::DemoteTo<hwy::N_SSE4::Simd<hwy::float16_t, 8ul, -1>, (void*)0>(hwy::N_SSE4::Simd<hwy::float16_t, 8ul, -1>, decltype(Zero((hwy::N_SSE4::Simd<hwy::float16_t, 8ul, -1>::Rebind<float>)())))' [-Wframe-larger-than]
2026-10-09T16:32:24.8216481Z C/C++:  2807 | HWY_API VFromD<D> DemoteTo(D df16, VFromD<Rebind<float, D>> v) {
2026-10-09T16:32:24.8310050Z C/C++:       |                   ^
2026-10-09T16:32:24.8329513Z C/C++: In file included from /home/runner/work/AN-Paint/AN-Paint/Paintroid/build/jxl-source/lib/jxl/dec_external_image.cc:29:
2026-10-09T16:32:24.8439777Z C/C++: In file included from /home/runner/work/AN-Paint/AN-Paint/Paintroid/build/jxl-source/third_party/highway/hwy/highway.h:605:
2026-10-09T16:32:24.8490801Z C/C++: /home/runner/work/AN-Paint/AN-Paint/Paintroid/build/jxl-source/third_party/highway/hwy/ops/generic_ops-inl.h:2807:19: warning: stack frame size (8408) exceeds limit (5632) in 'decltype(Zero((hwy::N_SSE2::Simd<hwy::float16_t, 8ul, -1>)())) hwy::N_SSE2::DemoteTo<hwy::N_SSE2::Simd<hwy::float16_t, 8ul, -1>, (void*)0>(hwy::N_SSE2::Simd<hwy::float16_t, 8ul, -1>, decltype(Zero((hwy::N_SSE2::Simd<hwy::float16_t, 8ul, -1>::Rebind<float>)())))' [-Wframe-larger-than]
2026-10-09T16:32:24.8519092Z C/C++:  2807 | HWY_API VFromD<D> DemoteTo(D df16, VFromD<Rebind<float, D>> v) {
2026-10-09T16:32:24.8596577Z C/C++:       |                   ^
2026-10-09T16:32:24.8689446Z C/C++: 2 warnings generated.
2026-10-09T16:32:27.1875649Z C/C++: /home/runner/work/AN-Paint/AN-Paint/Paintroid/build/jxl-source/lib/jxl/modular/encoding/encoding.cc:149:8: warning: stack frame size (8040) exceeds limit (5632) in 'jxl::Status jxl::detail::DecodeModularChannelMAANS<true>(jxl::BitReader*, jxl::ANSSymbolReader*, std::__ndk1::vector<unsigned char, std::__ndk1::allocator<unsigned char>> const&, std::__ndk1::vector<jxl::PropertyDecisionNode, std::__ndk1::allocator<jxl::PropertyDecisionNode>> const&, jxl::weighted::Header const&, int, unsigned long, jxl::TreeLut<unsigned char, false, false>&, jxl::Image*, unsigned int&, unsigned int&)' [-Wframe-larger-than]
2026-10-09T16:32:27.1949625Z C/C++:   149 | Status DecodeModularChannelMAANS(BitReader *br, ANSSymbolReader *reader,
2026-10-09T16:32:27.1979128Z C/C++:       |        ^
2026-10-09T16:32:27.2012055Z C/C++: /home/runner/work/AN-Paint/AN-Paint/Paintroid/build/jxl-source/lib/jxl/modular/encoding/encoding.cc:149:8: warning: stack frame size (15272) exceeds limit (5632) in 'jxl::Status jxl::detail::DecodeModularChannelMAANS<false>(jxl::BitReader*, jxl::ANSSymbolReader*, std::__ndk1::vector<unsigned char, std::__ndk1::allocator<unsigned char>> const&, std::__ndk1::vector<jxl::PropertyDecisionNode, std::__ndk1::allocator<jxl::PropertyDecisionNode>> const&, jxl::weighted::Header const&, int, unsigned long, jxl::TreeLut<unsigned char, false, false>&, jxl::Image*, unsigned int&, unsigned int&)' [-Wframe-larger-than]
2026-10-09T16:32:27.2018785Z C/C++: 2 warnings generated.
2026-10-09T16:32:27.3873900Z C/C++: In file included from /home/runner/work/AN-Paint/AN-Paint/Paintroid/build/jxl-source/lib/jxl/modular/transform/squeeze.cc:26:
2026-10-09T16:32:27.3875570Z C/C++: In file included from /home/runner/work/AN-Paint/AN-Paint/Paintroid/build/jxl-source/third_party/highway/hwy/foreach_target.h:83:
2026-10-09T16:32:27.3900189Z C/C++: /home/runner/work/AN-Paint/AN-Paint/Paintroid/build/jxl-source/lib/jxl/modular/transform/squeeze.cc:182:31: warning: stack frame size (6056) exceeds limit (5632) in 'jxl::N_SSE4::InvHSqueeze(jxl::Image&, unsigned int, unsigned int, jxl::ThreadPool*)::$_0::operator()(unsigned int, unsigned long) const' [-Wframe-larger-than]
2026-10-09T16:32:27.3929025Z C/C++:   182 |   const auto unsqueeze_span = [&](const uint32_t task,
2026-10-09T16:32:27.3958941Z C/C++:       |                               ^
2026-10-09T16:32:27.3959904Z C/C++: In file included from /home/runner/work/AN-Paint/AN-Paint/Paintroid/build/jxl-source/lib/jxl/modular/transform/squeeze.cc:26:
2026-10-09T16:32:27.3989270Z C/C++: In file included from /home/runner/work/AN-Paint/AN-Paint/Paintroid/build/jxl-source/third_party/highway/hwy/foreach_target.h:94:
2026-10-09T16:32:27.4020202Z C/C++: /home/runner/work/AN-Paint/AN-Paint/Paintroid/build/jxl-source/lib/jxl/modular/transform/squeeze.cc:182:31: warning: stack frame size (17080) exceeds limit (5632) in 'jxl::N_AVX2::InvHSqueeze(jxl::Image&, unsigned int, unsigned int, jxl::ThreadPool*)::$_0::operator()(unsigned int, unsigned long) const' [-Wframe-larger-than]
2026-10-09T16:32:27.4029052Z C/C++:   182 |   const auto unsqueeze_span = [&](const uint32_t task,
2026-10-09T16:32:27.4048792Z C/C++:       |                               ^
2026-10-09T16:32:27.4071187Z C/C++: /home/runner/work/AN-Paint/AN-Paint/Paintroid/build/jxl-source/lib/jxl/modular/transform/squeeze.cc:182:31: warning: stack frame size (6056) exceeds limit (5632) in 'jxl::N_SSE2::InvHSqueeze(jxl::Image&, unsigned int, unsigned int, jxl::ThreadPool*)::$_0::operator()(unsigned int, unsigned long) const' [-Wframe-larger-than]
2026-10-09T16:32:27.4072935Z C/C++:   182 |   const auto unsqueeze_span = [&](const uint32_t task,
2026-10-09T16:32:27.4073452Z C/C++:       |                               ^
2026-10-09T16:32:27.4074502Z C/C++: 3 warnings generated.
2026-10-09T16:32:28.9929973Z C/C++: In file included from /home/runner/work/AN-Paint/AN-Paint/Paintroid/build/jxl-source/lib/jxl/render_pipeline/stage_epf.cc:26:
2026-10-09T16:32:28.9989703Z C/C++: In file included from /home/runner/work/AN-Paint/AN-Paint/Paintroid/build/jxl-source/third_party/highway/hwy/foreach_target.h:94:
2026-10-09T16:32:29.0050577Z C/C++: /home/runner/work/AN-Paint/AN-Paint/Paintroid/build/jxl-source/lib/jxl/render_pipeline/stage_epf.cc:225:10: warning: stack frame size (10008) exceeds limit (5632) in 'jxl::N_AVX2::EPF1Stage::ProcessRow(std::__ndk1::vector<std::__ndk1::vector<float*, std::__ndk1::allocator<float*>>, std::__ndk1::allocator<std::__ndk1::vector<float*, std::__ndk1::allocator<float*>>>> const&, std::__ndk1::vector<std::__ndk1::vector<float*, std::__ndk1::allocator<float*>>, std::__ndk1::allocator<std::__ndk1::vector<float*, std::__ndk1::allocator<float*>>>> const&, unsigned long, unsigned long, unsigned long, unsigned long, unsigned long, unsigned long) const' [-Wframe-larger-than]
2026-10-09T16:32:29.0139457Z C/C++:   225 |   Status ProcessRow(const RowInfo& input_rows, const RowInfo& output_rows,
2026-10-09T16:32:29.0168878Z C/C++:       |          ^
2026-10-09T16:32:29.0231860Z C/C++: /home/runner/work/AN-Paint/AN-Paint/Paintroid/build/jxl-source/lib/jxl/render_pipeline/stage_epf.cc:416:10: warning: stack frame size (8696) exceeds limit (5632) in 'jxl::N_AVX2::EPF2Stage::ProcessRow(std::__ndk1::vector<std::__ndk1::vector<float*, std::__ndk1::allocator<float*>>, std::__ndk1::allocator<std::__ndk1::vector<float*, std::__ndk1::allocator<float*>>>> const&, std::__ndk1::vector<std::__ndk1::vector<float*, std::__ndk1::allocator<float*>>, std::__ndk1::allocator<std::__ndk1::vector<float*, std::__ndk1::allocator<float*>>>> const&, unsigned long, unsigned long, unsigned long, unsigned long, unsigned long, unsigned long) const' [-Wframe-larger-than]
2026-10-09T16:32:29.0319225Z C/C++:   416 |   Status ProcessRow(const RowInfo& input_rows, const RowInfo& output_rows,
2026-10-09T16:32:29.0399210Z C/C++:       |          ^
2026-10-09T16:32:29.0419016Z C/C++: 2 warnings generated.
2026-10-09T16:32:30.1900126Z C/C++: In file included from /home/runner/work/AN-Paint/AN-Paint/Paintroid/build/jxl-source/lib/jxl/render_pipeline/stage_write.cc:37:
2026-10-09T16:32:30.1929352Z C/C++: In file included from /home/runner/work/AN-Paint/AN-Paint/Paintroid/build/jxl-source/third_party/highway/hwy/foreach_target.h:83:
2026-10-09T16:32:30.1959219Z C/C++: In file included from /home/runner/work/AN-Paint/AN-Paint/Paintroid/build/jxl-source/lib/jxl/render_pipeline/stage_write.cc:38:
2026-10-09T16:32:30.1989183Z C/C++: In file included from /home/runner/work/AN-Paint/AN-Paint/Paintroid/build/jxl-source/third_party/highway/hwy/highway.h:605:
2026-10-09T16:32:30.2020910Z C/C++: /home/runner/work/AN-Paint/AN-Paint/Paintroid/build/jxl-source/third_party/highway/hwy/ops/generic_ops-inl.h:1570:14: warning: stack frame size (9272) exceeds limit (5632) in 'void hwy::N_SSE4::StoreInterleaved3<hwy::N_SSE4::Simd<unsigned short, 8ul, -1>, (void*)0, (void*)0>(decltype(Zero((hwy::N_SSE4::Simd<unsigned short, 8ul, -1>)())), decltype(Zero((hwy::N_SSE4::Simd<unsigned short, 8ul, -1>)())), decltype(Zero((hwy::N_SSE4::Simd<unsigned short, 8ul, -1>)())), hwy::N_SSE4::Simd<unsigned short, 8ul, -1>, hwy::N_SSE4::Simd<unsigned short, 8ul, -1>::T*)' [-Wframe-larger-than]
2026-10-09T16:32:30.2048828Z C/C++:  1570 | HWY_API void StoreInterleaved3(VFromD<D> part0, VFromD<D> part1,
2026-10-09T16:32:30.2066358Z C/C++:       |              ^
2026-10-09T16:32:30.2110512Z C/C++: /home/runner/work/AN-Paint/AN-Paint/Paintroid/build/jxl-source/third_party/highway/hwy/ops/generic_ops-inl.h:2807:19: warning: stack frame size (8536) exceeds limit (5632) in 'decltype(Zero((hwy::N_SSE4::Simd<hwy::float16_t, 8ul, -1>)())) hwy::N_SSE4::DemoteTo<hwy::N_SSE4::Simd<hwy::float16_t, 8ul, -1>, (void*)0>(hwy::N_SSE4::Simd<hwy::float16_t, 8ul, -1>, decltype(Zero((hwy::N_SSE4::Simd<hwy::float16_t, 8ul, -1>::Rebind<float>)())))' [-Wframe-larger-than]
2026-10-09T16:32:30.2138900Z C/C++:  2807 | HWY_API VFromD<D> DemoteTo(D df16, VFromD<Rebind<float, D>> v) {
2026-10-09T16:32:30.2168684Z C/C++:       |                   ^
2026-10-09T16:32:30.2199161Z C/C++: In file included from /home/runner/work/AN-Paint/AN-Paint/Paintroid/build/jxl-source/lib/jxl/render_pipeline/stage_write.cc:37:
2026-10-09T16:32:30.2229247Z C/C++: In file included from /home/runner/work/AN-Paint/AN-Paint/Paintroid/build/jxl-source/third_party/highway/hwy/foreach_target.h:94:
2026-10-09T16:32:30.2242193Z C/C++: In file included from /home/runner/work/AN-Paint/AN-Paint/Paintroid/build/jxl-source/lib/jxl/render_pipeline/stage_write.cc:38:
2026-10-09T16:32:30.2257761Z C/C++: In file included from /home/runner/work/AN-Paint/AN-Paint/Paintroid/build/jxl-source/third_party/highway/hwy/highway.h:605:
2026-10-09T16:32:30.2261408Z C/C++: /home/runner/work/AN-Paint/AN-Paint/Paintroid/build/jxl-source/third_party/highway/hwy/ops/generic_ops-inl.h:1522:14: warning: stack frame size (9096) exceeds limit (5632) in 'void hwy::N_AVX2::StoreInterleaved3<hwy::N_AVX2::Simd<unsigned char, 32ul, -2>, (void*)0, (void*)0>(decltype(Zero((hwy::N_AVX2::Simd<unsigned char, 32ul, -2>)())), decltype(Zero((hwy::N_AVX2::Simd<unsigned char, 32ul, -2>)())), decltype(Zero((hwy::N_AVX2::Simd<unsigned char, 32ul, -2>)())), hwy::N_AVX2::Simd<unsigned char, 32ul, -2>, hwy::N_AVX2::Simd<unsigned char, 32ul, -2>::T*)' [-Wframe-larger-than]
2026-10-09T16:32:30.2279287Z C/C++:  1522 | HWY_API void StoreInterleaved3(VFromD<D> part0, VFromD<D> part1,
2026-10-09T16:32:30.2280047Z C/C++:       |              ^
2026-10-09T16:32:30.2282725Z C/C++: /home/runner/work/AN-Paint/AN-Paint/Paintroid/build/jxl-source/third_party/highway/hwy/ops/generic_ops-inl.h:1432:14: warning: stack frame size (13192) exceeds limit (5632) in 'void hwy::N_AVX2::StoreInterleaved3<hwy::N_AVX2::Simd<unsigned short, 16ul, -1>, (void*)0, (void*)0>(decltype(Zero((hwy::N_AVX2::Simd<unsigned short, 16ul, -1>)())), decltype(Zero((hwy::N_AVX2::Simd<unsigned short, 16ul, -1>)())), decltype(Zero((hwy::N_AVX2::Simd<unsigned short, 16ul, -1>)())), hwy::N_AVX2::Simd<unsigned short, 16ul, -1>, hwy::N_AVX2::Simd<unsigned short, 16ul, -1>::T*)' [-Wframe-larger-than]
2026-10-09T16:32:30.2285618Z C/C++:  1432 | HWY_API void StoreInterleaved3(VFromD<D> v0, VFromD<D> v1, VFromD<D> v2, D d,
2026-10-09T16:32:30.2286320Z C/C++:       |              ^
2026-10-09T16:32:30.2288807Z C/C++: /home/runner/work/AN-Paint/AN-Paint/Paintroid/build/jxl-source/third_party/highway/hwy/ops/generic_ops-inl.h:1482:14: warning: stack frame size (8280) exceeds limit (5632) in 'void hwy::N_AVX2::StoreInterleaved3<hwy::N_AVX2::Simd<float, 8ul, 0>, (void*)0, (void*)0>(decltype(Zero((hwy::N_AVX2::Simd<float, 8ul, 0>)())), decltype(Zero((hwy::N_AVX2::Simd<float, 8ul, 0>)())), decltype(Zero((hwy::N_AVX2::Simd<float, 8ul, 0>)())), hwy::N_AVX2::Simd<float, 8ul, 0>, hwy::N_AVX2::Simd<float, 8ul, 0>::T*)' [-Wframe-larger-than]
2026-10-09T16:32:30.2291169Z C/C++:  1482 | HWY_API void StoreInterleaved3(VFromD<D> v0, VFromD<D> v1, VFromD<D> v2, D d,
2026-10-09T16:32:30.2291889Z C/C++:       |              ^
2026-10-09T16:32:30.2294497Z C/C++: /home/runner/work/AN-Paint/AN-Paint/Paintroid/build/jxl-source/third_party/highway/hwy/ops/generic_ops-inl.h:1734:14: warning: stack frame size (8376) exceeds limit (5632) in 'void hwy::N_AVX2::StoreInterleaved4<hwy::N_AVX2::Simd<float, 8ul, 0>, (void*)0, (void*)0>(decltype(Zero((hwy::N_AVX2::Simd<float, 8ul, 0>)())), decltype(Zero((hwy::N_AVX2::Simd<float, 8ul, 0>)())), decltype(Zero((hwy::N_AVX2::Simd<float, 8ul, 0>)())), decltype(Zero((hwy::N_AVX2::Simd<float, 8ul, 0>)())), hwy::N_AVX2::Simd<float, 8ul, 0>, hwy::N_AVX2::Simd<float, 8ul, 0>::T*)' [-Wframe-larger-than]
2026-10-09T16:32:30.2296997Z C/C++:  1734 | HWY_API void StoreInterleaved4(VFromD<D> v0, VFromD<D> v1, VFromD<D> v2,
2026-10-09T16:32:30.2297617Z C/C++:       |              ^
2026-10-09T16:32:30.2298628Z C/C++: In file included from /home/runner/work/AN-Paint/AN-Paint/Paintroid/build/jxl-source/lib/jxl/render_pipeline/stage_write.cc:38:
2026-10-09T16:32:30.2300173Z C/C++: In file included from /home/runner/work/AN-Paint/AN-Paint/Paintroid/build/jxl-source/third_party/highway/hwy/highway.h:605:
2026-10-09T16:32:30.2302876Z C/C++: /home/runner/work/AN-Paint/AN-Paint/Paintroid/build/jxl-source/third_party/highway/hwy/ops/generic_ops-inl.h:1637:14: warning: stack frame size (11880) exceeds limit (5632) in 'void hwy::N_SSE2::StoreInterleaved3<hwy::N_SSE2::Simd<unsigned char, 16ul, -2>, (void*)0, (void*)0, (void*)0>(decltype(Zero((hwy::N_SSE2::Simd<unsigned char, 16ul, -2>)())), decltype(Zero((hwy::N_SSE2::Simd<unsigned char, 16ul, -2>)())), decltype(Zero((hwy::N_SSE2::Simd<unsigned char, 16ul, -2>)())), hwy::N_SSE2::Simd<unsigned char, 16ul, -2>, hwy::N_SSE2::Simd<unsigned char, 16ul, -2>::T*)' [-Wframe-larger-than]
2026-10-09T16:32:30.2305558Z C/C++:  1637 | HWY_API void StoreInterleaved3(VFromD<D> part0, VFromD<D> part1,
2026-10-09T16:32:30.2306182Z C/C++:       |              ^
2026-10-09T16:32:30.2309176Z C/C++: /home/runner/work/AN-Paint/AN-Paint/Paintroid/build/jxl-source/third_party/highway/hwy/ops/generic_ops-inl.h:1570:14: warning: stack frame size (19928) exceeds limit (5632) in 'void hwy::N_SSE2::StoreInterleaved3<hwy::N_SSE2::Simd<unsigned short, 8ul, -1>, (void*)0, (void*)0>(decltype(Zero((hwy::N_SSE2::Simd<unsigned short, 8ul, -1>)())), decltype(Zero((hwy::N_SSE2::Simd<unsigned short, 8ul, -1>)())), decltype(Zero((hwy::N_SSE2::Simd<unsigned short, 8ul, -1>)())), hwy::N_SSE2::Simd<unsigned short, 8ul, -1>, hwy::N_SSE2::Simd<unsigned short, 8ul, -1>::T*)' [-Wframe-larger-than]
2026-10-09T16:32:30.2311852Z C/C++:  1570 | HWY_API void StoreInterleaved3(VFromD<D> part0, VFromD<D> part1,
2026-10-09T16:32:30.2312477Z C/C++:       |              ^
2026-10-09T16:32:30.2314578Z C/C++: /home/runner/work/AN-Paint/AN-Paint/Paintroid/build/jxl-source/third_party/highway/hwy/ops/generic_ops-inl.h:2807:19: warning: stack frame size (8424) exceeds limit (5632) in 'decltype(Zero((hwy::N_SSE2::Simd<hwy::float16_t, 8ul, -1>)())) hwy::N_SSE2::DemoteTo<hwy::N_SSE2::Simd<hwy::float16_t, 8ul, -1>, (void*)0>(hwy::N_SSE2::Simd<hwy::float16_t, 8ul, -1>, decltype(Zero((hwy::N_SSE2::Simd<hwy::float16_t, 8ul, -1>::Rebind<float>)())))' [-Wframe-larger-than]
2026-10-09T16:32:30.2316886Z C/C++:  2807 | HWY_API VFromD<D> DemoteTo(D df16, VFromD<Rebind<float, D>> v) {
2026-10-09T16:32:30.2317531Z C/C++:       |                   ^
2026-10-09T16:32:30.2318014Z C/C++: 9 warnings generated.
2026-10-09T16:32:30.6873975Z C/C++: In file included from /home/runner/work/AN-Paint/AN-Paint/Paintroid/build/jxl-source/lib/jxl/butteraugli/butteraugli.cc:45:
2026-10-09T16:32:30.6910077Z C/C++: In file included from /home/runner/work/AN-Paint/AN-Paint/Paintroid/build/jxl-source/third_party/highway/hwy/foreach_target.h:94:
2026-10-09T16:32:30.6970841Z C/C++: /home/runner/work/AN-Paint/AN-Paint/Paintroid/build/jxl-source/lib/jxl/butteraugli/butteraugli.cc:754:8: warning: stack frame size (7320) exceeds limit (5632) in 'decltype(Zero((hwy::N_AVX2::Simd<float, 8ul, 0>)())) jxl::N_AVX2::MaltaUnit<hwy::N_AVX2::Simd<float, 8ul, 0>>(jxl::MaltaTag, hwy::N_AVX2::Simd<float, 8ul, 0>, float const*, long)' [-Wframe-larger-than]
2026-10-09T16:32:30.6998939Z C/C++:   754 | Vec<D> MaltaUnit(MaltaTag /*tag*/, const D df,
2026-10-09T16:32:30.7029158Z C/C++:       |        ^
2026-10-09T16:32:30.7089692Z C/C++: 1 warning generated.
2026-10-09T16:32:31.8879775Z C/C++: In file included from /home/runner/work/AN-Paint/AN-Paint/Paintroid/build/jxl-source/lib/jxl/enc_convolve_separable5.cc:19:
2026-10-09T16:32:31.8935017Z C/C++: In file included from /home/runner/work/AN-Paint/AN-Paint/Paintroid/build/jxl-source/third_party/highway/hwy/foreach_target.h:83:
2026-10-09T16:32:31.9011307Z C/C++: /home/runner/work/AN-Paint/AN-Paint/Paintroid/build/jxl-source/lib/jxl/enc_convolve_separable5.cc:111:21: warning: stack frame size (9864) exceeds limit (5632) in 'void jxl::N_SSE4::Separable5Impl::ConvolveRow<0ul, true>(unsigned int)' [-Wframe-larger-than]
2026-10-09T16:32:31.9029083Z C/C++:   111 |   JXL_NOINLINE void ConvolveRow(const uint32_t y) {
2026-10-09T16:32:31.9079124Z C/C++:       |                     ^
2026-10-09T16:32:31.9109903Z C/C++: /home/runner/work/AN-Paint/AN-Paint/Paintroid/build/jxl-source/lib/jxl/enc_convolve_separable5.cc:111:21: warning: stack frame size (9576) exceeds limit (5632) in 'void jxl::N_SSE4::Separable5Impl::ConvolveRow<0ul, false>(unsigned int)' [-Wframe-larger-than]
2026-10-09T16:32:31.9159847Z C/C++: /home/runner/work/AN-Paint/AN-Paint/Paintroid/build/jxl-source/lib/jxl/enc_convolve_separable5.cc:111:21: warning: stack frame size (9800) exceeds limit (5632) in 'void jxl::N_SSE4::Separable5Impl::ConvolveRow<1ul, true>(unsigned int)' [-Wframe-larger-than]
2026-10-09T16:32:31.9189889Z C/C++: /home/runner/work/AN-Paint/AN-Paint/Paintroid/build/jxl-source/lib/jxl/enc_convolve_separable5.cc:111:21: warning: stack frame size (9512) exceeds limit (5632) in 'void jxl::N_SSE4::Separable5Impl::ConvolveRow<1ul, false>(unsigned int)' [-Wframe-larger-than]
2026-10-09T16:32:31.9237681Z C/C++: /home/runner/work/AN-Paint/AN-Paint/Paintroid/build/jxl-source/lib/jxl/enc_convolve_separable5.cc:111:21: warning: stack frame size (6440) exceeds limit (5632) in 'void jxl::N_SSE4::Separable5Impl::ConvolveRow<2ul, true>(unsigned int)' [-Wframe-larger-than]
2026-10-09T16:32:31.9260381Z C/C++: /home/runner/work/AN-Paint/AN-Paint/Paintroid/build/jxl-source/lib/jxl/enc_convolve_separable5.cc:111:21: warning: stack frame size (6152) exceeds limit (5632) in 'void jxl::N_SSE4::Separable5Impl::ConvolveRow<2ul, false>(unsigned int)' [-Wframe-larger-than]
2026-10-09T16:32:31.9338902Z C/C++: /home/runner/work/AN-Paint/AN-Paint/Paintroid/build/jxl-source/lib/jxl/enc_convolve_separable5.cc:111:21: warning: stack frame size (6440) exceeds limit (5632) in 'void jxl::N_SSE4::Separable5Impl::ConvolveRow<3ul, true>(unsigned int)' [-Wframe-larger-than]
2026-10-09T16:32:31.9359921Z C/C++: /home/runner/work/AN-Paint/AN-Paint/Paintroid/build/jxl-source/lib/jxl/enc_convolve_separable5.cc:111:21: warning: stack frame size (6152) exceeds limit (5632) in 'void jxl::N_SSE4::Separable5Impl::ConvolveRow<3ul, false>(unsigned int)' [-Wframe-larger-than]
2026-10-09T16:32:31.9399324Z C/C++: In file included from /home/runner/work/AN-Paint/AN-Paint/Paintroid/build/jxl-source/lib/jxl/enc_convolve_separable5.cc:19:
2026-10-09T16:32:31.9439395Z C/C++: In file included from /home/runner/work/AN-Paint/AN-Paint/Paintroid/build/jxl-source/third_party/highway/hwy/foreach_target.h:94:
2026-10-09T16:32:31.9441269Z C/C++: /home/runner/work/AN-Paint/AN-Paint/Paintroid/build/jxl-source/lib/jxl/enc_convolve_separable5.cc:111:21: warning: stack frame size (18232) exceeds limit (5632) in 'void jxl::N_AVX2::Separable5Impl::ConvolveRow<0ul, true>(unsigned int)' [-Wframe-larger-than]
2026-10-09T16:32:31.9442780Z C/C++:   111 |   JXL_NOINLINE void ConvolveRow(const uint32_t y) {
2026-10-09T16:32:31.9443242Z C/C++:       |                     ^
2026-10-09T16:32:31.9444586Z C/C++: /home/runner/work/AN-Paint/AN-Paint/Paintroid/build/jxl-source/lib/jxl/enc_convolve_separable5.cc:111:21: warning: stack frame size (17944) exceeds limit (5632) in 'void jxl::N_AVX2::Separable5Impl::ConvolveRow<0ul, false>(unsigned int)' [-Wframe-larger-than]
2026-10-09T16:32:31.9446980Z C/C++: /home/runner/work/AN-Paint/AN-Paint/Paintroid/build/jxl-source/lib/jxl/enc_convolve_separable5.cc:111:21: warning: stack frame size (18008) exceeds limit (5632) in 'void jxl::N_AVX2::Separable5Impl::ConvolveRow<1ul, true>(unsigned int)' [-Wframe-larger-than]
2026-10-09T16:32:31.9449478Z C/C++: /home/runner/work/AN-Paint/AN-Paint/Paintroid/build/jxl-source/lib/jxl/enc_convolve_separable5.cc:111:21: warning: stack frame size (17720) exceeds limit (5632) in 'void jxl::N_AVX2::Separable5Impl::ConvolveRow<1ul, false>(unsigned int)' [-Wframe-larger-than]
2026-10-09T16:32:31.9451847Z C/C++: /home/runner/work/AN-Paint/AN-Paint/Paintroid/build/jxl-source/lib/jxl/enc_convolve_separable5.cc:111:21: warning: stack frame size (11608) exceeds limit (5632) in 'void jxl::N_AVX2::Separable5Impl::ConvolveRow<2ul, true>(unsigned int)' [-Wframe-larger-than]
2026-10-09T16:32:31.9499889Z C/C++: /home/runner/work/AN-Paint/AN-Paint/Paintroid/build/jxl-source/lib/jxl/enc_convolve_separable5.cc:111:21: warning: stack frame size (11320) exceeds limit (5632) in 'void jxl::N_AVX2::Separable5Impl::ConvolveRow<2ul, false>(unsigned int)' [-Wframe-larger-than]
2026-10-09T16:32:31.9541534Z C/C++: /home/runner/work/AN-Paint/AN-Paint/Paintroid/build/jxl-source/lib/jxl/enc_convolve_separable5.cc:111:21: warning: stack frame size (11608) exceeds limit (5632) in 'void jxl::N_AVX2::Separable5Impl::ConvolveRow<3ul, true>(unsigned int)' [-Wframe-larger-than]
2026-10-09T16:32:31.9569746Z C/C++: /home/runner/work/AN-Paint/AN-Paint/Paintroid/build/jxl-source/lib/jxl/enc_convolve_separable5.cc:111:21: warning: stack frame size (11320) exceeds limit (5632) in 'void jxl::N_AVX2::Separable5Impl::ConvolveRow<3ul, false>(unsigned int)' [-Wframe-larger-than]
2026-10-09T16:32:31.9600020Z C/C++: /home/runner/work/AN-Paint/AN-Paint/Paintroid/build/jxl-source/lib/jxl/enc_convolve_separable5.cc:111:21: warning: stack frame size (9864) exceeds limit (5632) in 'void jxl::N_SSE2::Separable5Impl::ConvolveRow<0ul, true>(unsigned int)' [-Wframe-larger-than]
2026-10-09T16:32:31.9628844Z C/C++:   111 |   JXL_NOINLINE void ConvolveRow(const uint32_t y) {
2026-10-09T16:32:31.9658722Z C/C++:       |                     ^
2026-10-09T16:32:31.9690256Z C/C++: /home/runner/work/AN-Paint/AN-Paint/Paintroid/build/jxl-source/lib/jxl/enc_convolve_separable5.cc:111:21: warning: stack frame size (9576) exceeds limit (5632) in 'void jxl::N_SSE2::Separable5Impl::ConvolveRow<0ul, false>(unsigned int)' [-Wframe-larger-than]
2026-10-09T16:32:31.9719640Z C/C++: /home/runner/work/AN-Paint/AN-Paint/Paintroid/build/jxl-source/lib/jxl/enc_convolve_separable5.cc:111:21: warning: stack frame size (9800) exceeds limit (5632) in 'void jxl::N_SSE2::Separable5Impl::ConvolveRow<1ul, true>(unsigned int)' [-Wframe-larger-than]
2026-10-09T16:32:31.9741881Z C/C++: /home/runner/work/AN-Paint/AN-Paint/Paintroid/build/jxl-source/lib/jxl/enc_convolve_separable5.cc:111:21: warning: stack frame size (9512) exceeds limit (5632) in 'void jxl::N_SSE2::Separable5Impl::ConvolveRow<1ul, false>(unsigned int)' [-Wframe-larger-than]
2026-10-09T16:32:31.9759957Z C/C++: /home/runner/work/AN-Paint/AN-Paint/Paintroid/build/jxl-source/lib/jxl/enc_convolve_separable5.cc:111:21: warning: stack frame size (6424) exceeds limit (5632) in 'void jxl::N_SSE2::Separable5Impl::ConvolveRow<2ul, true>(unsigned int)' [-Wframe-larger-than]
2026-10-09T16:32:31.9809791Z C/C++: /home/runner/work/AN-Paint/AN-Paint/Paintroid/build/jxl-source/lib/jxl/enc_convolve_separable5.cc:111:21: warning: stack frame size (6136) exceeds limit (5632) in 'void jxl::N_SSE2::Separable5Impl::ConvolveRow<2ul, false>(unsigned int)' [-Wframe-larger-than]
2026-10-09T16:32:31.9820048Z C/C++: /home/runner/work/AN-Paint/AN-Paint/Paintroid/build/jxl-source/lib/jxl/enc_convolve_separable5.cc:111:21: warning: stack frame size (6424) exceeds limit (5632) in 'void jxl::N_SSE2::Separable5Impl::ConvolveRow<3ul, true>(unsigned int)' [-Wframe-larger-than]
2026-10-09T16:32:31.9849899Z C/C++: /home/runner/work/AN-Paint/AN-Paint/Paintroid/build/jxl-source/lib/jxl/enc_convolve_separable5.cc:111:21: warning: stack frame size (6136) exceeds limit (5632) in 'void jxl::N_SSE2::Separable5Impl::ConvolveRow<3ul, false>(unsigned int)' [-Wframe-larger-than]
2026-10-09T16:32:31.9851333Z C/C++: 24 warnings generated.
2026-10-09T16:32:33.3877311Z C/C++: In file included from /home/runner/work/AN-Paint/AN-Paint/Paintroid/build/jxl-source/lib/jxl/enc_modular_simd.cc:25:
2026-10-09T16:32:33.3926114Z C/C++: In file included from /home/runner/work/AN-Paint/AN-Paint/Paintroid/build/jxl-source/third_party/highway/hwy/foreach_target.h:94:
2026-10-09T16:32:33.3950047Z C/C++: /home/runner/work/AN-Paint/AN-Paint/Paintroid/build/jxl-source/lib/jxl/enc_modular_simd.cc:62:17: warning: stack frame size (8184) exceeds limit (5632) in 'jxl::N_AVX2::EstimateCost(jxl::Image const&)' [-Wframe-larger-than]
2026-10-09T16:32:33.4009573Z C/C++:    62 | StatusOr<float> EstimateCost(const Image& img) {
2026-10-09T16:32:33.4049291Z C/C++:       |                 ^
2026-10-09T16:32:33.4099460Z C/C++: 1 warning generated.
2026-10-09T16:32:50.7889006Z 
2026-10-09T16:32:50.7919338Z > Task :Paintroid:mergeDebugJniLibFolders
2026-10-09T16:32:51.4872563Z > Task :app:validateSigningDebug
2026-10-09T16:32:51.4899093Z > Task :app:writeDebugAppMetadata
2026-10-09T16:32:51.5872940Z > Task :app:writeDebugSigningConfigVersions
2026-10-09T16:32:52.2872962Z > Task :Paintroid:mergeDebugNativeLibs
2026-10-09T16:32:53.3889622Z > Task :Paintroid:copyDebugJniLibsProjectOnly
2026-10-09T16:32:54.8872577Z > Task :app:mergeDebugNativeLibs
2026-10-09T16:32:55.3903611Z > Task :app:stripDebugDebugSymbols
2026-10-09T16:32:56.6872866Z > Task :app:packageDebug
2026-10-09T16:32:56.6873302Z > Task :app:createDebugApkListingFileRedirect
2026-10-09T16:32:56.6873588Z > Task :app:assembleDebug
2026-10-09T16:32:56.7872062Z 
2026-10-09T16:32:56.7873018Z [Incubating] Problems report is available at: file:///home/runner/work/AN-Paint/AN-Paint/build/reports/problems/problems-report.html
2026-10-09T16:32:56.7873647Z 
2026-10-09T16:32:56.7875320Z Deprecated Gradle features were used in this build, making it incompatible with Gradle 9.0.
2026-10-09T16:32:56.7875834Z 
2026-10-09T16:32:56.7876670Z You can use '--warning-mode all' to show the individual deprecation warnings and determine if they come from your own scripts or plugins.
2026-10-09T16:32:56.7877248Z 
2026-10-09T16:32:56.7877804Z For more on this, please refer to https://docs.gradle.org/8.13/userguide/command_line_interface.html#sec:command_line_warnings in the Gradle documentation.
2026-10-09T16:32:56.7878712Z 
2026-10-09T16:32:56.7878864Z BUILD SUCCESSFUL in 4m 41s
2026-10-09T16:32:56.7879095Z 70 actionable tasks: 70 executed
2026-10-09T16:32:57.2305228Z ##[group]Run if command -v ccache >/dev/null; then ccache --show-stats; fi
2026-10-09T16:32:57.2305922Z [36;1mif command -v ccache >/dev/null; then ccache --show-stats; fi[0m
2026-10-09T16:32:57.3296736Z shell: /usr/bin/bash --noprofile --norc -e -o pipefail {0}
2026-10-09T16:32:57.3297036Z env:
2026-10-09T16:32:57.3297218Z   BUILD_VARIANT: debug
2026-10-09T16:32:57.3297420Z   CCACHE_MAXSIZE: 2G
2026-10-09T16:32:57.3297611Z   CCACHE_COMPILERCHECK: content
2026-10-09T16:32:57.3297821Z   CCACHE_SLOPPINESS: 
2026-10-09T16:32:57.3298019Z   CCACHE_NODEPEND: 1
2026-10-09T16:32:57.3298197Z   CCACHE_NODIRECT: 1
2026-10-09T16:32:57.3298479Z   CMAKE_C_COMPILER_LAUNCHER: ccache
2026-10-09T16:32:57.3298714Z   CMAKE_CXX_COMPILER_LAUNCHER: ccache
2026-10-09T16:32:57.3298971Z   CCACHE_DIR: /home/runner/work/_temp/anpaint-ccache
2026-10-09T16:32:57.3299256Z   JAVA_HOME: /usr/lib/jvm/temurin-17-jdk-amd64
2026-10-09T16:32:57.3299507Z ##[endgroup]
2026-10-09T16:32:57.3440721Z Summary:
2026-10-09T16:32:57.3441099Z   Hits:            3246 / 3762 (86.28 %)
2026-10-09T16:32:57.3441475Z     Direct:           0 /    0
2026-10-09T16:32:57.3441745Z     Preprocessed:  3246 / 3812 (85.15 %)
2026-10-09T16:32:57.3441974Z   Misses:           516
2026-10-09T16:32:57.3442225Z     Direct:           0
2026-10-09T16:32:57.3442482Z     Preprocessed:   566
2026-10-09T16:32:57.3442757Z   Uncacheable:      152
2026-10-09T16:32:57.3443020Z Primary storage:
2026-10-09T16:32:57.3443277Z   Hits:            3246 / 3812 (85.15 %)
2026-10-09T16:32:57.3443611Z   Misses:           566
2026-10-09T16:32:57.3443872Z   Cache size (GB): 0.32 / 2.00 (16.17 %)
2026-10-09T16:32:57.3444086Z 
2026-10-09T16:32:57.3444286Z Use the -v/--verbose option for more details.
2026-10-09T16:32:57.3525747Z ##[group]Run python3 - <<'PY'
2026-10-09T16:32:57.3526041Z [36;1mpython3 - <<'PY'[0m
2026-10-09T16:32:57.3526286Z [36;1mimport hashlib, json, os, pathlib, zipfile[0m
2026-10-09T16:32:57.3526568Z [36;1mvariant = os.environ['BUILD_VARIANT'][0m
2026-10-09T16:32:57.3526929Z [36;1mapk = pathlib.Path(f'app/build/outputs/apk/{variant}/app-{variant}.apk')[0m
2026-10-09T16:32:57.3527588Z [36;1mout = pathlib.Path('build/delivery'); out.mkdir(parents=True, exist_ok=True)[0m
2026-10-09T16:32:57.3527928Z [36;1mwith zipfile.ZipFile(apk) as z:[0m
2026-10-09T16:32:57.3528235Z [36;1m    source = z.read('assets/local-source/AN-Paint-source.zip')[0m
2026-10-09T16:32:57.3528804Z [36;1m(out/'AN-Paint-source.zip').write_bytes(source)[0m
2026-10-09T16:32:57.3529103Z [36;1m(out/'build-info.json').write_text(json.dumps({[0m
2026-10-09T16:32:57.3529480Z [36;1m    'commit': os.environ['GITHUB_SHA'], 'run_id': os.environ['GITHUB_RUN_ID'],[0m
2026-10-09T16:32:57.3529882Z [36;1m    'build_variant': variant,[0m
2026-10-09T16:32:57.3530175Z [36;1m    'apk_sha256': hashlib.sha256(apk.read_bytes()).hexdigest(),[0m
2026-10-09T16:32:57.3530517Z [36;1m    'source_sha256': hashlib.sha256(source).hexdigest(),[0m
2026-10-09T16:32:57.3530925Z [36;1m    'test_status': 'Reported separately; artifact availability does not imply tests passed.',[0m
2026-10-09T16:32:57.3531420Z [36;1m    'signing': 'CI debug key. Upgrade signing remains a separate private packaging step.'[0m
2026-10-09T16:32:57.3531792Z [36;1m}, indent=2)+'\n')[0m
2026-10-09T16:32:57.3531992Z [36;1mPY[0m
2026-10-09T16:32:57.3594873Z shell: /usr/bin/bash --noprofile --norc -e -o pipefail {0}
2026-10-09T16:32:57.3595168Z env:
2026-10-09T16:32:57.3595346Z   BUILD_VARIANT: debug
2026-10-09T16:32:57.3595541Z   CCACHE_MAXSIZE: 2G
2026-10-09T16:32:57.3595733Z   CCACHE_COMPILERCHECK: content
2026-10-09T16:32:57.3595968Z   CCACHE_SLOPPINESS: 
2026-10-09T16:32:57.3596168Z   CCACHE_NODEPEND: 1
2026-10-09T16:32:57.3596379Z   CCACHE_NODIRECT: 1
2026-10-09T16:32:57.3596603Z   CMAKE_C_COMPILER_LAUNCHER: ccache
2026-10-09T16:32:57.3596833Z   CMAKE_CXX_COMPILER_LAUNCHER: ccache
2026-10-09T16:32:57.3597102Z   CCACHE_DIR: /home/runner/work/_temp/anpaint-ccache
2026-10-09T16:32:57.3597389Z   JAVA_HOME: /usr/lib/jvm/temurin-17-jdk-amd64
2026-10-09T16:32:57.3597627Z ##[endgroup]
2026-10-09T16:32:57.9845543Z ##[group]Run actions/upload-artifact@043fb46d1a93c77aae656e7c1c64a875d1fc6a0a
2026-10-09T16:32:57.9846069Z with:
2026-10-09T16:32:57.9846358Z   archive: true
2026-10-09T16:32:57.9846720Z   name: apk-and-source-43148951ac6bd23687e66685855909ac538ba004
2026-10-09T16:32:57.9847148Z   retention-days: 14
2026-10-09T16:32:57.9847417Z   if-no-files-found: error
2026-10-09T16:32:57.9848943Z   path: app/build/outputs/apk/debug/app-debug.apk
build/delivery/
app/build/runtime-dependencies.json
build/reports/native-runtime-notices.json
Paintroid/src/main/assets/legal/THIRD_PARTY_NOTICES.txt
Paintroid/src/main/assets/legal/NATIVE_RUNTIME_NOTICES.txt
verification-tools/

2026-10-09T16:32:57.9850362Z   compression-level: 6
2026-10-09T16:32:57.9850651Z   overwrite: false
2026-10-09T16:32:57.9850923Z   include-hidden-files: false
2026-10-09T16:32:57.9851221Z env:
2026-10-09T16:32:57.9851457Z   BUILD_VARIANT: debug
2026-10-09T16:32:57.9851720Z   CCACHE_MAXSIZE: 2G
2026-10-09T16:32:57.9852028Z   CCACHE_COMPILERCHECK: content
2026-10-09T16:32:57.9852338Z   CCACHE_SLOPPINESS: 
2026-10-09T16:32:57.9852617Z   CCACHE_NODEPEND: 1
2026-10-09T16:32:57.9852874Z   CCACHE_NODIRECT: 1
2026-10-09T16:32:57.9853163Z   CMAKE_C_COMPILER_LAUNCHER: ccache
2026-10-09T16:32:57.9853508Z   CMAKE_CXX_COMPILER_LAUNCHER: ccache
2026-10-09T16:32:57.9853893Z   CCACHE_DIR: /home/runner/work/_temp/anpaint-ccache
2026-10-09T16:32:57.9854324Z   JAVA_HOME: /usr/lib/jvm/temurin-17-jdk-amd64
2026-10-09T16:32:57.9854676Z ##[endgroup]
2026-10-09T16:32:58.3249514Z Multiple search paths detected. Calculating the least common ancestor of all paths
2026-10-09T16:32:58.3253453Z The least common ancestor is /home/runner/work/AN-Paint/AN-Paint. This will be the root directory of the artifact
2026-10-09T16:32:58.3254543Z With the provided path, there will be 11 files uploaded
2026-10-09T16:32:58.3255605Z Artifact name is valid!
2026-10-09T16:32:58.3256178Z Root directory input is valid!
2026-10-09T16:32:58.7105892Z Uploading artifact: apk-and-source-43148951ac6bd23687e66685855909ac538ba004.zip
2026-10-09T16:32:58.7138238Z Beginning upload of artifact content to blob storage
2026-10-09T16:32:59.9243990Z Uploaded bytes 8388608
2026-10-09T16:33:00.3862318Z Uploaded bytes 16777216
2026-10-09T16:33:00.6888126Z Uploaded bytes 25165824
2026-10-09T16:33:01.4508565Z Uploaded bytes 33554432
2026-10-09T16:33:01.8105535Z Uploaded bytes 41943040
2026-10-09T16:33:02.1228719Z Uploaded bytes 50331648
2026-10-09T16:33:02.1314561Z Uploaded bytes 58720256
2026-10-09T16:33:02.3802562Z Uploaded bytes 67108864
2026-10-09T16:33:02.5804160Z Uploaded bytes 75497472
2026-10-09T16:33:02.7233131Z Uploaded bytes 83886080
2026-10-09T16:33:03.0272340Z Uploaded bytes 92274688
2026-10-09T16:33:03.2479510Z Uploaded bytes 100663296
2026-10-09T16:33:03.4768229Z Uploaded bytes 109051904
2026-10-09T16:33:03.7330664Z Uploaded bytes 117440512
2026-10-09T16:33:03.8962493Z Uploaded bytes 125829120
2026-10-09T16:33:04.0827439Z Uploaded bytes 134217728
2026-10-09T16:33:04.4311580Z Uploaded bytes 142606336
2026-10-09T16:33:04.4826485Z Uploaded bytes 142627457
2026-10-09T16:33:04.5381218Z Finished uploading artifact content to blob storage!
2026-10-09T16:33:04.5383198Z SHA256 digest of uploaded artifact is 42269ff3351804e86ddaf2aed1cf1fc90b9b49c0c6e22bef00fdd3596b0589af
2026-10-09T16:33:04.5384638Z Finalizing artifact upload
2026-10-09T16:33:04.9315828Z Artifact apk-and-source-43148951ac6bd23687e66685855909ac538ba004 successfully finalized. Artifact ID 11629937680
2026-10-09T16:33:04.9317084Z Artifact apk-and-source-43148951ac6bd23687e66685855909ac538ba004 has been successfully uploaded! Final size is 142627457 bytes. Artifact ID is 11629937680
2026-10-09T16:33:04.9320836Z Artifact download URL: https://github.com/c933103/AN-Paint/actions/runs/37959160542/artifacts/11629937680
2026-10-09T16:33:04.9697548Z ##[group]Run ./gradlew --no-daemon --max-workers=2 --console=plain :Paintroid:assemble${BUILD_VARIANT^}AndroidTest :app:assemble${BUILD_VARIANT^}AndroidTest -PciReleaseSigning
2026-10-09T16:33:04.9698764Z [36;1m./gradlew --no-daemon --max-workers=2 --console=plain :Paintroid:assemble${BUILD_VARIANT^}AndroidTest :app:assemble${BUILD_VARIANT^}AndroidTest -PciReleaseSigning[0m
2026-10-09T16:33:04.9761589Z shell: /usr/bin/bash --noprofile --norc -e -o pipefail {0}
2026-10-09T16:33:04.9761879Z env:
2026-10-09T16:33:04.9762052Z   BUILD_VARIANT: debug
2026-10-09T16:33:04.9762249Z   CCACHE_MAXSIZE: 2G
2026-10-09T16:33:04.9762441Z   CCACHE_COMPILERCHECK: content
2026-10-09T16:33:04.9762658Z   CCACHE_SLOPPINESS: 
2026-10-09T16:33:04.9762854Z   CCACHE_NODEPEND: 1
2026-10-09T16:33:04.9763031Z   CCACHE_NODIRECT: 1
2026-10-09T16:33:04.9763225Z   CMAKE_C_COMPILER_LAUNCHER: ccache
2026-10-09T16:33:04.9763454Z   CMAKE_CXX_COMPILER_LAUNCHER: ccache
2026-10-09T16:33:04.9763768Z   CCACHE_DIR: /home/runner/work/_temp/anpaint-ccache
2026-10-09T16:33:04.9764054Z   JAVA_HOME: /usr/lib/jvm/temurin-17-jdk-amd64
2026-10-09T16:33:04.9764301Z ##[endgroup]
2026-10-09T16:33:05.6627185Z To honour the JVM settings for this build a single-use Daemon process will be forked. For more on this, please refer to https://docs.gradle.org/8.13/userguide/gradle_daemon.html#sec:disabling_the_daemon in the Gradle documentation.
2026-10-09T16:33:08.2606097Z Daemon will be stopped at the end of the build 
2026-10-09T16:33:22.9612712Z > Task :Paintroid:checkKotlinGradlePluginConfigurationErrors
2026-10-09T16:33:23.4611825Z > Task :Paintroid:fetchHeifSources
2026-10-09T16:33:23.4619540Z > Task :Paintroid:fetchJxlSources
2026-10-09T16:33:23.5607447Z > Task :Paintroid:fetchTiffSources
2026-10-09T16:33:23.5608101Z > Task :Paintroid:fetchWebpSources
2026-10-09T16:33:24.0610876Z > Task :Paintroid:bundleCorrespondingSource UP-TO-DATE
2026-10-09T16:33:24.0636270Z > Task :Paintroid:preBuild UP-TO-DATE
2026-10-09T16:33:24.0637139Z > Task :Paintroid:preDebugBuild UP-TO-DATE
2026-10-09T16:33:24.0637689Z > Task :Paintroid:generateDebugBuildConfig UP-TO-DATE
2026-10-09T16:33:24.0638284Z > Task :Paintroid:generateDebugResValues UP-TO-DATE
2026-10-09T16:33:24.0639020Z > Task :Paintroid:generateDebugResources UP-TO-DATE
2026-10-09T16:33:24.1608889Z > Task :Paintroid:packageDebugResources UP-TO-DATE
2026-10-09T16:33:24.1629377Z > Task :Paintroid:processDebugNavigationResources UP-TO-DATE
2026-10-09T16:33:24.1659423Z > Task :Paintroid:parseDebugLocalResources UP-TO-DATE
2026-10-09T16:33:24.3629159Z > Task :Paintroid:generateDebugRFile UP-TO-DATE
2026-10-09T16:33:24.8656702Z > Task :Paintroid:compileDebugKotlin UP-TO-DATE
2026-10-09T16:33:24.8661543Z > Task :Paintroid:javaPreCompileDebug UP-TO-DATE
2026-10-09T16:33:24.8662216Z > Task :Paintroid:compileDebugJavaWithJavac UP-TO-DATE
2026-10-09T16:33:24.8663038Z > Task :Paintroid:bundleLibCompileToJarDebug UP-TO-DATE
2026-10-09T16:33:24.8663703Z > Task :Paintroid:preDebugAndroidTestBuild UP-TO-DATE
2026-10-09T16:33:24.8664350Z > Task :Paintroid:extractDeepLinksDebug UP-TO-DATE
2026-10-09T16:33:24.8664943Z > Task :Paintroid:processDebugManifest UP-TO-DATE
2026-10-09T16:33:25.3613651Z 
2026-10-09T16:33:25.3621112Z > Task :Paintroid:processDebugAndroidTestManifest
2026-10-09T16:33:25.3633088Z [androidx.vectordrawable:vectordrawable-animated:1.0.0] /home/runner/.gradle/caches/8.13/transforms/4c0c74693644e94e33bc27c89cbf9cd0/transformed/vectordrawable-animated-1.0.0/AndroidManifest.xml Warning:
2026-10-09T16:33:25.3640963Z 	Namespace 'androidx.vectordrawable' is used in multiple modules and/or libraries: androidx.vectordrawable:vectordrawable-animated:1.0.0, androidx.vectordrawable:vectordrawable:1.0.0. Please ensure that all modules and libraries have a unique namespace. For more information, See https://developer.android.com/studio/build/configure-app-module#set-namespace
2026-10-09T16:33:25.3642782Z 
2026-10-09T16:33:25.3659214Z > Task :Paintroid:generateDebugAndroidTestBuildConfig
2026-10-09T16:33:25.3660295Z > Task :Paintroid:writeDebugAarMetadata UP-TO-DATE
2026-10-09T16:33:25.4610025Z > Task :Paintroid:processDebugAndroidTestNavigationResources
2026-10-09T16:33:25.4610834Z > Task :Paintroid:checkDebugAndroidTestAarMetadata
2026-10-09T16:33:25.4611609Z > Task :Paintroid:compileDebugAndroidTestNavigationResources
2026-10-09T16:33:25.4640729Z > Task :Paintroid:compileDebugLibraryResources UP-TO-DATE
2026-10-09T16:33:25.4659209Z > Task :Paintroid:generateDebugAndroidTestResValues
2026-10-09T16:33:25.5610125Z > Task :Paintroid:mapDebugAndroidTestSourceSetPaths
2026-10-09T16:33:25.5611018Z > Task :Paintroid:generateDebugAndroidTestResources
2026-10-09T16:33:28.6611113Z > Task :Paintroid:javaPreCompileDebugAndroidTest
2026-10-09T16:33:28.6649383Z > Task :Paintroid:mergeDebugAndroidTestShaders
2026-10-09T16:33:28.6669379Z > Task :Paintroid:compileDebugAndroidTestShaders NO-SOURCE
2026-10-09T16:33:28.6693330Z > Task :Paintroid:generateDebugAndroidTestAssets UP-TO-DATE
2026-10-09T16:33:28.6709169Z > Task :Paintroid:mergeDebugShaders UP-TO-DATE
2026-10-09T16:33:28.6739256Z > Task :Paintroid:compileDebugShaders NO-SOURCE
2026-10-09T16:33:28.6769124Z > Task :Paintroid:generateDebugAssets UP-TO-DATE
2026-10-09T16:33:28.7623683Z > Task :Paintroid:mergeDebugAssets UP-TO-DATE
2026-10-09T16:33:29.1619791Z > Task :Paintroid:mergeDebugAndroidTestResources
2026-10-09T16:33:29.2611465Z > Task :Paintroid:mergeDebugAndroidTestAssets
2026-10-09T16:33:30.3605428Z > Task :Paintroid:processDebugAndroidTestResources
2026-10-09T16:33:31.3609489Z > Task :Paintroid:compressDebugAndroidTestAssets
2026-10-09T16:33:32.2623383Z > Task :Paintroid:bundleLibRuntimeToJarDebug UP-TO-DATE
2026-10-09T16:33:47.3629992Z > Task :Paintroid:desugarDebugAndroidTestFileDependencies
2026-10-09T16:33:47.3659814Z > Task :Paintroid:processDebugJavaRes UP-TO-DATE
2026-10-09T16:33:47.6640690Z > Task :Paintroid:checkDebugAndroidTestDuplicateClasses
2026-10-09T16:34:00.3629897Z > Task :Paintroid:compileDebugAndroidTestKotlin
2026-10-09T16:34:13.5629748Z > Task :Paintroid:compileDebugAndroidTestJavaWithJavac
2026-10-09T16:34:14.0605267Z > Task :Paintroid:mergeExtDexDebugAndroidTest
2026-10-09T16:34:14.1605960Z > Task :Paintroid:dexBuilderDebugAndroidTest
2026-10-09T16:34:14.2608574Z > Task :Paintroid:mergeDebugAndroidTestGlobalSynthetics
2026-10-09T16:34:14.2619289Z > Task :Paintroid:processDebugAndroidTestJavaRes
2026-10-09T16:34:14.6639708Z > Task :Paintroid:mergeLibDexDebugAndroidTest
2026-10-09T16:34:14.7604643Z > Task :Paintroid:mergeProjectDexDebugAndroidTest
2026-10-09T16:34:14.8605013Z > Task :Paintroid:mergeDebugAndroidTestJavaResource
2026-10-09T16:34:15.0604807Z > Task :Paintroid:configureCMakeDebug[arm64-v8a]
2026-10-09T16:34:15.1604838Z > Task :Paintroid:buildCMakeDebug[arm64-v8a][anpaint_heif,anpaint_jxl,etc]
2026-10-09T16:34:15.1605806Z > Task :Paintroid:configureCMakeDebug[armeabi-v7a]
2026-10-09T16:34:15.2604856Z > Task :Paintroid:buildCMakeDebug[armeabi-v7a][anpaint_heif,anpaint_jxl,etc]
2026-10-09T16:34:15.2612319Z > Task :Paintroid:configureCMakeDebug[x86]
2026-10-09T16:34:15.3605191Z > Task :Paintroid:buildCMakeDebug[x86][anpaint_heif,anpaint_jxl,etc]
2026-10-09T16:34:15.3607090Z > Task :Paintroid:configureCMakeDebug[x86_64]
2026-10-09T16:34:15.4604731Z > Task :Paintroid:buildCMakeDebug[x86_64][anpaint_heif,anpaint_jxl,etc]
2026-10-09T16:34:15.4607751Z > Task :Paintroid:mergeDebugJniLibFolders UP-TO-DATE
2026-10-09T16:34:15.4608669Z > Task :Paintroid:mergeDebugNativeLibs UP-TO-DATE
2026-10-09T16:34:15.4609337Z > Task :Paintroid:copyDebugJniLibsProjectOnly UP-TO-DATE
2026-10-09T16:34:15.4609987Z > Task :Paintroid:mergeDebugAndroidTestJniLibFolders
2026-10-09T16:34:15.5605380Z > Task :Paintroid:validateSigningDebugAndroidTest
2026-10-09T16:34:15.5611428Z > Task :Paintroid:writeDebugAndroidTestSigningConfigVersions
2026-10-09T16:34:15.6609934Z > Task :app:checkKotlinGradlePluginConfigurationErrors
2026-10-09T16:34:15.6624905Z > Task :app:preBuild UP-TO-DATE
2026-10-09T16:34:15.6625282Z > Task :app:preDebugBuild UP-TO-DATE
2026-10-09T16:34:15.6625939Z > Task :app:checkDebugAarMetadata UP-TO-DATE
2026-10-09T16:34:15.6626308Z > Task :app:processDebugNavigationResources UP-TO-DATE
2026-10-09T16:34:15.6626805Z > Task :app:compileDebugNavigationResources UP-TO-DATE
2026-10-09T16:34:15.6627263Z > Task :app:generateDebugResValues UP-TO-DATE
2026-10-09T16:34:15.6627738Z > Task :app:mapDebugSourceSetPaths UP-TO-DATE
2026-10-09T16:34:15.6628171Z > Task :app:generateDebugResources UP-TO-DATE
2026-10-09T16:34:15.6628753Z > Task :app:mergeDebugResources UP-TO-DATE
2026-10-09T16:34:15.6629235Z > Task :app:createDebugCompatibleScreenManifests UP-TO-DATE
2026-10-09T16:34:15.7620921Z > Task :app:extractDeepLinksDebug UP-TO-DATE
2026-10-09T16:34:15.7645497Z > Task :app:processDebugMainManifest UP-TO-DATE
2026-10-09T16:34:15.7668889Z > Task :app:processDebugManifest UP-TO-DATE
2026-10-09T16:34:15.7699076Z > Task :app:processDebugManifestForPackage UP-TO-DATE
2026-10-09T16:34:15.7699667Z > Task :app:processDebugResources UP-TO-DATE
2026-10-09T16:34:15.7729084Z > Task :app:compileDebugKotlin NO-SOURCE
2026-10-09T16:34:15.7759196Z > Task :app:javaPreCompileDebug UP-TO-DATE
2026-10-09T16:34:15.7788241Z > Task :app:compileDebugJavaWithJavac NO-SOURCE
2026-10-09T16:34:15.8635636Z > Task :app:bundleDebugClassesToCompileJar
2026-10-09T16:34:15.8659249Z > Task :app:preDebugAndroidTestBuild SKIPPED
2026-10-09T16:34:15.9607583Z > Task :app:checkDebugAndroidTestAarMetadata
2026-10-09T16:34:15.9649691Z > Task :app:processDebugAndroidTestNavigationResources
2026-10-09T16:34:15.9659354Z > Task :app:compileDebugAndroidTestNavigationResources
2026-10-09T16:34:15.9660255Z > Task :app:generateDebugAndroidTestResValues
2026-10-09T16:34:16.0609765Z > Task :app:mapDebugAndroidTestSourceSetPaths
2026-10-09T16:34:16.0629090Z > Task :app:generateDebugAndroidTestResources
2026-10-09T16:34:16.2605358Z > Task :app:mergeDebugAndroidTestResources
2026-10-09T16:34:17.0632238Z > Task :Paintroid:mergeDebugAndroidTestNativeLibs
2026-10-09T16:34:17.0633951Z > Task :app:processDebugAndroidTestManifest
2026-10-09T16:34:17.6629714Z > Task :app:processDebugAndroidTestResources
2026-10-09T16:34:17.6659285Z > Task :Paintroid:stripDebugAndroidTestDebugSymbols
2026-10-09T16:34:20.6639794Z > Task :Paintroid:packageDebugAndroidTest
2026-10-09T16:34:20.6669778Z > Task :Paintroid:createDebugAndroidTestApkListingFileRedirect
2026-10-09T16:34:20.6729784Z > Task :Paintroid:assembleDebugAndroidTest
2026-10-09T16:34:20.6730813Z > Task :app:javaPreCompileDebugAndroidTest
2026-10-09T16:34:20.6739117Z > Task :app:mergeDebugAndroidTestShaders
2026-10-09T16:34:20.6739768Z > Task :app:compileDebugAndroidTestShaders NO-SOURCE
2026-10-09T16:34:20.6740652Z > Task :app:generateDebugAndroidTestAssets UP-TO-DATE
2026-10-09T16:34:20.6741245Z > Task :app:mergeDebugAndroidTestAssets
2026-10-09T16:34:20.7629774Z > Task :app:compressDebugAndroidTestAssets
2026-10-09T16:34:20.7689508Z > Task :app:desugarDebugAndroidTestFileDependencies
2026-10-09T16:34:20.8639867Z > Task :app:checkDebugAndroidTestDuplicateClasses
2026-10-09T16:34:31.1629864Z > Task :app:mergeExtDexDebugAndroidTest
2026-10-09T16:34:31.1646831Z > Task :app:mergeLibDexDebugAndroidTest
2026-10-09T16:34:31.1656209Z > Task :app:mergeDebugAndroidTestJniLibFolders
2026-10-09T16:34:31.1749688Z > Task :app:mergeDebugJniLibFolders UP-TO-DATE
2026-10-09T16:34:31.2614311Z > Task :app:mergeDebugNativeLibs UP-TO-DATE
2026-10-09T16:34:31.2617420Z > Task :app:mergeDebugAndroidTestNativeLibs NO-SOURCE
2026-10-09T16:34:31.2618280Z > Task :app:stripDebugAndroidTestDebugSymbols NO-SOURCE
2026-10-09T16:34:31.2645171Z > Task :app:validateSigningDebugAndroidTest
2026-10-09T16:34:31.3632410Z > Task :app:writeDebugAndroidTestSigningConfigVersions
2026-10-09T16:34:33.6609166Z 
2026-10-09T16:34:33.6614581Z > Task :app:compileDebugAndroidTestKotlin
2026-10-09T16:34:33.6615947Z w: file:///home/runner/work/AN-Paint/AN-Paint/app/src/androidTest/java/paint/anpaint/android/EditorDeviceTest.kt:196:26 'getParcelableExtra(String!): T?' is deprecated. Deprecated in Java
2026-10-09T16:34:33.6619319Z w: file:///home/runner/work/AN-Paint/AN-Paint/app/src/androidTest/java/paint/anpaint/android/EditorDeviceTest.kt:199:25 'getParcelableExtra(String!): T?' is deprecated. Deprecated in Java
2026-10-09T16:34:33.9604081Z 
2026-10-09T16:34:33.9605041Z > Task :app:compileDebugAndroidTestJavaWithJavac
2026-10-09T16:34:34.3604631Z > Task :app:dexBuilderDebugAndroidTest
2026-10-09T16:34:34.3629541Z > Task :app:mergeDebugAndroidTestGlobalSynthetics
2026-10-09T16:34:34.3649338Z > Task :app:processDebugAndroidTestJavaRes
2026-10-09T16:34:34.4604898Z > Task :app:mergeDebugAndroidTestJavaResource
2026-10-09T16:34:34.4606527Z > Task :app:mergeProjectDexDebugAndroidTest
2026-10-09T16:34:34.5607520Z > Task :app:packageDebugAndroidTest
2026-10-09T16:34:34.5608712Z > Task :app:createDebugAndroidTestApkListingFileRedirect
2026-10-09T16:34:34.5609416Z > Task :app:assembleDebugAndroidTest
2026-10-09T16:34:34.6394028Z 
2026-10-09T16:34:34.6441144Z [Incubating] Problems report is available at: file:///home/runner/work/AN-Paint/AN-Paint/build/reports/problems/problems-report.html
2026-10-09T16:34:34.6468794Z 
2026-10-09T16:34:34.6479484Z Deprecated Gradle features were used in this build, making it incompatible with Gradle 9.0.
2026-10-09T16:34:34.6480077Z 
2026-10-09T16:34:34.6480880Z You can use '--warning-mode all' to show the individual deprecation warnings and determine if they come from your own scripts or plugins.
2026-10-09T16:34:34.6481715Z 
2026-10-09T16:34:34.6482543Z For more on this, please refer to https://docs.gradle.org/8.13/userguide/command_line_interface.html#sec:command_line_warnings in the Gradle documentation.
2026-10-09T16:34:34.6483382Z 
2026-10-09T16:34:34.6483677Z BUILD SUCCESSFUL in 1m 29s
2026-10-09T16:34:34.6484254Z 115 actionable tasks: 76 executed, 39 up-to-date
2026-10-09T16:34:34.9781167Z ##[group]Run actions/upload-artifact@043fb46d1a93c77aae656e7c1c64a875d1fc6a0a
2026-10-09T16:34:34.9781705Z with:
2026-10-09T16:34:34.9781945Z   archive: true
2026-10-09T16:34:34.9782387Z   name: instrumentation-apks-43148951ac6bd23687e66685855909ac538ba004
2026-10-09T16:34:34.9782895Z   retention-days: 14
2026-10-09T16:34:34.9783198Z   if-no-files-found: error
2026-10-09T16:34:34.9783827Z   path: Paintroid/build/outputs/apk/androidTest/debug/*.apk
app/build/outputs/apk/androidTest/debug/*.apk

2026-10-09T16:34:34.9784515Z   compression-level: 6
2026-10-09T16:34:34.9785059Z   overwrite: false
2026-10-09T16:34:34.9785360Z   include-hidden-files: false
2026-10-09T16:34:34.9785675Z env:
2026-10-09T16:34:34.9785932Z   BUILD_VARIANT: debug
2026-10-09T16:34:34.9786220Z   CCACHE_MAXSIZE: 2G
2026-10-09T16:34:34.9786530Z   CCACHE_COMPILERCHECK: content
2026-10-09T16:34:34.9786865Z   CCACHE_SLOPPINESS: 
2026-10-09T16:34:34.9787161Z   CCACHE_NODEPEND: 1
2026-10-09T16:34:34.9787481Z   CCACHE_NODIRECT: 1
2026-10-09T16:34:34.9787778Z   CMAKE_C_COMPILER_LAUNCHER: ccache
2026-10-09T16:34:34.9788144Z   CMAKE_CXX_COMPILER_LAUNCHER: ccache
2026-10-09T16:34:34.9788725Z   CCACHE_DIR: /home/runner/work/_temp/anpaint-ccache
2026-10-09T16:34:34.9789190Z   JAVA_HOME: /usr/lib/jvm/temurin-17-jdk-amd64
2026-10-09T16:34:34.9789583Z ##[endgroup]
2026-10-09T16:34:35.2173536Z Multiple search paths detected. Calculating the least common ancestor of all paths
2026-10-09T16:34:35.2175926Z The least common ancestor is /home/runner/work/AN-Paint/AN-Paint. This will be the root directory of the artifact
2026-10-09T16:34:35.2177441Z With the provided path, there will be 2 files uploaded
2026-10-09T16:34:35.2179911Z Artifact name is valid!
2026-10-09T16:34:35.2180652Z Root directory input is valid!
2026-10-09T16:34:35.5549956Z Uploading artifact: instrumentation-apks-43148951ac6bd23687e66685855909ac538ba004.zip
2026-10-09T16:34:35.5584458Z Beginning upload of artifact content to blob storage
2026-10-09T16:34:36.5144979Z Uploaded bytes 8388608
2026-10-09T16:34:36.7784418Z Uploaded bytes 16777216
2026-10-09T16:34:36.9275214Z Uploaded bytes 25165824
2026-10-09T16:34:37.0692520Z Uploaded bytes 33554432
2026-10-09T16:34:37.1376879Z Uploaded bytes 41943040
2026-10-09T16:34:37.2180581Z Uploaded bytes 50331648
2026-10-09T16:34:37.3337499Z Uploaded bytes 58720256
2026-10-09T16:34:37.5564580Z Uploaded bytes 67108864
2026-10-09T16:34:37.7597397Z Uploaded bytes 75497472
2026-10-09T16:34:37.9393802Z Uploaded bytes 83886080
2026-10-09T16:34:38.1587575Z Uploaded bytes 92274688
2026-10-09T16:34:38.2789291Z Uploaded bytes 96042951
2026-10-09T16:34:38.3342032Z Finished uploading artifact content to blob storage!
2026-10-09T16:34:38.3344031Z SHA256 digest of uploaded artifact is c8855cf2f188c64290579a27f7f21ebce86a9871efc88aadbddda3b591824faf
2026-10-09T16:34:38.3345952Z Finalizing artifact upload
2026-10-09T16:34:38.6984032Z Artifact instrumentation-apks-43148951ac6bd23687e66685855909ac538ba004 successfully finalized. Artifact ID 11630722911
2026-10-09T16:34:38.6985406Z Artifact instrumentation-apks-43148951ac6bd23687e66685855909ac538ba004 has been successfully uploaded! Final size is 96042951 bytes. Artifact ID is 11630722911
2026-10-09T16:34:38.6988959Z Artifact download URL: https://github.com/c933103/AN-Paint/actions/runs/37959160542/artifacts/11630722911
2026-10-09T16:34:39.0268084Z Post job cleanup.
2026-10-09T16:34:39.1462123Z Cache hit occurred on the primary key native-ccache-v1-ubuntu22-4.5.1-1900042d713270d9be79884fed5090e06c758cf5a7dbb0dafff05a1471f66488-f6748c512abb37bc571029f4530f88f37ff4e2bf9f52af568a2d57f91e736130, not saving cache.
2026-10-09T16:34:41.5371507Z Post job cleanup.
2026-10-09T16:34:41.6436166Z Cache hit occurred on the primary key android-deps-v1-Linux-3e89dbc8caa9f4c204ec67d5edbc4e22b75fcdfbf3a4bb344dfc355672ee7ee2-build, not saving cache.
2026-10-09T16:34:41.6555987Z Post job cleanup.
2026-10-09T16:34:41.8486833Z [command]/usr/bin/git version
2026-10-09T16:34:41.8527719Z git version 2.55.0
2026-10-09T16:34:41.8566930Z Temporarily overriding HOME='/home/runner/work/_temp/6c75ab39-c3bf-4d5e-b80a-307b7893e553' before making global git config changes
2026-10-09T16:34:41.8567920Z Adding repository directory to the temporary git global config as a safe directory
2026-10-09T16:34:41.8572446Z [command]/usr/bin/git config --global --add safe.directory /home/runner/work/AN-Paint/AN-Paint
2026-10-09T16:34:41.8612023Z Removing SSH command configuration
2026-10-09T16:34:41.8619284Z [command]/usr/bin/git config --local --name-only --get-regexp core\.sshCommand
2026-10-09T16:34:41.8683530Z [command]/usr/bin/git submodule foreach --recursive sh -c "git config --local --name-only --get-regexp 'core\.sshCommand' && git config --local --unset-all 'core.sshCommand' || :"
2026-10-09T16:34:41.8938782Z Removing HTTP extra header
2026-10-09T16:34:41.8943918Z [command]/usr/bin/git config --local --name-only --get-regexp http\.https\:\/\/github\.com\/\.extraheader
2026-10-09T16:34:41.8984180Z [command]/usr/bin/git submodule foreach --recursive sh -c "git config --local --name-only --get-regexp 'http\.https\:\/\/github\.com\/\.extraheader' && git config --local --unset-all 'http.https://github.com/.extraheader' || :"
2026-10-09T16:34:41.9256300Z Removing includeIf entries pointing to credentials config files
2026-10-09T16:34:41.9257106Z [command]/usr/bin/git config --local --name-only --get-regexp ^includeIf\.gitdir:
2026-10-09T16:34:41.9299356Z [command]/usr/bin/git submodule foreach --recursive git config --local --show-origin --name-only --get-regexp remote.origin.url
2026-10-09T16:34:41.9679413Z Cleaning up orphan processes

