2026-10-09T15:40:27.9344652Z Current runner version: '2.337.0'
2026-10-09T15:40:27.9381467Z ##[group]Runner Image Provisioner
2026-10-09T15:40:27.9382809Z Hosted Compute Agent
2026-10-09T15:40:27.9384113Z Version: 20261002.596
2026-10-09T15:40:27.9385411Z Commit: c3d12f3313a95f25162a1503be624f3b0617f8c0
2026-10-09T15:40:27.9386672Z Build Date: 2026-10-02T22:28:27Z
2026-10-09T15:40:27.9388019Z Worker ID: {9d43da26-3512-46c2-9f65-1dfe5ee7f9be}
2026-10-09T15:40:27.9389307Z Region: eastus
2026-10-09T15:40:27.9390324Z Cloud: Azure
2026-10-09T15:40:27.9391404Z ##[endgroup]
2026-10-09T15:40:27.9394169Z ##[group]Operating System
2026-10-09T15:40:27.9395527Z Ubuntu
2026-10-09T15:40:27.9396529Z 22.04.5
2026-10-09T15:40:27.9397511Z LTS
2026-10-09T15:40:27.9398653Z ##[endgroup]
2026-10-09T15:40:27.9399697Z ##[group]Runner Image
2026-10-09T15:40:27.9400834Z Image: ubuntu-22.04
2026-10-09T15:40:27.9402172Z Version: 20261004.315.1
2026-10-09T15:40:27.9404748Z Included Software: https://github.com/actions/runner-images/blob/ubuntu22/20261004.315/images/ubuntu/Ubuntu2204-Readme.md
2026-10-09T15:40:27.9408096Z Image Release: https://github.com/actions/runner-images/releases/tag/ubuntu22%2F20261004.315
2026-10-09T15:40:27.9409883Z ##[endgroup]
2026-10-09T15:40:27.9412173Z ##[group]GITHUB_TOKEN Permissions
2026-10-09T15:40:27.9415665Z Contents: read
2026-10-09T15:40:27.9416762Z Metadata: read
2026-10-09T15:40:27.9417778Z ##[endgroup]
2026-10-09T15:40:27.9421179Z Secret source: Actions
2026-10-09T15:40:27.9422679Z Cache mode: write
2026-10-09T15:40:27.9424701Z Prepare workflow directory
2026-10-09T15:40:28.0247369Z Prepare all required actions
2026-10-09T15:40:28.0320751Z Getting action download info
2026-10-09T15:40:28.2438046Z Download action repository 'actions/checkout@3d3c42e5aac5ba805825da76410c181273ba90b1' (SHA:3d3c42e5aac5ba805825da76410c181273ba90b1)
2026-10-09T15:40:28.3378465Z Download action repository 'actions/cache@55cc8345863c7cc4c66a329aec7e433d2d1c52a9' (SHA:55cc8345863c7cc4c66a329aec7e433d2d1c52a9)
2026-10-09T15:40:28.5242214Z Download action repository 'actions/upload-artifact@043fb46d1a93c77aae656e7c1c64a875d1fc6a0a' (SHA:043fb46d1a93c77aae656e7c1c64a875d1fc6a0a)
2026-10-09T15:40:28.7015997Z Complete job name: Build APK and corresponding source
2026-10-09T15:40:28.7785582Z ##[group]Run actions/checkout@3d3c42e5aac5ba805825da76410c181273ba90b1
2026-10-09T15:40:28.7786638Z with:
2026-10-09T15:40:28.7787065Z   persist-credentials: false
2026-10-09T15:40:28.7787579Z   repository: c933103/AN-Paint
2026-10-09T15:40:28.7791220Z   token: ***
2026-10-09T15:40:28.7791639Z   ssh-strict: true
2026-10-09T15:40:28.7792077Z   ssh-user: git
2026-10-09T15:40:28.7792486Z   clean: true
2026-10-09T15:40:28.7793134Z   sparse-checkout-cone-mode: true
2026-10-09T15:40:28.7793665Z   fetch-depth: 1
2026-10-09T15:40:28.7794085Z   fetch-tags: false
2026-10-09T15:40:28.7794518Z   show-progress: true
2026-10-09T15:40:28.7794949Z   lfs: false
2026-10-09T15:40:28.7795347Z   submodules: false
2026-10-09T15:40:28.7795778Z   set-safe-directory: true
2026-10-09T15:40:28.7796270Z   allow-unsafe-pr-checkout: false
2026-10-09T15:40:28.7797054Z env:
2026-10-09T15:40:28.7797459Z   BUILD_VARIANT: debug
2026-10-09T15:40:28.7797910Z   CCACHE_MAXSIZE: 2G
2026-10-09T15:40:28.7798391Z   CCACHE_COMPILERCHECK: content
2026-10-09T15:40:28.7798887Z   CCACHE_SLOPPINESS: 
2026-10-09T15:40:28.7799329Z   CCACHE_NODEPEND: 1
2026-10-09T15:40:28.7799753Z   CCACHE_NODIRECT: 1
2026-10-09T15:40:28.7800198Z   CMAKE_C_COMPILER_LAUNCHER: ccache
2026-10-09T15:40:28.7800732Z   CMAKE_CXX_COMPILER_LAUNCHER: ccache
2026-10-09T15:40:28.7801243Z ##[endgroup]
2026-10-09T15:40:28.8818050Z Syncing repository: c933103/AN-Paint
2026-10-09T15:40:28.8819815Z ##[group]Getting Git version info
2026-10-09T15:40:28.8820555Z Working directory is '/home/runner/work/AN-Paint/AN-Paint'
2026-10-09T15:40:28.8861835Z [command]/usr/bin/git version
2026-10-09T15:40:28.8985960Z git version 2.55.0
2026-10-09T15:40:28.9047912Z ##[endgroup]
2026-10-09T15:40:28.9060728Z Temporarily overriding HOME='/home/runner/work/_temp/98b2ed20-ebf7-4be8-a80c-45065ff4a4c4' before making global git config changes
2026-10-09T15:40:28.9063138Z Adding repository directory to the temporary git global config as a safe directory
2026-10-09T15:40:28.9068651Z [command]/usr/bin/git config --global --add safe.directory /home/runner/work/AN-Paint/AN-Paint
2026-10-09T15:40:28.9110373Z Deleting the contents of '/home/runner/work/AN-Paint/AN-Paint'
2026-10-09T15:40:28.9114913Z ##[group]Determining repository object format
2026-10-09T15:40:28.9116423Z ##[endgroup]
2026-10-09T15:40:28.9117256Z ##[group]Initializing the repository
2026-10-09T15:40:28.9215602Z [command]/usr/bin/git init /home/runner/work/AN-Paint/AN-Paint
2026-10-09T15:40:28.9243803Z hint: Using 'master' as the name for the initial branch. This default branch name
2026-10-09T15:40:28.9245418Z hint: will change to "main" in Git 3.0. To configure the initial branch name
2026-10-09T15:40:28.9246961Z hint: to use in all of your new repositories, which will suppress this warning,
2026-10-09T15:40:28.9248161Z hint: call:
2026-10-09T15:40:28.9249192Z hint:
2026-10-09T15:40:28.9250056Z hint: 	git config --global init.defaultBranch <name>
2026-10-09T15:40:28.9251085Z hint:
2026-10-09T15:40:28.9251742Z hint: Names commonly chosen instead of 'master' are 'main', 'trunk' and
2026-10-09T15:40:28.9253297Z hint: 'development'. The just-created branch can be renamed via this command:
2026-10-09T15:40:28.9254490Z hint:
2026-10-09T15:40:28.9255052Z hint: 	git branch -m <name>
2026-10-09T15:40:28.9255545Z hint:
2026-10-09T15:40:28.9256180Z hint: Disable this message with "git config set advice.defaultBranchName false"
2026-10-09T15:40:28.9257154Z Initialized empty Git repository in /home/runner/work/AN-Paint/AN-Paint/.git/
2026-10-09T15:40:28.9260202Z [command]/usr/bin/git remote add origin https://github.com/c933103/AN-Paint
2026-10-09T15:40:28.9313071Z ##[endgroup]
2026-10-09T15:40:28.9314769Z ##[group]Disabling automatic garbage collection
2026-10-09T15:40:28.9316658Z [command]/usr/bin/git config --local gc.auto 0
2026-10-09T15:40:28.9358234Z ##[endgroup]
2026-10-09T15:40:28.9359288Z ##[group]Setting up auth
2026-10-09T15:40:28.9360197Z Removing SSH command configuration
2026-10-09T15:40:28.9364813Z [command]/usr/bin/git config --local --name-only --get-regexp core\.sshCommand
2026-10-09T15:40:28.9405089Z [command]/usr/bin/git submodule foreach --recursive sh -c "git config --local --name-only --get-regexp 'core\.sshCommand' && git config --local --unset-all 'core.sshCommand' || :"
2026-10-09T15:40:28.9838590Z Removing HTTP extra header
2026-10-09T15:40:28.9848605Z [command]/usr/bin/git config --local --name-only --get-regexp http\.https\:\/\/github\.com\/\.extraheader
2026-10-09T15:40:28.9917536Z [command]/usr/bin/git submodule foreach --recursive sh -c "git config --local --name-only --get-regexp 'http\.https\:\/\/github\.com\/\.extraheader' && git config --local --unset-all 'http.https://github.com/.extraheader' || :"
2026-10-09T15:40:29.0216641Z Removing includeIf entries pointing to credentials config files
2026-10-09T15:40:29.0219726Z [command]/usr/bin/git config --local --name-only --get-regexp ^includeIf\.gitdir:
2026-10-09T15:40:29.0264459Z [command]/usr/bin/git submodule foreach --recursive git config --local --show-origin --name-only --get-regexp remote.origin.url
2026-10-09T15:40:29.0548717Z [command]/usr/bin/git config --file /home/runner/work/_temp/git-credentials-6d75118f-ad2c-47c0-b14a-de60ff169a4e.config http.https://github.com/.extraheader AUTHORIZATION: basic ***
2026-10-09T15:40:29.0596324Z [command]/usr/bin/git config --local includeIf.gitdir:/home/runner/work/AN-Paint/AN-Paint/.git.path /home/runner/work/_temp/git-credentials-6d75118f-ad2c-47c0-b14a-de60ff169a4e.config
2026-10-09T15:40:29.0638328Z [command]/usr/bin/git config --local includeIf.gitdir:/home/runner/work/AN-Paint/AN-Paint/.git/worktrees/*.path /home/runner/work/_temp/git-credentials-6d75118f-ad2c-47c0-b14a-de60ff169a4e.config
2026-10-09T15:40:29.0678513Z [command]/usr/bin/git config --local includeIf.gitdir:/github/workspace/.git.path /github/runner_temp/git-credentials-6d75118f-ad2c-47c0-b14a-de60ff169a4e.config
2026-10-09T15:40:29.0719886Z [command]/usr/bin/git config --local includeIf.gitdir:/github/workspace/.git/worktrees/*.path /github/runner_temp/git-credentials-6d75118f-ad2c-47c0-b14a-de60ff169a4e.config
2026-10-09T15:40:29.0755457Z ##[endgroup]
2026-10-09T15:40:29.0756230Z ##[group]Fetching the repository
2026-10-09T15:40:29.0762164Z [command]/usr/bin/git -c protocol.version=2 fetch --no-tags --prune --no-recurse-submodules --depth=1 origin +f8ca8d865dcbd31f270610b4b80c2b10008a83ac:refs/remotes/pull/32/merge
2026-10-09T15:40:30.2011318Z From https://github.com/c933103/AN-Paint
2026-10-09T15:40:30.2012639Z  * [new ref]         f8ca8d865dcbd31f270610b4b80c2b10008a83ac -> pull/32/merge
2026-10-09T15:40:30.2016735Z ##[endgroup]
2026-10-09T15:40:30.2018166Z ##[group]Determining the checkout info
2026-10-09T15:40:30.2020247Z ##[endgroup]
2026-10-09T15:40:30.2022724Z [command]/usr/bin/git sparse-checkout disable
2026-10-09T15:40:30.2080571Z [command]/usr/bin/git config --local --unset-all extensions.worktreeConfig
2026-10-09T15:40:30.2121659Z ##[group]Checking out the ref
2026-10-09T15:40:30.2126759Z [command]/usr/bin/git checkout --progress --force refs/remotes/pull/32/merge
2026-10-09T15:40:30.3894683Z Note: switching to 'refs/remotes/pull/32/merge'.
2026-10-09T15:40:30.3896145Z 
2026-10-09T15:40:30.3897390Z You are in 'detached HEAD' state. You can look around, make experimental
2026-10-09T15:40:30.3899159Z changes and commit them, and you can discard any commits you make in this
2026-10-09T15:40:30.3900495Z state without impacting any branches by switching back to a branch.
2026-10-09T15:40:30.3901256Z 
2026-10-09T15:40:30.3901861Z If you want to create a new branch to retain commits you create, you may
2026-10-09T15:40:30.3903606Z do so (now or later) by using -c with the switch command. Example:
2026-10-09T15:40:30.3904381Z 
2026-10-09T15:40:30.3904749Z   git switch -c <new-branch-name>
2026-10-09T15:40:30.3905307Z 
2026-10-09T15:40:30.3905883Z Or undo this operation with:
2026-10-09T15:40:30.3906619Z 
2026-10-09T15:40:30.3906927Z   git switch -
2026-10-09T15:40:30.3907354Z 
2026-10-09T15:40:30.3908352Z Turn off this advice by setting config variable advice.detachedHead to false
2026-10-09T15:40:30.3909345Z 
2026-10-09T15:40:30.3910474Z HEAD is now at f8ca8d8 Merge 80914c9e86111ead4f24bf8463dbdeddd0e43646 into 0b3d737e19448c47d36deee8cebfffd5d40c1ea3
2026-10-09T15:40:30.3914447Z ##[endgroup]
2026-10-09T15:40:30.3959806Z [command]/usr/bin/git log -1 --format=%H
2026-10-09T15:40:30.3993900Z f8ca8d865dcbd31f270610b4b80c2b10008a83ac
2026-10-09T15:40:30.4006688Z ##[group]Removing auth
2026-10-09T15:40:30.4008525Z Removing SSH command configuration
2026-10-09T15:40:30.4011497Z [command]/usr/bin/git config --local --name-only --get-regexp core\.sshCommand
2026-10-09T15:40:30.4055059Z [command]/usr/bin/git submodule foreach --recursive sh -c "git config --local --name-only --get-regexp 'core\.sshCommand' && git config --local --unset-all 'core.sshCommand' || :"
2026-10-09T15:40:30.4322254Z Removing HTTP extra header
2026-10-09T15:40:30.4325813Z [command]/usr/bin/git config --local --name-only --get-regexp http\.https\:\/\/github\.com\/\.extraheader
2026-10-09T15:40:30.4367293Z [command]/usr/bin/git submodule foreach --recursive sh -c "git config --local --name-only --get-regexp 'http\.https\:\/\/github\.com\/\.extraheader' && git config --local --unset-all 'http.https://github.com/.extraheader' || :"
2026-10-09T15:40:30.4626965Z Removing includeIf entries pointing to credentials config files
2026-10-09T15:40:30.4630022Z [command]/usr/bin/git config --local --name-only --get-regexp ^includeIf\.gitdir:
2026-10-09T15:40:30.4661626Z includeif.gitdir:/home/runner/work/AN-Paint/AN-Paint/.git.path
2026-10-09T15:40:30.4664790Z includeif.gitdir:/home/runner/work/AN-Paint/AN-Paint/.git/worktrees/*.path
2026-10-09T15:40:30.4667190Z includeif.gitdir:/github/workspace/.git.path
2026-10-09T15:40:30.4669296Z includeif.gitdir:/github/workspace/.git/worktrees/*.path
2026-10-09T15:40:30.4674493Z [command]/usr/bin/git config --local --get-all includeif.gitdir:/home/runner/work/AN-Paint/AN-Paint/.git.path
2026-10-09T15:40:30.4701888Z /home/runner/work/_temp/git-credentials-6d75118f-ad2c-47c0-b14a-de60ff169a4e.config
2026-10-09T15:40:30.4713092Z [command]/usr/bin/git config --local --unset includeif.gitdir:/home/runner/work/AN-Paint/AN-Paint/.git.path \/home\/runner\/work\/_temp\/git\-credentials\-6d75118f\-ad2c\-47c0\-b14a\-de60ff169a4e\.config
2026-10-09T15:40:30.4754191Z [command]/usr/bin/git config --local --get-all includeif.gitdir:/home/runner/work/AN-Paint/AN-Paint/.git/worktrees/*.path
2026-10-09T15:40:30.4785003Z /home/runner/work/_temp/git-credentials-6d75118f-ad2c-47c0-b14a-de60ff169a4e.config
2026-10-09T15:40:30.4797047Z [command]/usr/bin/git config --local --unset includeif.gitdir:/home/runner/work/AN-Paint/AN-Paint/.git/worktrees/*.path \/home\/runner\/work\/_temp\/git\-credentials\-6d75118f\-ad2c\-47c0\-b14a\-de60ff169a4e\.config
2026-10-09T15:40:30.4840730Z [command]/usr/bin/git config --local --get-all includeif.gitdir:/github/workspace/.git.path
2026-10-09T15:40:30.4872510Z /github/runner_temp/git-credentials-6d75118f-ad2c-47c0-b14a-de60ff169a4e.config
2026-10-09T15:40:30.4881604Z [command]/usr/bin/git config --local --unset includeif.gitdir:/github/workspace/.git.path \/github\/runner_temp\/git\-credentials\-6d75118f\-ad2c\-47c0\-b14a\-de60ff169a4e\.config
2026-10-09T15:40:30.4922051Z [command]/usr/bin/git config --local --get-all includeif.gitdir:/github/workspace/.git/worktrees/*.path
2026-10-09T15:40:30.4975469Z /github/runner_temp/git-credentials-6d75118f-ad2c-47c0-b14a-de60ff169a4e.config
2026-10-09T15:40:30.4983620Z [command]/usr/bin/git config --local --unset includeif.gitdir:/github/workspace/.git/worktrees/*.path \/github\/runner_temp\/git\-credentials\-6d75118f\-ad2c\-47c0\-b14a\-de60ff169a4e\.config
2026-10-09T15:40:30.5044794Z [command]/usr/bin/git submodule foreach --recursive git config --local --show-origin --name-only --get-regexp remote.origin.url
2026-10-09T15:40:30.5307259Z Removing credentials config '/home/runner/work/_temp/git-credentials-6d75118f-ad2c-47c0-b14a-de60ff169a4e.config'
2026-10-09T15:40:30.5315396Z ##[endgroup]
2026-10-09T15:40:30.9927762Z ##[group]Run actions/cache@55cc8345863c7cc4c66a329aec7e433d2d1c52a9
2026-10-09T15:40:30.9928282Z with:
2026-10-09T15:40:30.9929087Z   path: ~/.gradle/caches/modules-2
~/.gradle/wrapper/dists
Paintroid/build/jxl-source
Paintroid/build/webp-source
Paintroid/build/heif-source
Paintroid/build/tiff-source

2026-10-09T15:40:30.9930225Z   key: android-deps-v1-Linux-3e89dbc8caa9f4c204ec67d5edbc4e22b75fcdfbf3a4bb344dfc355672ee7ee2-build
2026-10-09T15:40:30.9931115Z   restore-keys: android-deps-v1-Linux-3e89dbc8caa9f4c204ec67d5edbc4e22b75fcdfbf3a4bb344dfc355672ee7ee2-
2026-10-09T15:40:30.9931754Z   enableCrossOsArchive: false
2026-10-09T15:40:30.9932105Z   fail-on-cache-miss: false
2026-10-09T15:40:30.9932433Z   lookup-only: false
2026-10-09T15:40:30.9932740Z   save-always: false
2026-10-09T15:40:30.9933619Z env:
2026-10-09T15:40:30.9933946Z   BUILD_VARIANT: debug
2026-10-09T15:40:30.9934262Z   CCACHE_MAXSIZE: 2G
2026-10-09T15:40:30.9934596Z   CCACHE_COMPILERCHECK: content
2026-10-09T15:40:30.9934984Z   CCACHE_SLOPPINESS: 
2026-10-09T15:40:30.9935291Z   CCACHE_NODEPEND: 1
2026-10-09T15:40:30.9935602Z   CCACHE_NODIRECT: 1
2026-10-09T15:40:30.9935916Z   CMAKE_C_COMPILER_LAUNCHER: ccache
2026-10-09T15:40:30.9936278Z   CMAKE_CXX_COMPILER_LAUNCHER: ccache
2026-10-09T15:40:30.9936623Z ##[endgroup]
2026-10-09T15:40:31.1924193Z Cache hit for: android-deps-v1-Linux-3e89dbc8caa9f4c204ec67d5edbc4e22b75fcdfbf3a4bb344dfc355672ee7ee2-build
2026-10-09T15:40:32.2455613Z Received 226492416 of 485396570 (46.7%), 215.6 MBs/sec
2026-10-09T15:40:33.2491654Z Received 473956352 of 485396570 (97.6%), 225.4 MBs/sec
2026-10-09T15:40:33.3251607Z Received 485396570 of 485396570 (100.0%), 222.4 MBs/sec
2026-10-09T15:40:33.3253612Z Cache Size: ~463 MB (485396570 B)
2026-10-09T15:40:33.3291244Z [command]/usr/bin/tar -xf /home/runner/work/_temp/214dfa91-30eb-4be3-8ef2-50671d2f5784/cache.tzst -P -C /home/runner/work/AN-Paint/AN-Paint --use-compress-program unzstd
2026-10-09T15:40:34.6146612Z Cache restored successfully
2026-10-09T15:40:34.7292245Z Cache restored from key: android-deps-v1-Linux-3e89dbc8caa9f4c204ec67d5edbc4e22b75fcdfbf3a4bb344dfc355672ee7ee2-build
2026-10-09T15:40:34.7606146Z ##[group]Run echo "CCACHE_DIR=$RUNNER_TEMP/anpaint-ccache" >> "$GITHUB_ENV"
2026-10-09T15:40:34.7606768Z [36;1mecho "CCACHE_DIR=$RUNNER_TEMP/anpaint-ccache" >> "$GITHUB_ENV"[0m
2026-10-09T15:40:34.8341368Z shell: /usr/bin/bash --noprofile --norc -e -o pipefail {0}
2026-10-09T15:40:34.8341757Z env:
2026-10-09T15:40:34.8341964Z   BUILD_VARIANT: debug
2026-10-09T15:40:34.8342199Z   CCACHE_MAXSIZE: 2G
2026-10-09T15:40:34.8342437Z   CCACHE_COMPILERCHECK: content
2026-10-09T15:40:34.8342702Z   CCACHE_SLOPPINESS: 
2026-10-09T15:40:34.8343407Z   CCACHE_NODEPEND: 1
2026-10-09T15:40:34.8343634Z   CCACHE_NODIRECT: 1
2026-10-09T15:40:34.8343869Z   CMAKE_C_COMPILER_LAUNCHER: ccache
2026-10-09T15:40:34.8344180Z   CMAKE_CXX_COMPILER_LAUNCHER: ccache
2026-10-09T15:40:34.8344449Z ##[endgroup]
2026-10-09T15:40:35.0472518Z ##[group]Run actions/cache@55cc8345863c7cc4c66a329aec7e433d2d1c52a9
2026-10-09T15:40:35.0473245Z with:
2026-10-09T15:40:35.0473506Z   path: /home/runner/work/_temp/anpaint-ccache
2026-10-09T15:40:35.0474371Z   key: native-ccache-v1-ubuntu22-4.5.1-1900042d713270d9be79884fed5090e06c758cf5a7dbb0dafff05a1471f66488-f6748c512abb37bc571029f4530f88f37ff4e2bf9f52af568a2d57f91e736130
2026-10-09T15:40:35.0475607Z   restore-keys: native-ccache-v1-ubuntu22-4.5.1-1900042d713270d9be79884fed5090e06c758cf5a7dbb0dafff05a1471f66488-
native-ccache-v1-ubuntu22-4.5.1-

2026-10-09T15:40:35.0476326Z   enableCrossOsArchive: false
2026-10-09T15:40:35.0476592Z   fail-on-cache-miss: false
2026-10-09T15:40:35.0476836Z   lookup-only: false
2026-10-09T15:40:35.0477051Z   save-always: false
2026-10-09T15:40:35.0477293Z env:
2026-10-09T15:40:35.0477520Z   BUILD_VARIANT: debug
2026-10-09T15:40:35.0477752Z   CCACHE_MAXSIZE: 2G
2026-10-09T15:40:35.0477999Z   CCACHE_COMPILERCHECK: content
2026-10-09T15:40:35.0478291Z   CCACHE_SLOPPINESS: 
2026-10-09T15:40:35.0478513Z   CCACHE_NODEPEND: 1
2026-10-09T15:40:35.0478724Z   CCACHE_NODIRECT: 1
2026-10-09T15:40:35.0478940Z   CMAKE_C_COMPILER_LAUNCHER: ccache
2026-10-09T15:40:35.0479217Z   CMAKE_CXX_COMPILER_LAUNCHER: ccache
2026-10-09T15:40:35.0479519Z   CCACHE_DIR: /home/runner/work/_temp/anpaint-ccache
2026-10-09T15:40:35.0479818Z ##[endgroup]
2026-10-09T15:40:35.2613850Z Cache hit for: native-ccache-v1-ubuntu22-4.5.1-1900042d713270d9be79884fed5090e06c758cf5a7dbb0dafff05a1471f66488-f6748c512abb37bc571029f4530f88f37ff4e2bf9f52af568a2d57f91e736130
2026-10-09T15:40:36.3218869Z Received 213909504 of 310079716 (69.0%), 203.8 MBs/sec
2026-10-09T15:40:36.7882024Z Received 310079716 of 310079716 (100.0%), 201.6 MBs/sec
2026-10-09T15:40:36.7884801Z Cache Size: ~296 MB (310079716 B)
2026-10-09T15:40:36.7927390Z [command]/usr/bin/tar -xf /home/runner/work/_temp/4659a42a-6862-45e2-82c6-37798568894d/cache.tzst -P -C /home/runner/work/AN-Paint/AN-Paint --use-compress-program unzstd
2026-10-09T15:40:37.4607670Z Cache restored successfully
2026-10-09T15:40:37.5410589Z Cache restored from key: native-ccache-v1-ubuntu22-4.5.1-1900042d713270d9be79884fed5090e06c758cf5a7dbb0dafff05a1471f66488-f6748c512abb37bc571029f4530f88f37ff4e2bf9f52af568a2d57f91e736130
2026-10-09T15:40:37.5707717Z ##[group]Run timeout --kill-after=5s 90s sudo apt-get install -y --no-install-recommends ccache=4.5.1-1
2026-10-09T15:40:37.5709116Z [36;1mtimeout --kill-after=5s 90s sudo apt-get install -y --no-install-recommends ccache=4.5.1-1[0m
2026-10-09T15:40:37.5709854Z [36;1mccache --version[0m
2026-10-09T15:40:37.5710110Z [36;1mccache --zero-stats[0m
2026-10-09T15:40:37.5784672Z shell: /usr/bin/bash --noprofile --norc -e -o pipefail {0}
2026-10-09T15:40:37.5785035Z env:
2026-10-09T15:40:37.5785242Z   BUILD_VARIANT: debug
2026-10-09T15:40:37.5785469Z   CCACHE_MAXSIZE: 2G
2026-10-09T15:40:37.5785700Z   CCACHE_COMPILERCHECK: content
2026-10-09T15:40:37.5786182Z   CCACHE_SLOPPINESS: 
2026-10-09T15:40:37.5786413Z   CCACHE_NODEPEND: 1
2026-10-09T15:40:37.5786632Z   CCACHE_NODIRECT: 1
2026-10-09T15:40:37.5786862Z   CMAKE_C_COMPILER_LAUNCHER: ccache
2026-10-09T15:40:37.5787155Z   CMAKE_CXX_COMPILER_LAUNCHER: ccache
2026-10-09T15:40:37.5787507Z   CCACHE_DIR: /home/runner/work/_temp/anpaint-ccache
2026-10-09T15:40:37.5787818Z ##[endgroup]
2026-10-09T15:40:44.6089532Z Reading package lists...
2026-10-09T15:40:44.8783851Z Building dependency tree...
2026-10-09T15:40:44.8855265Z Reading state information...
2026-10-09T15:40:45.0509597Z The following additional packages will be installed:
2026-10-09T15:40:45.0514959Z   libhiredis0.14
2026-10-09T15:40:45.0520994Z Suggested packages:
2026-10-09T15:40:45.0521369Z   distcc | icecc
2026-10-09T15:40:45.0873962Z The following NEW packages will be installed:
2026-10-09T15:40:45.0881280Z   ccache libhiredis0.14
2026-10-09T15:40:45.1136076Z 0 upgraded, 2 newly installed, 0 to remove and 8 not upgraded.
2026-10-09T15:40:45.1137413Z Need to get 528 kB of archives.
2026-10-09T15:40:45.1138269Z After this operation, 1469 kB of additional disk space will be used.
2026-10-09T15:40:45.1139394Z Get:1 file:/etc/apt/apt-mirrors.txt Mirrorlist [144 B]
2026-10-09T15:40:45.2493291Z Get:2 http://azure.archive.ubuntu.com/ubuntu jammy/universe amd64 libhiredis0.14 amd64 0.14.1-2 [32.8 kB]
2026-10-09T15:40:45.2640231Z Get:3 http://azure.archive.ubuntu.com/ubuntu jammy/universe amd64 ccache amd64 4.5.1-1 [495 kB]
2026-10-09T15:40:45.6061694Z Fetched 528 kB in 0s (3044 kB/s)
2026-10-09T15:40:45.6723946Z Selecting previously unselected package libhiredis0.14:amd64.
2026-10-09T15:40:45.7903405Z (Reading database ... 
2026-10-09T15:40:45.7903974Z (Reading database ... 5%
2026-10-09T15:40:45.7904488Z (Reading database ... 10%
2026-10-09T15:40:45.7904845Z (Reading database ... 15%
2026-10-09T15:40:45.7905129Z (Reading database ... 20%
2026-10-09T15:40:45.7905406Z (Reading database ... 25%
2026-10-09T15:40:45.7905695Z (Reading database ... 30%
2026-10-09T15:40:45.7906798Z (Reading database ... 35%
2026-10-09T15:40:45.7907259Z (Reading database ... 40%
2026-10-09T15:40:45.7907555Z (Reading database ... 45%
2026-10-09T15:40:45.7907836Z (Reading database ... 50%
2026-10-09T15:40:46.1020953Z (Reading database ... 55%
2026-10-09T15:40:46.5102475Z (Reading database ... 60%
2026-10-09T15:40:46.8283301Z (Reading database ... 65%
2026-10-09T15:40:47.1592519Z (Reading database ... 70%
2026-10-09T15:40:47.8539784Z (Reading database ... 75%
2026-10-09T15:40:48.5089121Z (Reading database ... 80%
2026-10-09T15:40:49.1988336Z (Reading database ... 85%
2026-10-09T15:40:50.0024964Z (Reading database ... 90%
2026-10-09T15:40:50.6585317Z (Reading database ... 95%
2026-10-09T15:40:50.6585801Z (Reading database ... 100%
2026-10-09T15:40:50.6586403Z (Reading database ... 261293 files and directories currently installed.)
2026-10-09T15:40:50.6642037Z Preparing to unpack .../libhiredis0.14_0.14.1-2_amd64.deb ...
2026-10-09T15:40:50.6680839Z Unpacking libhiredis0.14:amd64 (0.14.1-2) ...
2026-10-09T15:40:50.6991822Z Selecting previously unselected package ccache.
2026-10-09T15:40:50.7194782Z Preparing to unpack .../ccache_4.5.1-1_amd64.deb ...
2026-10-09T15:40:50.7202333Z Unpacking ccache (4.5.1-1) ...
2026-10-09T15:40:50.8038320Z Setting up libhiredis0.14:amd64 (0.14.1-2) ...
2026-10-09T15:40:50.8056791Z Setting up ccache (4.5.1-1) ...
2026-10-09T15:40:50.8078095Z Updating symlinks in /usr/lib/ccache ...
2026-10-09T15:40:50.8271791Z Processing triggers for libc-bin (2.35-0ubuntu3.15) ...
2026-10-09T15:40:50.9209947Z Processing triggers for man-db (2.10.2-1) ...
2026-10-09T15:40:50.9243668Z Not building database; man-db/auto-update is not 'true'.
2026-10-09T15:40:52.2691261Z 
2026-10-09T15:40:52.2692013Z Running kernel seems to be up-to-date.
2026-10-09T15:40:52.2692462Z 
2026-10-09T15:40:52.2692726Z No services need to be restarted.
2026-10-09T15:40:52.2693320Z 
2026-10-09T15:40:52.2693516Z No containers need to be restarted.
2026-10-09T15:40:52.2693764Z 
2026-10-09T15:40:52.2694228Z No user sessions are running outdated binaries.
2026-10-09T15:40:52.2694522Z 
2026-10-09T15:40:52.2694789Z No VM guests are running outdated hypervisor (qemu) binaries on this host.
2026-10-09T15:40:54.0257674Z ccache version 4.5.1
2026-10-09T15:40:54.0258219Z Features: file-storage http-storage redis-storage
2026-10-09T15:40:54.0258615Z 
2026-10-09T15:40:54.0258826Z Copyright (C) 2002-2007 Andrew Tridgell
2026-10-09T15:40:54.0259387Z Copyright (C) 2009-2021 Joel Rosdahl and other contributors
2026-10-09T15:40:54.0259791Z 
2026-10-09T15:40:54.0260173Z See <https://ccache.dev/credits.html> for a complete list of contributors.
2026-10-09T15:40:54.0260659Z 
2026-10-09T15:40:54.0261084Z This program is free software; you can redistribute it and/or modify it under
2026-10-09T15:40:54.0262037Z the terms of the GNU General Public License as published by the Free Software
2026-10-09T15:40:54.0262653Z Foundation; either version 3 of the License, or (at your option) any later
2026-10-09T15:40:54.0263431Z version.
2026-10-09T15:40:54.0701813Z Statistics zeroed
2026-10-09T15:40:54.0744116Z ##[group]Run bash tools/ci_prepare_build.sh
2026-10-09T15:40:54.0744511Z [36;1mbash tools/ci_prepare_build.sh[0m
2026-10-09T15:40:54.0816348Z shell: /usr/bin/bash --noprofile --norc -e -o pipefail {0}
2026-10-09T15:40:54.0816700Z env:
2026-10-09T15:40:54.0816893Z   BUILD_VARIANT: debug
2026-10-09T15:40:54.0817120Z   CCACHE_MAXSIZE: 2G
2026-10-09T15:40:54.0817356Z   CCACHE_COMPILERCHECK: content
2026-10-09T15:40:54.0817611Z   CCACHE_SLOPPINESS: 
2026-10-09T15:40:54.0817829Z   CCACHE_NODEPEND: 1
2026-10-09T15:40:54.0818041Z   CCACHE_NODIRECT: 1
2026-10-09T15:40:54.0818257Z   CMAKE_C_COMPILER_LAUNCHER: ccache
2026-10-09T15:40:54.0818532Z   CMAKE_CXX_COMPILER_LAUNCHER: ccache
2026-10-09T15:40:54.0818842Z   CCACHE_DIR: /home/runner/work/_temp/anpaint-ccache
2026-10-09T15:40:54.0819168Z ##[endgroup]
2026-10-09T15:40:58.3999369Z Loading package information...                                                  
2026-10-09T15:40:58.4952217Z Loading local repository...                                                     
2026-10-09T15:40:58.4955598Z [                                       ] 3% Loading local repository...        
2026-10-09T15:40:59.6904230Z [                                       ] 3% Fetch remote repository...         
2026-10-09T15:41:00.2220448Z [=                                      ] 3% Fetch remote repository...         
2026-10-09T15:41:00.3187685Z [=                                      ] 4% Fetch remote repository...         
2026-10-09T15:41:00.3747112Z [=                                      ] 5% Fetch remote repository...         
2026-10-09T15:41:00.4298513Z [==                                     ] 5% Fetch remote repository...         
2026-10-09T15:41:00.5657955Z [==                                     ] 6% Fetch remote repository...         
2026-10-09T15:41:00.7184635Z [==                                     ] 7% Fetch remote repository...         
2026-10-09T15:41:00.7213872Z [==                                     ] 7% Computing updates...               
2026-10-09T15:41:00.7323673Z [===                                    ] 8% Computing updates...               
2026-10-09T15:41:00.7570309Z [===                                    ] 10% Computing updates...              
2026-10-09T15:41:00.8024809Z [===                                    ] 10% Installing NDK (Side by side) 27.2
2026-10-09T15:41:01.1465510Z [===                                    ] 10% Downloading android-ndk-r27c-linux
2026-10-09T15:41:01.2618790Z [====                                   ] 10% Downloading android-ndk-r27c-linux
2026-10-09T15:41:01.4371806Z [====                                   ] 11% Downloading android-ndk-r27c-linux
2026-10-09T15:41:01.5584899Z [====                                   ] 12% Downloading android-ndk-r27c-linux
2026-10-09T15:41:01.6105955Z [=====                                  ] 13% Downloading android-ndk-r27c-linux
2026-10-09T15:41:01.6616765Z [=====                                  ] 14% Downloading android-ndk-r27c-linux
2026-10-09T15:41:01.7000527Z [=====                                  ] 15% Downloading android-ndk-r27c-linux
2026-10-09T15:41:01.7341303Z [======                                 ] 15% Downloading android-ndk-r27c-linux
2026-10-09T15:41:01.7991958Z [======                                 ] 16% Downloading android-ndk-r27c-linux
2026-10-09T15:41:01.8787241Z [======                                 ] 17% Downloading android-ndk-r27c-linux
2026-10-09T15:41:01.9449041Z [=======                                ] 18% Downloading android-ndk-r27c-linux
2026-10-09T15:41:02.0223359Z [=======                                ] 19% Downloading android-ndk-r27c-linux
2026-10-09T15:41:02.0858280Z [=======                                ] 20% Downloading android-ndk-r27c-linux
2026-10-09T15:41:02.1162638Z [========                               ] 20% Downloading android-ndk-r27c-linux
2026-10-09T15:41:02.1977765Z [========                               ] 21% Downloading android-ndk-r27c-linux
2026-10-09T15:41:02.2642276Z [========                               ] 22% Downloading android-ndk-r27c-linux
2026-10-09T15:41:02.3303596Z [=========                              ] 23% Downloading android-ndk-r27c-linux
2026-10-09T15:41:02.4065610Z [=========                              ] 24% Downloading android-ndk-r27c-linux
2026-10-09T15:41:02.4368580Z [=========                              ] 25% Downloading android-ndk-r27c-linux
2026-10-09T15:41:02.4681706Z [==========                             ] 25% Downloading android-ndk-r27c-linux
2026-10-09T15:41:02.6088106Z [==========                             ] 26% Downloading android-ndk-r27c-linux
2026-10-09T15:41:02.6733478Z [==========                             ] 27% Downloading android-ndk-r27c-linux
2026-10-09T15:41:02.7569567Z [===========                            ] 28% Downloading android-ndk-r27c-linux
2026-10-09T15:41:02.8232434Z [===========                            ] 29% Downloading android-ndk-r27c-linux
2026-10-09T15:41:02.8588214Z [===========                            ] 30% Downloading android-ndk-r27c-linux
2026-10-09T15:41:02.9070581Z [============                           ] 30% Downloading android-ndk-r27c-linux
2026-10-09T15:41:02.9591292Z [============                           ] 31% Downloading android-ndk-r27c-linux
2026-10-09T15:41:03.0133733Z [============                           ] 32% Downloading android-ndk-r27c-linux
2026-10-09T15:41:03.0137837Z [============                           ] 33% Downloading android-ndk-r27c-linux
2026-10-09T15:41:03.6774275Z [============                           ] 33% Unzipping...                      
2026-10-09T15:41:03.6775522Z [============                           ] 33% Unzipping... android-ndk-r27c/    
2026-10-09T15:41:03.6794283Z [============                           ] 33% Unzipping... android-ndk-r27c/READ
2026-10-09T15:41:03.6803790Z [=============                          ] 33% Unzipping... android-ndk-r27c/READ
2026-10-09T15:41:03.6804684Z [=============                          ] 33% Unzipping... android-ndk-r27c/meta
2026-10-09T15:41:04.2148650Z [=============                          ] 33% Unzipping... android-ndk-r27c/shad
2026-10-09T15:41:04.2165583Z [=============                          ] 33% Unzipping... android-ndk-r27c/ndk-
2026-10-09T15:41:04.2166566Z [=============                          ] 33% Unzipping... android-ndk-r27c/wrap
2026-10-09T15:41:04.2167490Z [=============                          ] 33% Unzipping... android-ndk-r27c/ndk-
2026-10-09T15:41:04.5688554Z [=============                          ] 33% Unzipping... android-ndk-r27c/tool
2026-10-09T15:41:05.0559354Z [=============                          ] 34% Unzipping... android-ndk-r27c/tool
2026-10-09T15:41:05.3059928Z [=============                          ] 35% Unzipping... android-ndk-r27c/tool
2026-10-09T15:41:05.4507757Z [==============                         ] 35% Unzipping... android-ndk-r27c/tool
2026-10-09T15:41:05.8826110Z [==============                         ] 36% Unzipping... android-ndk-r27c/tool
2026-10-09T15:41:06.3350070Z [==============                         ] 37% Unzipping... android-ndk-r27c/tool
2026-10-09T15:41:06.7706375Z [===============                        ] 38% Unzipping... android-ndk-r27c/tool
2026-10-09T15:41:07.2531224Z [===============                        ] 39% Unzipping... android-ndk-r27c/tool
2026-10-09T15:41:07.4534383Z [===============                        ] 40% Unzipping... android-ndk-r27c/tool
2026-10-09T15:41:07.6711345Z [================                       ] 40% Unzipping... android-ndk-r27c/tool
2026-10-09T15:41:08.1785878Z [================                       ] 41% Unzipping... android-ndk-r27c/tool
2026-10-09T15:41:08.6691732Z [================                       ] 42% Unzipping... android-ndk-r27c/tool
2026-10-09T15:41:09.4843267Z [=================                      ] 43% Unzipping... android-ndk-r27c/tool
2026-10-09T15:41:10.0725964Z [=================                      ] 44% Unzipping... android-ndk-r27c/tool
2026-10-09T15:41:10.6323791Z [=================                      ] 45% Unzipping... android-ndk-r27c/tool
2026-10-09T15:41:10.8305533Z [==================                     ] 45% Unzipping... android-ndk-r27c/tool
2026-10-09T15:41:11.2161170Z [==================                     ] 46% Unzipping... android-ndk-r27c/tool
2026-10-09T15:41:11.6316935Z [==================                     ] 47% Unzipping... android-ndk-r27c/tool
2026-10-09T15:41:12.0490365Z [===================                    ] 48% Unzipping... android-ndk-r27c/tool
2026-10-09T15:41:12.4229242Z [===================                    ] 49% Unzipping... android-ndk-r27c/tool
2026-10-09T15:41:12.6191963Z [===================                    ] 50% Unzipping... android-ndk-r27c/tool
2026-10-09T15:41:12.8260768Z [====================                   ] 50% Unzipping... android-ndk-r27c/tool
2026-10-09T15:41:13.2217917Z [====================                   ] 51% Unzipping... android-ndk-r27c/tool
2026-10-09T15:41:13.6298580Z [====================                   ] 52% Unzipping... android-ndk-r27c/tool
2026-10-09T15:41:14.0617741Z [=====================                  ] 53% Unzipping... android-ndk-r27c/tool
2026-10-09T15:41:14.2990739Z [=====================                  ] 54% Unzipping... android-ndk-r27c/tool
2026-10-09T15:41:14.3177194Z [=====================                  ] 54% Unzipping... android-ndk-r27c/buil
2026-10-09T15:41:14.5676716Z [=====================                  ] 54% Unzipping... android-ndk-r27c/sour
2026-10-09T15:41:14.5700773Z [=====================                  ] 54% Unzipping... android-ndk-r27c/NOTI
2026-10-09T15:41:14.5702580Z [=====================                  ] 54% Unzipping... android-ndk-r27c/ndk-
2026-10-09T15:41:14.5717898Z [=====================                  ] 54% Unzipping... android-ndk-r27c/NOTI
2026-10-09T15:41:14.5757647Z [=====================                  ] 54% Unzipping... android-ndk-r27c/pyth
2026-10-09T15:41:14.6192355Z [=====================                  ] 54% Unzipping... android-ndk-r27c/preb
2026-10-09T15:41:14.6196341Z [=====================                  ] 54% Unzipping... android-ndk-r27c/ndk-
2026-10-09T15:41:14.6197433Z [=====================                  ] 54% Unzipping... android-ndk-r27c/sour
2026-10-09T15:41:14.6760329Z [=====================                  ] 54% Unzipping... android-ndk-r27c/simp
2026-10-09T15:41:14.8230265Z [=====================                  ] 55% Unzipping... android-ndk-r27c/simp
2026-10-09T15:41:14.9776031Z [=====================                  ] 55% Unzipping... android-ndk-r27c/CHAN
2026-10-09T15:41:14.9776932Z [=======================================] 100% Unzipping... android-ndk-r27c/CHA
2026-10-09T15:41:15.2628499Z 
2026-10-09T15:41:16.0553585Z 
2026-10-09T15:41:16.0554395Z Welcome to Gradle 8.13!
2026-10-09T15:41:16.0554741Z 
2026-10-09T15:41:16.0554939Z Here are the highlights of this release:
2026-10-09T15:41:16.0555447Z  - Daemon JVM auto-provisioning
2026-10-09T15:41:16.0555832Z  - Enhancements for Scala plugin and JUnit testing
2026-10-09T15:41:16.0556540Z  - Improvements for build authors and plugin developers
2026-10-09T15:41:16.0556795Z 
2026-10-09T15:41:16.0557007Z For more details see https://docs.gradle.org/8.13/release-notes.html
2026-10-09T15:41:16.0557395Z 
2026-10-09T15:41:16.1517806Z To honour the JVM settings for this build a single-use Daemon process will be forked. For more on this, please refer to https://docs.gradle.org/8.13/userguide/gradle_daemon.html#sec:disabling_the_daemon in the Gradle documentation.
2026-10-09T15:41:17.4511509Z Daemon will be stopped at the end of the build 
2026-10-09T15:41:48.3525140Z > Task :app:writeDependencyInventory
2026-10-09T15:41:48.3525593Z 
2026-10-09T15:41:48.3534537Z [Incubating] Problems report is available at: file:///home/runner/work/AN-Paint/AN-Paint/build/reports/problems/problems-report.html
2026-10-09T15:41:48.3535676Z 
2026-10-09T15:41:48.3536331Z Deprecated Gradle features were used in this build, making it incompatible with Gradle 9.0.
2026-10-09T15:41:48.3537176Z 
2026-10-09T15:41:48.3544685Z You can use '--warning-mode all' to show the individual deprecation warnings and determine if they come from your own scripts or plugins.
2026-10-09T15:41:48.3545822Z 
2026-10-09T15:41:48.3546827Z For more on this, please refer to https://docs.gradle.org/8.13/userguide/command_line_interface.html#sec:command_line_warnings in the Gradle documentation.
2026-10-09T15:41:48.3547993Z 
2026-10-09T15:41:48.3548251Z BUILD SUCCESSFUL in 32s
2026-10-09T15:41:48.3548802Z 1 actionable task: 1 executed
2026-10-09T15:41:48.5824464Z Preserved Android NDK 27.2.12479018 LLVM runtime notices: 130424 bytes, SHA-256 f96f763beb66a7ba7a667647fc64c0226ace875e590c831fdd9579ec1c1d91e1
2026-10-09T15:41:48.6375105Z Preserved TIFF codec notices and source hashes.
2026-10-09T15:41:48.7260141Z Wrote /home/runner/work/AN-Paint/AN-Paint/Paintroid/src/main/assets/legal/THIRD_PARTY_NOTICES.txt: 35 resolved components, 0 packaged notices.
2026-10-09T15:41:49.5500770Z ##[group]Run ./gradlew --no-daemon --max-workers=2 --console=plain :app:assemble${BUILD_VARIANT^} -PciReleaseSigning
2026-10-09T15:41:49.5501644Z [36;1m./gradlew --no-daemon --max-workers=2 --console=plain :app:assemble${BUILD_VARIANT^} -PciReleaseSigning[0m
2026-10-09T15:41:49.5577488Z shell: /usr/bin/bash --noprofile --norc -e -o pipefail {0}
2026-10-09T15:41:49.5577843Z env:
2026-10-09T15:41:49.5578044Z   BUILD_VARIANT: debug
2026-10-09T15:41:49.5578283Z   CCACHE_MAXSIZE: 2G
2026-10-09T15:41:49.5578516Z   CCACHE_COMPILERCHECK: content
2026-10-09T15:41:49.5578779Z   CCACHE_SLOPPINESS: 
2026-10-09T15:41:49.5579014Z   CCACHE_NODEPEND: 1
2026-10-09T15:41:49.5579239Z   CCACHE_NODIRECT: 1
2026-10-09T15:41:49.5579481Z   CMAKE_C_COMPILER_LAUNCHER: ccache
2026-10-09T15:41:49.5579777Z   CMAKE_CXX_COMPILER_LAUNCHER: ccache
2026-10-09T15:41:49.5580103Z   CCACHE_DIR: /home/runner/work/_temp/anpaint-ccache
2026-10-09T15:41:49.5580472Z   JAVA_HOME: /usr/lib/jvm/temurin-17-jdk-amd64
2026-10-09T15:41:49.5580812Z ##[endgroup]
2026-10-09T15:41:50.3111095Z To honour the JVM settings for this build a single-use Daemon process will be forked. For more on this, please refer to https://docs.gradle.org/8.13/userguide/gradle_daemon.html#sec:disabling_the_daemon in the Gradle documentation.
2026-10-09T15:41:51.4103993Z Daemon will be stopped at the end of the build 
2026-10-09T15:42:06.3114861Z > Task :app:preBuild UP-TO-DATE
2026-10-09T15:42:06.3127438Z > Task :app:preDebugBuild UP-TO-DATE
2026-10-09T15:42:06.3174442Z > Task :app:mergeDebugNativeDebugMetadata NO-SOURCE
2026-10-09T15:42:06.3193573Z > Task :app:checkKotlinGradlePluginConfigurationErrors
2026-10-09T15:42:06.4114389Z > Task :Paintroid:fetchHeifSources
2026-10-09T15:42:06.5095899Z > Task :Paintroid:fetchJxlSources
2026-10-09T15:42:06.6097612Z > Task :Paintroid:fetchTiffSources
2026-10-09T15:42:06.6133975Z > Task :Paintroid:fetchWebpSources
2026-10-09T15:42:13.0114283Z > Task :Paintroid:bundleCorrespondingSource
2026-10-09T15:42:13.0114948Z > Task :Paintroid:preBuild
2026-10-09T15:42:13.0115397Z > Task :Paintroid:preDebugBuild
2026-10-09T15:42:13.1096091Z > Task :Paintroid:writeDebugAarMetadata
2026-10-09T15:42:13.1123632Z > Task :Paintroid:processDebugNavigationResources
2026-10-09T15:42:13.6094723Z > Task :app:checkDebugAarMetadata
2026-10-09T15:42:13.6095578Z > Task :app:processDebugNavigationResources
2026-10-09T15:42:13.8099953Z > Task :app:generateDebugResValues
2026-10-09T15:42:13.8101751Z > Task :Paintroid:generateDebugResValues
2026-10-09T15:42:13.8102374Z > Task :app:compileDebugNavigationResources
2026-10-09T15:42:13.8103350Z > Task :Paintroid:generateDebugResources
2026-10-09T15:42:15.7140112Z > Task :Paintroid:packageDebugResources
2026-10-09T15:42:15.8097436Z > Task :app:mapDebugSourceSetPaths
2026-10-09T15:42:15.8113752Z > Task :app:generateDebugResources
2026-10-09T15:42:19.0135944Z > Task :app:createDebugCompatibleScreenManifests
2026-10-09T15:42:19.0193975Z > Task :app:extractDeepLinksDebug
2026-10-09T15:42:19.0253928Z > Task :Paintroid:extractDeepLinksDebug
2026-10-09T15:42:19.1095709Z > Task :Paintroid:processDebugManifest
2026-10-09T15:42:19.2114039Z > Task :app:mergeDebugResources
2026-10-09T15:42:19.3113550Z 
2026-10-09T15:42:19.3142926Z > Task :app:processDebugMainManifest
2026-10-09T15:42:19.3154576Z [androidx.vectordrawable:vectordrawable-animated:1.0.0] /home/runner/.gradle/caches/8.13/transforms/4c0c74693644e94e33bc27c89cbf9cd0/transformed/vectordrawable-animated-1.0.0/AndroidManifest.xml Warning:
2026-10-09T15:42:19.3185443Z 	Namespace 'androidx.vectordrawable' is used in multiple modules and/or libraries: androidx.vectordrawable:vectordrawable-animated:1.0.0, androidx.vectordrawable:vectordrawable:1.0.0. Please ensure that all modules and libraries have a unique namespace. For more information, See https://developer.android.com/studio/build/configure-app-module#set-namespace
2026-10-09T15:42:19.3213887Z /home/runner/work/AN-Paint/AN-Paint/app/src/main/AndroidManifest.xml:24:5-53:19 Warning:
2026-10-09T15:42:19.3216159Z 	application@android:icon was tagged at AndroidManifest.xml:24 to replace other declarations but no other declaration present
2026-10-09T15:42:19.3239614Z /home/runner/work/AN-Paint/AN-Paint/app/src/main/AndroidManifest.xml:24:5-53:19 Warning:
2026-10-09T15:42:19.3263950Z 	application@android:roundIcon was tagged at AndroidManifest.xml:24 to replace other declarations but no other declaration present
2026-10-09T15:42:19.5094783Z 
2026-10-09T15:42:19.5124174Z > Task :app:processDebugManifest
2026-10-09T15:42:19.5153822Z > Task :app:processDebugManifestForPackage
2026-10-09T15:42:19.6095798Z > Task :Paintroid:compileDebugLibraryResources
2026-10-09T15:42:19.9124788Z > Task :Paintroid:checkKotlinGradlePluginConfigurationErrors
2026-10-09T15:42:19.9185099Z > Task :Paintroid:generateDebugBuildConfig
2026-10-09T15:42:19.9236739Z > Task :Paintroid:javaPreCompileDebug
2026-10-09T15:42:20.0136541Z > Task :app:javaPreCompileDebug
2026-10-09T15:42:20.0183752Z > Task :app:mergeDebugShaders
2026-10-09T15:42:20.0233681Z > Task :app:compileDebugShaders NO-SOURCE
2026-10-09T15:42:20.0235030Z > Task :app:generateDebugAssets UP-TO-DATE
2026-10-09T15:42:20.0313806Z > Task :Paintroid:mergeDebugShaders
2026-10-09T15:42:20.0373826Z > Task :Paintroid:compileDebugShaders NO-SOURCE
2026-10-09T15:42:20.0403668Z > Task :Paintroid:generateDebugAssets UP-TO-DATE
2026-10-09T15:42:20.1115829Z > Task :Paintroid:parseDebugLocalResources
2026-10-09T15:42:20.3099371Z > Task :Paintroid:mergeDebugAssets
2026-10-09T15:42:20.5104578Z > Task :Paintroid:generateDebugRFile
2026-10-09T15:42:20.6099427Z > Task :app:mergeDebugAssets
2026-10-09T15:42:22.7103759Z > Task :app:processDebugResources
2026-10-09T15:42:27.2099970Z > Task :app:compressDebugAssets
2026-10-09T15:42:29.0143951Z > Task :app:desugarDebugFileDependencies
2026-10-09T15:42:29.2114123Z > Task :app:checkDebugDuplicateClasses
2026-10-09T15:42:51.2154005Z > Task :Paintroid:compileDebugKotlin
2026-10-09T15:42:59.2113233Z > Task :app:mergeExtDexDebug
2026-10-09T15:43:16.3124505Z > Task :app:mergeDebugJniLibFolders
2026-10-09T15:43:24.0097199Z 
2026-10-09T15:43:24.0098466Z > Task :Paintroid:configureCMakeDebug[arm64-v8a]
2026-10-09T15:43:24.0100128Z C/C++: -- Compiler is not EMSCRIPTEN
2026-10-09T15:43:33.0113980Z C/C++: --- aom_configure: Detected CPU: generic
2026-10-09T15:43:33.0139591Z C/C++: Running C compiler test: pie_check
2026-10-09T15:43:33.1104316Z C/C++: CONFIG_PIC enabled for position independent executable (PIE) build
2026-10-09T15:43:33.1123807Z C/C++: Running C compiler test: unistd_check
2026-10-09T15:43:33.4104216Z C/C++: Running CXX compiler test: unistd_check
2026-10-09T15:43:33.8134173Z C/C++: Running C compiler test: fenv_check
2026-10-09T15:43:34.0103968Z C/C++: Checking C compiler flag support for: -std=c11
2026-10-09T15:43:34.1123993Z C/C++: Checking C++ compiler flag support for: -std=c++17
2026-10-09T15:43:34.3104276Z C/C++: Checking C compiler flag support for: -Wall
2026-10-09T15:43:34.5095073Z C/C++: Checking C++ compiler flag support for: -Wall
2026-10-09T15:43:34.6106708Z C/C++: Checking C compiler flag support for: -Wdisabled-optimization
2026-10-09T15:43:34.8095813Z C/C++: Checking C++ compiler flag support for: -Wdisabled-optimization
2026-10-09T15:43:35.0095069Z C/C++: Checking C compiler flag support for: -Wextra
2026-10-09T15:43:35.2095126Z C/C++: Checking C++ compiler flag support for: -Wextra
2026-10-09T15:43:35.4095294Z C/C++: Checking C compiler flag support for: -Wextra-semi
2026-10-09T15:43:35.6114177Z C/C++: Checking C++ compiler flag support for: -Wextra-semi
2026-10-09T15:43:35.8114308Z C/C++: Checking C compiler flag support for: -Wextra-semi-stmt
2026-10-09T15:43:36.0113805Z C/C++: Checking C++ compiler flag support for: -Wextra-semi-stmt
2026-10-09T15:43:36.1094695Z C/C++: Checking C compiler flag support for: -Wfloat-conversion
2026-10-09T15:43:36.3114334Z C/C++: Checking C++ compiler flag support for: -Wfloat-conversion
2026-10-09T15:43:36.5114100Z C/C++: Checking C compiler flag support for: -Wformat=2
2026-10-09T15:43:36.7104653Z C/C++: Checking C++ compiler flag support for: -Wformat=2
2026-10-09T15:43:36.9095831Z C/C++: Checking C compiler flag support for: -Wimplicit-function-declaration
2026-10-09T15:43:37.0114282Z C/C++: Checking C compiler flag support for: -Wlogical-op
2026-10-09T15:43:37.2114319Z C/C++: Checking C++ compiler flag support for: -Wlogical-op
2026-10-09T15:43:37.4124069Z C/C++: Checking C compiler flag support for: -Wmissing-declarations
2026-10-09T15:43:37.6099458Z C/C++: Checking C++ compiler flag support for: -Wmissing-declarations
2026-10-09T15:43:37.7174204Z C/C++: Checking C compiler flag support for: -Wmissing-prototypes
2026-10-09T15:43:37.9095880Z C/C++: Checking C++ compiler flag support for: -Wmissing-prototypes
2026-10-09T15:43:38.1114165Z C/C++: Checking C compiler flag support for: -Wpointer-arith
2026-10-09T15:43:38.2114282Z C/C++: Checking C++ compiler flag support for: -Wpointer-arith
2026-10-09T15:43:38.5124457Z C/C++: Checking C compiler flag support for: -Wshadow
2026-10-09T15:43:38.6128468Z C/C++: Checking C++ compiler flag support for: -Wshadow
2026-10-09T15:43:38.9094806Z C/C++: Checking C compiler flag support for: -Wshorten-64-to-32
2026-10-09T15:43:39.1106329Z C/C++: Checking C++ compiler flag support for: -Wshorten-64-to-32
2026-10-09T15:43:39.4097449Z C/C++: Checking C compiler flag support for: -Wsign-compare
2026-10-09T15:43:39.6112573Z C/C++: Checking C++ compiler flag support for: -Wsign-compare
2026-10-09T15:43:39.8104401Z C/C++: Checking C compiler flag support for: -Wstring-conversion
2026-10-09T15:43:40.0114337Z C/C++: Checking C++ compiler flag support for: -Wstring-conversion
2026-10-09T15:43:40.2114030Z C/C++: Checking C compiler flag support for: -Wtype-limits
2026-10-09T15:43:40.4095173Z C/C++: Checking C++ compiler flag support for: -Wtype-limits
2026-10-09T15:43:40.6114361Z C/C++: Checking C compiler flag support for: -Wundef
2026-10-09T15:43:40.8164265Z C/C++: Checking C++ compiler flag support for: -Wundef
2026-10-09T15:43:41.0104296Z C/C++: Checking C compiler flag support for: -Wuninitialized
2026-10-09T15:43:41.1098891Z C/C++: Checking C++ compiler flag support for: -Wuninitialized
2026-10-09T15:43:41.3174244Z C/C++: Checking C compiler flag support for: -Wunreachable-code-aggressive
2026-10-09T15:43:41.5104920Z C/C++: Checking C++ compiler flag support for: -Wunreachable-code-aggressive
2026-10-09T15:43:41.7103779Z C/C++: Checking C compiler flag support for: -Wunused
2026-10-09T15:43:41.9123408Z C/C++: Checking C++ compiler flag support for: -Wunused
2026-10-09T15:43:42.1113244Z C/C++: Checking C compiler flag support for: -Wvla
2026-10-09T15:43:42.3104266Z C/C++: Checking C++ compiler flag support for: -Wvla
2026-10-09T15:43:42.5124296Z C/C++: Checking C compiler flag support for: -Wc23-extensions
2026-10-09T15:43:42.6114267Z C/C++: Checking C++ compiler flag support for: -Wc++20-extensions
2026-10-09T15:43:42.8104223Z C/C++: Checking C++ compiler flag support for: -Wc++23-extensions
2026-10-09T15:43:43.0124344Z C/C++: Checking C compiler flag support for: -Wstack-usage=100000
2026-10-09T15:43:43.2115642Z C/C++: Checking C++ compiler flag support for: -Wstack-usage=240000
2026-10-09T15:43:43.4134073Z C/C++: Checking C compiler flag support for: -D_LARGEFILE_SOURCE
2026-10-09T15:43:43.5118814Z C/C++: Checking C++ compiler flag support for: -D_LARGEFILE_SOURCE
2026-10-09T15:43:43.7114277Z C/C++: Checking C compiler flag support for: -D_FILE_OFFSET_BITS=64
2026-10-09T15:43:43.9114375Z C/C++: Checking C++ compiler flag support for: -D_FILE_OFFSET_BITS=64
2026-10-09T15:43:44.1101493Z C/C++: Checking C compiler flag support for: -flax-vector-conversions=none
2026-10-09T15:43:44.2106787Z C/C++: Checking C++ compiler flag support for: -flax-vector-conversions=none
2026-10-09T15:43:45.9115759Z C/C++: === Summary of compiled codecs ===
2026-10-09T15:43:45.9139384Z C/C++: libde265 HEVC decoder                 : + built-in
2026-10-09T15:43:45.9183859Z C/C++: FFMPEG HEVC decoder (HW acc)          : - disabled
2026-10-09T15:43:45.9194490Z C/C++: WebCodecs HEVC decoder (experimental) : - disabled
2026-10-09T15:43:45.9198000Z C/C++: x265 HEVC encoder                     : - disabled
2026-10-09T15:43:45.9198805Z C/C++: Kvazaar HEVC encoder                  : + built-in
2026-10-09T15:43:45.9199737Z C/C++: AOM AV1 decoder                       : + built-in
2026-10-09T15:43:45.9200417Z C/C++: AOM AV1 encoder                       : + built-in
2026-10-09T15:43:45.9201017Z C/C++: Dav1d AV1 decoder                     : - disabled
2026-10-09T15:43:45.9201637Z C/C++: SVT AV1 encoder                       : - disabled
2026-10-09T15:43:45.9202224Z C/C++: Rav1e AV1 encoder                     : - disabled
2026-10-09T15:43:45.9202819Z C/C++: JPEG decoder                          : - disabled
2026-10-09T15:43:45.9203810Z C/C++: JPEG encoder                          : - disabled
2026-10-09T15:43:45.9204415Z C/C++: x264 AVC encoder                      : - disabled
2026-10-09T15:43:45.9205023Z C/C++: OpenH264 decoder                      : - disabled
2026-10-09T15:43:45.9205642Z C/C++: OpenJPEG J2K decoder                  : - disabled
2026-10-09T15:43:45.9206237Z C/C++: OpenJPEG J2K encoder                  : - disabled
2026-10-09T15:43:45.9206870Z C/C++: OpenJPH HT-J2K encoder                : - disabled
2026-10-09T15:43:45.9207478Z C/C++: uvg266 VVC encoder                    : - disabled
2026-10-09T15:43:45.9208073Z C/C++: vvenc VVC encoder                     : - disabled
2026-10-09T15:43:45.9208645Z C/C++: vvdec VVC decoder                     : - disabled
2026-10-09T15:43:45.9209169Z C/C++: === Supported formats ===
2026-10-09T15:43:45.9209629Z C/C++: format        decoding   encoding
2026-10-09T15:43:45.9210116Z C/C++: AVC             NO         NO 
2026-10-09T15:43:45.9210540Z C/C++: AVIF            YES        YES
2026-10-09T15:43:45.9210989Z C/C++: HEIC            YES        YES
2026-10-09T15:43:45.9211426Z C/C++: JPEG            NO         NO 
2026-10-09T15:43:45.9211891Z C/C++: JPEG2000        NO         NO 
2026-10-09T15:43:45.9212344Z C/C++: JPEG2000-HT     NO         NO 
2026-10-09T15:43:45.9212807Z C/C++: Uncompressed    NO         NO 
2026-10-09T15:43:45.9213550Z C/C++: VVC             NO         NO 
2026-10-09T15:43:45.9214368Z C/C++: libsharpyuv: disabled
2026-10-09T15:43:46.0114088Z C/C++: === Active input formats for heif-enc ===
2026-10-09T15:43:46.0143596Z C/C++: JPEG: ------ (libjpeg not found)
2026-10-09T15:43:46.0184316Z C/C++: PNG:  ------ (libpng not found)
2026-10-09T15:43:46.0204080Z C/C++: WEBP:  ------ (libwebp not found)
2026-10-09T15:43:46.0209412Z C/C++: TIFF: ------ (libtiff not found)
2026-10-09T15:43:46.0210200Z C/C++: Not compiling 'x265' backend
2026-10-09T15:43:46.0210975Z C/C++: Compiling 'libde265' as built-in backend
2026-10-09T15:43:46.0211753Z C/C++: Not compiling 'dav1d' backend
2026-10-09T15:43:46.0212513Z C/C++: Compiling 'aomdec' as built-in backend
2026-10-09T15:43:46.0213610Z C/C++: Compiling 'aomenc' as built-in backend
2026-10-09T15:43:46.1116509Z C/C++: Not compiling 'svtenc' backend
2026-10-09T15:43:46.1117406Z C/C++: Not compiling 'rav1e' backend
2026-10-09T15:43:46.1121186Z C/C++: Not compiling 'jpegdec' backend
2026-10-09T15:43:46.1121933Z C/C++: Not compiling 'jpegenc' backend
2026-10-09T15:43:46.1122685Z C/C++: Not compiling 'j2kdec' backend
2026-10-09T15:43:46.1123672Z C/C++: Not compiling 'j2kenc' backend
2026-10-09T15:43:46.1124381Z C/C++: Compiling 'kvazaar' as built-in backend
2026-10-09T15:43:46.1125142Z C/C++: Not compiling 'ffmpegdec' backend
2026-10-09T15:43:46.1125924Z C/C++: Not compiling 'jphenc' backend
2026-10-09T15:43:46.1149945Z C/C++: Not compiling 'uvg266' backend
2026-10-09T15:43:46.1173791Z C/C++: Not compiling 'vvdec' backend
2026-10-09T15:43:46.1204095Z C/C++: Not compiling 'vvenc' backend
2026-10-09T15:43:46.1237089Z C/C++: Not compiling 'x264' backend
2026-10-09T15:43:46.1263700Z C/C++: Not compiling 'openh264dec' backend
2026-10-09T15:43:46.1293697Z C/C++: Not compiling 'libsharpyuv'
2026-10-09T15:43:50.3094928Z 
2026-10-09T15:43:50.3102546Z > Task :Paintroid:compileDebugKotlin
2026-10-09T15:43:50.3107279Z w: file:///home/runner/work/AN-Paint/AN-Paint/Paintroid/src/main/java/org/catrobat/paintroid/classic/AssemblyRenderer.kt:141:23 Unnecessary non-null assertion (!!) on a non-null receiver of type Bitmap
2026-10-09T15:43:50.3110639Z w: file:///home/runner/work/AN-Paint/AN-Paint/Paintroid/src/main/java/org/catrobat/paintroid/classic/ClassicPaintActivity.kt:154:29 'getParcelableArrayList(String?): ArrayList<T!>?' is deprecated. Deprecated in Java
2026-10-09T15:43:50.3113802Z w: file:///home/runner/work/AN-Paint/AN-Paint/Paintroid/src/main/java/org/catrobat/paintroid/classic/ClassicPaintActivity.kt:260:61 'getParcelable(String?): T?' is deprecated. Deprecated in Java
2026-10-09T15:43:50.3116583Z w: file:///home/runner/work/AN-Paint/AN-Paint/Paintroid/src/main/java/org/catrobat/paintroid/classic/ClassicPaintActivity.kt:261:96 'getParcelable(String?): T?' is deprecated. Deprecated in Java
2026-10-09T15:43:50.3119273Z w: file:///home/runner/work/AN-Paint/AN-Paint/Paintroid/src/main/java/org/catrobat/paintroid/classic/ClassicPaintActivity.kt:1128:40 'getParcelableExtra(String!): T?' is deprecated. Deprecated in Java
2026-10-09T15:43:50.3121957Z w: file:///home/runner/work/AN-Paint/AN-Paint/Paintroid/src/main/java/org/catrobat/paintroid/classic/ClassicPaintActivity.kt:1205:39 Condition 'returnedSession!=null' is always 'true'
2026-10-09T15:43:50.3124898Z w: file:///home/runner/work/AN-Paint/AN-Paint/Paintroid/src/main/java/org/catrobat/paintroid/classic/ClassicPaintActivity.kt:1229:21 Unnecessary safe call on a non-null receiver of type Intent?
2026-10-09T15:43:50.3127410Z w: file:///home/runner/work/AN-Paint/AN-Paint/Paintroid/src/main/java/org/catrobat/paintroid/classic/ClassicPaintActivity.kt:1230:21 Unnecessary safe call on a non-null receiver of type Intent?
2026-10-09T15:43:50.3129845Z w: file:///home/runner/work/AN-Paint/AN-Paint/Paintroid/src/main/java/org/catrobat/paintroid/classic/ClassicPaintActivity.kt:1231:21 Unnecessary safe call on a non-null receiver of type Intent?
2026-10-09T15:43:50.3132391Z w: file:///home/runner/work/AN-Paint/AN-Paint/Paintroid/src/main/java/org/catrobat/paintroid/classic/ClassicPaintActivity.kt:1574:26 'setter for systemUiVisibility: Int' is deprecated. Deprecated in Java
2026-10-09T15:43:50.3135565Z w: file:///home/runner/work/AN-Paint/AN-Paint/Paintroid/src/main/java/org/catrobat/paintroid/classic/ClassicPaintActivity.kt:1574:65 'SYSTEM_UI_FLAG_FULLSCREEN: Int' is deprecated. Deprecated in Java
2026-10-09T15:43:50.3138078Z w: file:///home/runner/work/AN-Paint/AN-Paint/Paintroid/src/main/java/org/catrobat/paintroid/classic/ClassicPaintActivity.kt:1574:101 'SYSTEM_UI_FLAG_VISIBLE: Int' is deprecated. Deprecated in Java
2026-10-09T15:43:50.3140517Z w: file:///home/runner/work/AN-Paint/AN-Paint/Paintroid/src/main/java/org/catrobat/paintroid/classic/ColourStatusButton.kt:49:112 'scaledDensity: Float' is deprecated. Deprecated in Java
2026-10-09T15:43:50.3143947Z w: file:///home/runner/work/AN-Paint/AN-Paint/Paintroid/src/main/java/org/catrobat/paintroid/classic/LegalInfo.kt:130:26 This declaration overrides deprecated member but not marked as deprecated itself. Please add @Deprecated annotation or suppress. See https://youtrack.jetbrains.com/issue/KT-47902 for details
2026-10-09T15:43:50.3147931Z w: file:///home/runner/work/AN-Paint/AN-Paint/Paintroid/src/main/java/org/catrobat/paintroid/classic/MediaGalleryActivity.kt:164:30 This declaration overrides deprecated member but not marked as deprecated itself. Please add @Deprecated annotation or suppress. See https://youtrack.jetbrains.com/issue/KT-47902 for details
2026-10-09T15:43:50.3151133Z w: file:///home/runner/work/AN-Paint/AN-Paint/Paintroid/src/main/java/org/catrobat/paintroid/classic/MediaGalleryActivity.kt:377:102 'onBackPressed(): Unit' is deprecated. Deprecated in Java
2026-10-09T15:43:50.3153777Z w: file:///home/runner/work/AN-Paint/AN-Paint/Paintroid/src/main/java/org/catrobat/paintroid/classic/PaintCanvas.kt:578:113 'scaledDensity: Float' is deprecated. Deprecated in Java
2026-10-09T15:43:50.3156294Z w: file:///home/runner/work/AN-Paint/AN-Paint/Paintroid/src/main/java/org/catrobat/paintroid/classic/PaintCanvas.kt:584:113 'scaledDensity: Float' is deprecated. Deprecated in Java
2026-10-09T15:43:50.3158653Z w: file:///home/runner/work/AN-Paint/AN-Paint/Paintroid/src/main/java/org/catrobat/paintroid/classic/PaintCanvas.kt:815:143 'computeBounds(RectF, Boolean): Unit' is deprecated. Deprecated in Java
2026-10-09T15:43:50.3161185Z w: file:///home/runner/work/AN-Paint/AN-Paint/Paintroid/src/main/java/org/catrobat/paintroid/classic/RibbonWidgets.kt:40:15 'setColorFilter(Int, PorterDuff.Mode): Unit' is deprecated. Deprecated in Java
2026-10-09T15:43:57.2103552Z 
2026-10-09T15:43:57.2134301Z > Task :Paintroid:compileDebugJavaWithJavac
2026-10-09T15:43:57.3114072Z > Task :Paintroid:bundleLibCompileToJarDebug
2026-10-09T15:43:57.3141482Z > Task :app:compileDebugKotlin NO-SOURCE
2026-10-09T15:43:57.3143507Z > Task :app:compileDebugJavaWithJavac NO-SOURCE
2026-10-09T15:43:57.3144154Z > Task :app:processDebugJavaRes NO-SOURCE
2026-10-09T15:43:57.3166392Z > Task :Paintroid:bundleLibRuntimeToJarDebug
2026-10-09T15:43:57.3174968Z > Task :Paintroid:processDebugJavaRes
2026-10-09T15:43:57.8124206Z > Task :app:dexBuilderDebug
2026-10-09T15:43:58.4104263Z > Task :app:mergeDebugJavaResource
2026-10-09T15:43:58.5094609Z > Task :app:mergeProjectDexDebug
2026-10-09T15:44:05.3173567Z 
2026-10-09T15:44:05.3235847Z > Task :Paintroid:buildCMakeDebug[arm64-v8a][anpaint_heif,anpaint_jxl,etc]
2026-10-09T15:44:05.3263889Z C/C++: ninja: Entering directory `/home/runner/work/AN-Paint/AN-Paint/Paintroid/.cxx/Debug/68am3368/arm64-v8a'
2026-10-09T15:44:05.3294214Z C/C++: In file included from /home/runner/work/AN-Paint/AN-Paint/Paintroid/build/jxl-source/third_party/skcms/src/skcms_TransformBaseline.cc:47:
2026-10-09T15:44:05.3446320Z C/C++: /home/runner/work/AN-Paint/AN-Paint/Paintroid/build/jxl-source/third_party/skcms/src/Transform_inl.h:1199:1: warning: stack frame size (5872) exceeds limit (5632) in 'skcms_private::baseline::Exec_tf_rgb(skcms_private::baseline::StageList, void const**, char const*, char*, float vector[4], float vector[4], float vector[4], float vector[4], int)' [-Wframe-larger-than]
2026-10-09T15:44:05.3449523Z C/C++:  1199 | STAGE(tf_rgb, const skcms_TransferFunction* tf) {
2026-10-09T15:44:05.3450132Z C/C++:       | ^
2026-10-09T15:44:05.3451185Z C/C++: /home/runner/work/AN-Paint/AN-Paint/Paintroid/build/jxl-source/third_party/skcms/src/Transform_inl.h:818:9: note: expanded from macro 'STAGE'
2026-10-09T15:44:05.3452715Z C/C++:   818 |         DECLARE_STAGE(name, arg, [[clang::musttail]] return (*list.fn)(list, ctx, src, dst, \
2026-10-09T15:44:05.3453783Z C/C++:       |         ^
2026-10-09T15:44:05.3454907Z C/C++: /home/runner/work/AN-Paint/AN-Paint/Paintroid/build/jxl-source/third_party/skcms/src/Transform_inl.h:809:17: note: expanded from macro 'DECLARE_STAGE'
2026-10-09T15:44:05.3456376Z C/C++:   809 |         SI void Exec_##name(StageList list, const void** ctx, STAGE_PARAMS()) { \
2026-10-09T15:44:05.3457109Z C/C++:       |                 ^
2026-10-09T15:44:05.3458069Z C/C++: /home/runner/work/AN-Paint/AN-Paint/Paintroid/.cxx/Debug/68am3368/arm64-v8a/<scratch space>:113:1: note: expanded from here
2026-10-09T15:44:05.3459101Z C/C++:   113 | Exec_tf_rgb
2026-10-09T15:44:05.3459480Z C/C++:       | ^
2026-10-09T15:44:05.3460482Z C/C++: In file included from /home/runner/work/AN-Paint/AN-Paint/Paintroid/build/jxl-source/third_party/skcms/src/skcms_TransformBaseline.cc:47:
2026-10-09T15:44:05.3463880Z C/C++: /home/runner/work/AN-Paint/AN-Paint/Paintroid/build/jxl-source/third_party/skcms/src/Transform_inl.h:1210:1: warning: stack frame size (10816) exceeds limit (5632) in 'skcms_private::baseline::Exec_pq_rgb(skcms_private::baseline::StageList, void const**, char const*, char*, float vector[4], float vector[4], float vector[4], float vector[4], int)' [-Wframe-larger-than]
2026-10-09T15:44:05.3466486Z C/C++:  1210 | STAGE(pq_rgb, const skcms_TransferFunction* tf) {
2026-10-09T15:44:05.3467062Z C/C++:       | ^
2026-10-09T15:44:05.3468345Z C/C++: /home/runner/work/AN-Paint/AN-Paint/Paintroid/build/jxl-source/third_party/skcms/src/Transform_inl.h:818:9: note: expanded from macro 'STAGE'
2026-10-09T15:44:05.3469879Z C/C++:   818 |         DECLARE_STAGE(name, arg, [[clang::musttail]] return (*list.fn)(list, ctx, src, dst, \
2026-10-09T15:44:05.3470666Z C/C++:       |         ^
2026-10-09T15:44:05.3471779Z C/C++: /home/runner/work/AN-Paint/AN-Paint/Paintroid/build/jxl-source/third_party/skcms/src/Transform_inl.h:809:17: note: expanded from macro 'DECLARE_STAGE'
2026-10-09T15:44:05.3563999Z C/C++:   809 |         SI void Exec_##name(StageList list, const void** ctx, STAGE_PARAMS()) { \
2026-10-09T15:44:05.3564782Z C/C++:       |                 ^
2026-10-09T15:44:05.3565775Z C/C++: /home/runner/work/AN-Paint/AN-Paint/Paintroid/.cxx/Debug/68am3368/arm64-v8a/<scratch space>:148:1: note: expanded from here
2026-10-09T15:44:05.3566818Z C/C++:   148 | Exec_pq_rgb
2026-10-09T15:44:05.3567209Z C/C++:       | ^
2026-10-09T15:44:05.3568247Z C/C++: In file included from /home/runner/work/AN-Paint/AN-Paint/Paintroid/build/jxl-source/third_party/skcms/src/skcms_TransformBaseline.cc:47:
2026-10-09T15:44:05.3571435Z C/C++: /home/runner/work/AN-Paint/AN-Paint/Paintroid/build/jxl-source/third_party/skcms/src/Transform_inl.h:1221:1: warning: stack frame size (6976) exceeds limit (5632) in 'skcms_private::baseline::Exec_hlg_rgb(skcms_private::baseline::StageList, void const**, char const*, char*, float vector[4], float vector[4], float vector[4], float vector[4], int)' [-Wframe-larger-than]
2026-10-09T15:44:05.3574244Z C/C++:  1221 | STAGE(hlg_rgb, const skcms_TransferFunction* tf) {
2026-10-09T15:44:05.3574845Z C/C++:       | ^
2026-10-09T15:44:05.3575874Z C/C++: /home/runner/work/AN-Paint/AN-Paint/Paintroid/build/jxl-source/third_party/skcms/src/Transform_inl.h:818:9: note: expanded from macro 'STAGE'
2026-10-09T15:44:05.3577357Z C/C++:   818 |         DECLARE_STAGE(name, arg, [[clang::musttail]] return (*list.fn)(list, ctx, src, dst, \
2026-10-09T15:44:05.3578152Z C/C++:       |         ^
2026-10-09T15:44:05.3579259Z C/C++: /home/runner/work/AN-Paint/AN-Paint/Paintroid/build/jxl-source/third_party/skcms/src/Transform_inl.h:809:17: note: expanded from macro 'DECLARE_STAGE'
2026-10-09T15:44:05.3581205Z C/C++:   809 |         SI void Exec_##name(StageList list, const void** ctx, STAGE_PARAMS()) { \
2026-10-09T15:44:05.3581927Z C/C++:       |                 ^
2026-10-09T15:44:05.3583091Z C/C++: /home/runner/work/AN-Paint/AN-Paint/Paintroid/.cxx/Debug/68am3368/arm64-v8a/<scratch space>:183:1: note: expanded from here
2026-10-09T15:44:05.3584122Z C/C++:   183 | Exec_hlg_rgb
2026-10-09T15:44:05.3584511Z C/C++:       | ^
2026-10-09T15:44:05.3585500Z C/C++: In file included from /home/runner/work/AN-Paint/AN-Paint/Paintroid/build/jxl-source/third_party/skcms/src/skcms_TransformBaseline.cc:47:
2026-10-09T15:44:05.3588645Z C/C++: /home/runner/work/AN-Paint/AN-Paint/Paintroid/build/jxl-source/third_party/skcms/src/Transform_inl.h:1253:1: warning: stack frame size (6544) exceeds limit (5632) in 'skcms_private::baseline::Exec_hlginv_rgb(skcms_private::baseline::StageList, void const**, char const*, char*, float vector[4], float vector[4], float vector[4], float vector[4], int)' [-Wframe-larger-than]
2026-10-09T15:44:05.3591265Z C/C++:  1253 | STAGE(hlginv_rgb, const skcms_TransferFunction* tf) {
2026-10-09T15:44:05.3591867Z C/C++:       | ^
2026-10-09T15:44:05.3683379Z C/C++: /home/runner/work/AN-Paint/AN-Paint/Paintroid/build/jxl-source/third_party/skcms/src/Transform_inl.h:818:9: note: expanded from macro 'STAGE'
2026-10-09T15:44:05.3685197Z C/C++:   818 |         DECLARE_STAGE(name, arg, [[clang::musttail]] return (*list.fn)(list, ctx, src, dst, \
2026-10-09T15:44:05.3685981Z C/C++:       |         ^
2026-10-09T15:44:05.3687116Z C/C++: /home/runner/work/AN-Paint/AN-Paint/Paintroid/build/jxl-source/third_party/skcms/src/Transform_inl.h:809:17: note: expanded from macro 'DECLARE_STAGE'
2026-10-09T15:44:05.3688561Z C/C++:   809 |         SI void Exec_##name(StageList list, const void** ctx, STAGE_PARAMS()) { \
2026-10-09T15:44:05.3689742Z C/C++:       |                 ^
2026-10-09T15:44:05.3690739Z C/C++: /home/runner/work/AN-Paint/AN-Paint/Paintroid/.cxx/Debug/68am3368/arm64-v8a/<scratch space>:225:1: note: expanded from here
2026-10-09T15:44:05.3691764Z C/C++:   225 | Exec_hlginv_rgb
2026-10-09T15:44:05.3692147Z C/C++:       | ^
2026-10-09T15:44:05.3692498Z C/C++: 4 warnings generated.
2026-10-09T15:44:07.9104274Z C/C++: In file included from /home/runner/work/AN-Paint/AN-Paint/Paintroid/build/jxl-source/lib/jxl/compressed_dc.cc:22:
2026-10-09T15:44:07.9106053Z C/C++: In file included from /home/runner/work/AN-Paint/AN-Paint/Paintroid/build/jxl-source/third_party/highway/hwy/foreach_target.h:163:
2026-10-09T15:44:07.9215724Z C/C++: /home/runner/work/AN-Paint/AN-Paint/Paintroid/build/jxl-source/lib/jxl/compressed_dc.cc:149:22: warning: stack frame size (8048) exceeds limit (5632) in 'jxl::N_NEON::AdaptiveDCSmoothing(JxlMemoryManagerStruct*, float const*, jxl::Image3<float>*, jxl::ThreadPool*)::$_0::operator()(unsigned int, unsigned long) const' [-Wframe-larger-than]
2026-10-09T15:44:07.9234984Z C/C++:   149 |   auto process_row = [&](const uint32_t y, size_t /*thread*/) -> Status {
2026-10-09T15:44:07.9273373Z C/C++:       |                      ^
2026-10-09T15:44:07.9323929Z C/C++: In file included from /home/runner/work/AN-Paint/AN-Paint/Paintroid/build/jxl-source/lib/jxl/compressed_dc.cc:22:
2026-10-09T15:44:07.9384207Z C/C++: In file included from /home/runner/work/AN-Paint/AN-Paint/Paintroid/build/jxl-source/third_party/highway/hwy/foreach_target.h:174:
2026-10-09T15:44:07.9445242Z C/C++: /home/runner/work/AN-Paint/AN-Paint/Paintroid/build/jxl-source/lib/jxl/compressed_dc.cc:149:22: warning: stack frame size (8048) exceeds limit (5632) in 'jxl::N_NEON_BF16::AdaptiveDCSmoothing(JxlMemoryManagerStruct*, float const*, jxl::Image3<float>*, jxl::ThreadPool*)::$_0::operator()(unsigned int, unsigned long) const' [-Wframe-larger-than]
2026-10-09T15:44:07.9447770Z C/C++:   149 |   auto process_row = [&](const uint32_t y, size_t /*thread*/) -> Status {
2026-10-09T15:44:07.9513666Z C/C++:       |                      ^
2026-10-09T15:44:07.9565539Z C/C++: /home/runner/work/AN-Paint/AN-Paint/Paintroid/build/jxl-source/lib/jxl/compressed_dc.cc:149:22: warning: stack frame size (8048) exceeds limit (5632) in 'jxl::N_NEON_WITHOUT_AES::AdaptiveDCSmoothing(JxlMemoryManagerStruct*, float const*, jxl::Image3<float>*, jxl::ThreadPool*)::$_0::operator()(unsigned int, unsigned long) const' [-Wframe-larger-than]
2026-10-09T15:44:07.9593501Z C/C++:   149 |   auto process_row = [&](const uint32_t y, size_t /*thread*/) -> Status {
2026-10-09T15:44:07.9653681Z C/C++:       |                      ^
2026-10-09T15:44:07.9683449Z C/C++: 3 warnings generated.
2026-10-09T15:44:12.9137880Z C/C++: /home/runner/work/AN-Paint/AN-Paint/Paintroid/build/jxl-source/lib/jxl/modular/encoding/encoding.cc:149:8: warning: stack frame size (8096) exceeds limit (5632) in 'jxl::Status jxl::detail::DecodeModularChannelMAANS<true>(jxl::BitReader*, jxl::ANSSymbolReader*, std::__ndk1::vector<unsigned char, std::__ndk1::allocator<unsigned char>> const&, std::__ndk1::vector<jxl::PropertyDecisionNode, std::__ndk1::allocator<jxl::PropertyDecisionNode>> const&, jxl::weighted::Header const&, int, unsigned long, jxl::TreeLut<unsigned char, false, false>&, jxl::Image*, unsigned int&, unsigned int&)' [-Wframe-larger-than]
2026-10-09T15:44:12.9163835Z C/C++:   149 | Status DecodeModularChannelMAANS(BitReader *br, ANSSymbolReader *reader,
2026-10-09T15:44:12.9183462Z C/C++:       |        ^
2026-10-09T15:44:12.9247861Z C/C++: /home/runner/work/AN-Paint/AN-Paint/Paintroid/build/jxl-source/lib/jxl/modular/encoding/encoding.cc:149:8: warning: stack frame size (15728) exceeds limit (5632) in 'jxl::Status jxl::detail::DecodeModularChannelMAANS<false>(jxl::BitReader*, jxl::ANSSymbolReader*, std::__ndk1::vector<unsigned char, std::__ndk1::allocator<unsigned char>> const&, std::__ndk1::vector<jxl::PropertyDecisionNode, std::__ndk1::allocator<jxl::PropertyDecisionNode>> const&, jxl::weighted::Header const&, int, unsigned long, jxl::TreeLut<unsigned char, false, false>&, jxl::Image*, unsigned int&, unsigned int&)' [-Wframe-larger-than]
2026-10-09T15:44:12.9283655Z C/C++: 2 warnings generated.
2026-10-09T15:44:14.0124711Z C/C++: In file included from /home/runner/work/AN-Paint/AN-Paint/Paintroid/build/jxl-source/lib/jxl/modular/transform/squeeze.cc:26:
2026-10-09T15:44:14.0194256Z C/C++: In file included from /home/runner/work/AN-Paint/AN-Paint/Paintroid/build/jxl-source/third_party/highway/hwy/foreach_target.h:163:
2026-10-09T15:44:14.0216468Z C/C++: /home/runner/work/AN-Paint/AN-Paint/Paintroid/build/jxl-source/lib/jxl/modular/transform/squeeze.cc:182:31: warning: stack frame size (6384) exceeds limit (5632) in 'jxl::N_NEON::InvHSqueeze(jxl::Image&, unsigned int, unsigned int, jxl::ThreadPool*)::$_0::operator()(unsigned int, unsigned long) const' [-Wframe-larger-than]
2026-10-09T15:44:14.0233646Z C/C++:   182 |   const auto unsqueeze_span = [&](const uint32_t task,
2026-10-09T15:44:14.0273328Z C/C++:       |                               ^
2026-10-09T15:44:14.0294015Z C/C++: In file included from /home/runner/work/AN-Paint/AN-Paint/Paintroid/build/jxl-source/lib/jxl/modular/transform/squeeze.cc:26:
2026-10-09T15:44:14.0303990Z C/C++: In file included from /home/runner/work/AN-Paint/AN-Paint/Paintroid/build/jxl-source/third_party/highway/hwy/foreach_target.h:174:
2026-10-09T15:44:14.0395605Z C/C++: /home/runner/work/AN-Paint/AN-Paint/Paintroid/build/jxl-source/lib/jxl/modular/transform/squeeze.cc:182:31: warning: stack frame size (6384) exceeds limit (5632) in 'jxl::N_NEON_BF16::InvHSqueeze(jxl::Image&, unsigned int, unsigned int, jxl::ThreadPool*)::$_0::operator()(unsigned int, unsigned long) const' [-Wframe-larger-than]
2026-10-09T15:44:14.0413681Z C/C++:   182 |   const auto unsqueeze_span = [&](const uint32_t task,
2026-10-09T15:44:14.0444781Z C/C++:       |                               ^
2026-10-09T15:44:14.0485271Z C/C++: /home/runner/work/AN-Paint/AN-Paint/Paintroid/build/jxl-source/lib/jxl/modular/transform/squeeze.cc:182:31: warning: stack frame size (6384) exceeds limit (5632) in 'jxl::N_NEON_WITHOUT_AES::InvHSqueeze(jxl::Image&, unsigned int, unsigned int, jxl::ThreadPool*)::$_0::operator()(unsigned int, unsigned long) const' [-Wframe-larger-than]
2026-10-09T15:44:14.0488444Z C/C++:   182 |   const auto unsqueeze_span = [&](const uint32_t task,
2026-10-09T15:44:14.0503411Z C/C++:       |                               ^
2026-10-09T15:44:14.0513643Z C/C++: 3 warnings generated.
2026-10-09T15:44:16.1154526Z C/C++: In file included from /home/runner/work/AN-Paint/AN-Paint/Paintroid/build/jxl-source/lib/jxl/render_pipeline/stage_epf.cc:26:
2026-10-09T15:44:16.1184339Z C/C++: In file included from /home/runner/work/AN-Paint/AN-Paint/Paintroid/build/jxl-source/third_party/highway/hwy/foreach_target.h:163:
2026-10-09T15:44:16.1207345Z C/C++: /home/runner/work/AN-Paint/AN-Paint/Paintroid/build/jxl-source/lib/jxl/render_pipeline/stage_epf.cc:225:10: warning: stack frame size (5824) exceeds limit (5632) in 'jxl::N_NEON::EPF1Stage::ProcessRow(std::__ndk1::vector<std::__ndk1::vector<float*, std::__ndk1::allocator<float*>>, std::__ndk1::allocator<std::__ndk1::vector<float*, std::__ndk1::allocator<float*>>>> const&, std::__ndk1::vector<std::__ndk1::vector<float*, std::__ndk1::allocator<float*>>, std::__ndk1::allocator<std::__ndk1::vector<float*, std::__ndk1::allocator<float*>>>> const&, unsigned long, unsigned long, unsigned long, unsigned long, unsigned long, unsigned long) const' [-Wframe-larger-than]
2026-10-09T15:44:16.1264158Z C/C++:   225 |   Status ProcessRow(const RowInfo& input_rows, const RowInfo& output_rows,
2026-10-09T15:44:16.1323962Z C/C++:       |          ^
2026-10-09T15:44:16.1384436Z C/C++: In file included from /home/runner/work/AN-Paint/AN-Paint/Paintroid/build/jxl-source/lib/jxl/render_pipeline/stage_epf.cc:26:
2026-10-09T15:44:16.1386377Z C/C++: In file included from /home/runner/work/AN-Paint/AN-Paint/Paintroid/build/jxl-source/third_party/highway/hwy/foreach_target.h:174:
2026-10-09T15:44:16.1447991Z C/C++: /home/runner/work/AN-Paint/AN-Paint/Paintroid/build/jxl-source/lib/jxl/render_pipeline/stage_epf.cc:225:10: warning: stack frame size (5824) exceeds limit (5632) in 'jxl::N_NEON_BF16::EPF1Stage::ProcessRow(std::__ndk1::vector<std::__ndk1::vector<float*, std::__ndk1::allocator<float*>>, std::__ndk1::allocator<std::__ndk1::vector<float*, std::__ndk1::allocator<float*>>>> const&, std::__ndk1::vector<std::__ndk1::vector<float*, std::__ndk1::allocator<float*>>, std::__ndk1::allocator<std::__ndk1::vector<float*, std::__ndk1::allocator<float*>>>> const&, unsigned long, unsigned long, unsigned long, unsigned long, unsigned long, unsigned long) const' [-Wframe-larger-than]
2026-10-09T15:44:16.1483732Z C/C++:   225 |   Status ProcessRow(const RowInfo& input_rows, const RowInfo& output_rows,
2026-10-09T15:44:16.1533551Z C/C++:       |          ^
2026-10-09T15:44:16.1597370Z C/C++: /home/runner/work/AN-Paint/AN-Paint/Paintroid/build/jxl-source/lib/jxl/render_pipeline/stage_epf.cc:225:10: warning: stack frame size (5824) exceeds limit (5632) in 'jxl::N_NEON_WITHOUT_AES::EPF1Stage::ProcessRow(std::__ndk1::vector<std::__ndk1::vector<float*, std::__ndk1::allocator<float*>>, std::__ndk1::allocator<std::__ndk1::vector<float*, std::__ndk1::allocator<float*>>>> const&, std::__ndk1::vector<std::__ndk1::vector<float*, std::__ndk1::allocator<float*>>, std::__ndk1::allocator<std::__ndk1::vector<float*, std::__ndk1::allocator<float*>>>> const&, unsigned long, unsigned long, unsigned long, unsigned long, unsigned long, unsigned long) const' [-Wframe-larger-than]
2026-10-09T15:44:16.1623740Z C/C++:   225 |   Status ProcessRow(const RowInfo& input_rows, const RowInfo& output_rows,
2026-10-09T15:44:16.1683892Z C/C++:       |          ^
2026-10-09T15:44:16.1713398Z C/C++: 3 warnings generated.
2026-10-09T15:44:21.2174758Z C/C++: In file included from /home/runner/work/AN-Paint/AN-Paint/Paintroid/build/jxl-source/lib/jxl/enc_convolve_separable5.cc:19:
2026-10-09T15:44:21.2204350Z C/C++: In file included from /home/runner/work/AN-Paint/AN-Paint/Paintroid/build/jxl-source/third_party/highway/hwy/foreach_target.h:163:
2026-10-09T15:44:21.2214954Z C/C++: /home/runner/work/AN-Paint/AN-Paint/Paintroid/build/jxl-source/lib/jxl/enc_convolve_separable5.cc:111:21: warning: stack frame size (10144) exceeds limit (5632) in 'void jxl::N_NEON::Separable5Impl::ConvolveRow<0ul, true>(unsigned int)' [-Wframe-larger-than]
2026-10-09T15:44:21.2243574Z C/C++:   111 |   JXL_NOINLINE void ConvolveRow(const uint32_t y) {
2026-10-09T15:44:21.2273527Z C/C++:       |                     ^
2026-10-09T15:44:21.2294774Z C/C++: /home/runner/work/AN-Paint/AN-Paint/Paintroid/build/jxl-source/lib/jxl/enc_convolve_separable5.cc:111:21: warning: stack frame size (9856) exceeds limit (5632) in 'void jxl::N_NEON::Separable5Impl::ConvolveRow<0ul, false>(unsigned int)' [-Wframe-larger-than]
2026-10-09T15:44:21.2304972Z C/C++: /home/runner/work/AN-Paint/AN-Paint/Paintroid/build/jxl-source/lib/jxl/enc_convolve_separable5.cc:111:21: warning: stack frame size (10080) exceeds limit (5632) in 'void jxl::N_NEON::Separable5Impl::ConvolveRow<1ul, true>(unsigned int)' [-Wframe-larger-than]
2026-10-09T15:44:21.2334847Z C/C++: /home/runner/work/AN-Paint/AN-Paint/Paintroid/build/jxl-source/lib/jxl/enc_convolve_separable5.cc:111:21: warning: stack frame size (9792) exceeds limit (5632) in 'void jxl::N_NEON::Separable5Impl::ConvolveRow<1ul, false>(unsigned int)' [-Wframe-larger-than]
2026-10-09T15:44:21.2364779Z C/C++: /home/runner/work/AN-Paint/AN-Paint/Paintroid/build/jxl-source/lib/jxl/enc_convolve_separable5.cc:111:21: warning: stack frame size (6624) exceeds limit (5632) in 'void jxl::N_NEON::Separable5Impl::ConvolveRow<2ul, true>(unsigned int)' [-Wframe-larger-than]
2026-10-09T15:44:21.2374854Z C/C++: /home/runner/work/AN-Paint/AN-Paint/Paintroid/build/jxl-source/lib/jxl/enc_convolve_separable5.cc:111:21: warning: stack frame size (6336) exceeds limit (5632) in 'void jxl::N_NEON::Separable5Impl::ConvolveRow<2ul, false>(unsigned int)' [-Wframe-larger-than]
2026-10-09T15:44:21.2395243Z C/C++: /home/runner/work/AN-Paint/AN-Paint/Paintroid/build/jxl-source/lib/jxl/enc_convolve_separable5.cc:111:21: warning: stack frame size (6624) exceeds limit (5632) in 'void jxl::N_NEON::Separable5Impl::ConvolveRow<3ul, true>(unsigned int)' [-Wframe-larger-than]
2026-10-09T15:44:21.2424756Z C/C++: /home/runner/work/AN-Paint/AN-Paint/Paintroid/build/jxl-source/lib/jxl/enc_convolve_separable5.cc:111:21: warning: stack frame size (6336) exceeds limit (5632) in 'void jxl::N_NEON::Separable5Impl::ConvolveRow<3ul, false>(unsigned int)' [-Wframe-larger-than]
2026-10-09T15:44:21.2454025Z C/C++: In file included from /home/runner/work/AN-Paint/AN-Paint/Paintroid/build/jxl-source/lib/jxl/enc_convolve_separable5.cc:19:
2026-10-09T15:44:21.2484080Z C/C++: In file included from /home/runner/work/AN-Paint/AN-Paint/Paintroid/build/jxl-source/third_party/highway/hwy/foreach_target.h:174:
2026-10-09T15:44:21.2494948Z C/C++: /home/runner/work/AN-Paint/AN-Paint/Paintroid/build/jxl-source/lib/jxl/enc_convolve_separable5.cc:111:21: warning: stack frame size (10144) exceeds limit (5632) in 'void jxl::N_NEON_BF16::Separable5Impl::ConvolveRow<0ul, true>(unsigned int)' [-Wframe-larger-than]
2026-10-09T15:44:21.2555988Z C/C++:   111 |   JXL_NOINLINE void ConvolveRow(const uint32_t y) {
2026-10-09T15:44:21.2556632Z C/C++:       |                     ^
2026-10-09T15:44:21.2558406Z C/C++: /home/runner/work/AN-Paint/AN-Paint/Paintroid/build/jxl-source/lib/jxl/enc_convolve_separable5.cc:111:21: warning: stack frame size (9856) exceeds limit (5632) in 'void jxl::N_NEON_BF16::Separable5Impl::ConvolveRow<0ul, false>(unsigned int)' [-Wframe-larger-than]
2026-10-09T15:44:21.2561564Z C/C++: /home/runner/work/AN-Paint/AN-Paint/Paintroid/build/jxl-source/lib/jxl/enc_convolve_separable5.cc:111:21: warning: stack frame size (10080) exceeds limit (5632) in 'void jxl::N_NEON_BF16::Separable5Impl::ConvolveRow<1ul, true>(unsigned int)' [-Wframe-larger-than]
2026-10-09T15:44:21.2565123Z C/C++: /home/runner/work/AN-Paint/AN-Paint/Paintroid/build/jxl-source/lib/jxl/enc_convolve_separable5.cc:111:21: warning: stack frame size (9792) exceeds limit (5632) in 'void jxl::N_NEON_BF16::Separable5Impl::ConvolveRow<1ul, false>(unsigned int)' [-Wframe-larger-than]
2026-10-09T15:44:21.2568839Z C/C++: /home/runner/work/AN-Paint/AN-Paint/Paintroid/build/jxl-source/lib/jxl/enc_convolve_separable5.cc:111:21: warning: stack frame size (6608) exceeds limit (5632) in 'void jxl::N_NEON_BF16::Separable5Impl::ConvolveRow<2ul, true>(unsigned int)' [-Wframe-larger-than]
2026-10-09T15:44:21.2572070Z C/C++: /home/runner/work/AN-Paint/AN-Paint/Paintroid/build/jxl-source/lib/jxl/enc_convolve_separable5.cc:111:21: warning: stack frame size (6320) exceeds limit (5632) in 'void jxl::N_NEON_BF16::Separable5Impl::ConvolveRow<2ul, false>(unsigned int)' [-Wframe-larger-than]
2026-10-09T15:44:21.2575391Z C/C++: /home/runner/work/AN-Paint/AN-Paint/Paintroid/build/jxl-source/lib/jxl/enc_convolve_separable5.cc:111:21: warning: stack frame size (6608) exceeds limit (5632) in 'void jxl::N_NEON_BF16::Separable5Impl::ConvolveRow<3ul, true>(unsigned int)' [-Wframe-larger-than]
2026-10-09T15:44:21.2578434Z C/C++: /home/runner/work/AN-Paint/AN-Paint/Paintroid/build/jxl-source/lib/jxl/enc_convolve_separable5.cc:111:21: warning: stack frame size (6320) exceeds limit (5632) in 'void jxl::N_NEON_BF16::Separable5Impl::ConvolveRow<3ul, false>(unsigned int)' [-Wframe-larger-than]
2026-10-09T15:44:21.2581492Z C/C++: /home/runner/work/AN-Paint/AN-Paint/Paintroid/build/jxl-source/lib/jxl/enc_convolve_separable5.cc:111:21: warning: stack frame size (10144) exceeds limit (5632) in 'void jxl::N_NEON_WITHOUT_AES::Separable5Impl::ConvolveRow<0ul, true>(unsigned int)' [-Wframe-larger-than]
2026-10-09T15:44:21.2644027Z C/C++:   111 |   JXL_NOINLINE void ConvolveRow(const uint32_t y) {
2026-10-09T15:44:21.2644657Z C/C++:       |                     ^
2026-10-09T15:44:21.2647181Z C/C++: /home/runner/work/AN-Paint/AN-Paint/Paintroid/build/jxl-source/lib/jxl/enc_convolve_separable5.cc:111:21: warning: stack frame size (9856) exceeds limit (5632) in 'void jxl::N_NEON_WITHOUT_AES::Separable5Impl::ConvolveRow<0ul, false>(unsigned int)' [-Wframe-larger-than]
2026-10-09T15:44:21.2650706Z C/C++: /home/runner/work/AN-Paint/AN-Paint/Paintroid/build/jxl-source/lib/jxl/enc_convolve_separable5.cc:111:21: warning: stack frame size (10080) exceeds limit (5632) in 'void jxl::N_NEON_WITHOUT_AES::Separable5Impl::ConvolveRow<1ul, true>(unsigned int)' [-Wframe-larger-than]
2026-10-09T15:44:21.2654274Z C/C++: /home/runner/work/AN-Paint/AN-Paint/Paintroid/build/jxl-source/lib/jxl/enc_convolve_separable5.cc:111:21: warning: stack frame size (9792) exceeds limit (5632) in 'void jxl::N_NEON_WITHOUT_AES::Separable5Impl::ConvolveRow<1ul, false>(unsigned int)' [-Wframe-larger-than]
2026-10-09T15:44:21.2657551Z C/C++: /home/runner/work/AN-Paint/AN-Paint/Paintroid/build/jxl-source/lib/jxl/enc_convolve_separable5.cc:111:21: warning: stack frame size (6608) exceeds limit (5632) in 'void jxl::N_NEON_WITHOUT_AES::Separable5Impl::ConvolveRow<2ul, true>(unsigned int)' [-Wframe-larger-than]
2026-10-09T15:44:21.2660916Z C/C++: /home/runner/work/AN-Paint/AN-Paint/Paintroid/build/jxl-source/lib/jxl/enc_convolve_separable5.cc:111:21: warning: stack frame size (6320) exceeds limit (5632) in 'void jxl::N_NEON_WITHOUT_AES::Separable5Impl::ConvolveRow<2ul, false>(unsigned int)' [-Wframe-larger-than]
2026-10-09T15:44:21.2664469Z C/C++: /home/runner/work/AN-Paint/AN-Paint/Paintroid/build/jxl-source/lib/jxl/enc_convolve_separable5.cc:111:21: warning: stack frame size (6608) exceeds limit (5632) in 'void jxl::N_NEON_WITHOUT_AES::Separable5Impl::ConvolveRow<3ul, true>(unsigned int)' [-Wframe-larger-than]
2026-10-09T15:44:21.2667740Z C/C++: /home/runner/work/AN-Paint/AN-Paint/Paintroid/build/jxl-source/lib/jxl/enc_convolve_separable5.cc:111:21: warning: stack frame size (6320) exceeds limit (5632) in 'void jxl::N_NEON_WITHOUT_AES::Separable5Impl::ConvolveRow<3ul, false>(unsigned int)' [-Wframe-larger-than]
2026-10-09T15:44:21.2669616Z C/C++: 24 warnings generated.
2026-10-09T15:44:47.1094344Z 
2026-10-09T15:44:47.1114313Z > Task :app:mergeDebugGlobalSynthetics
2026-10-09T15:44:47.5094758Z > Task :app:mergeLibDexDebug
2026-10-09T15:44:50.4093883Z 
2026-10-09T15:44:50.4094882Z > Task :Paintroid:configureCMakeDebug[armeabi-v7a]
2026-10-09T15:44:50.4095744Z C/C++: -- Compiler is not EMSCRIPTEN
2026-10-09T15:44:56.2093890Z C/C++: --- aom_configure: Detected CPU: generic
2026-10-09T15:44:56.2094641Z C/C++: Running C compiler test: pie_check
2026-10-09T15:44:56.6094244Z C/C++: CONFIG_PIC enabled for position independent executable (PIE) build
2026-10-09T15:44:56.6095216Z C/C++: Running C compiler test: unistd_check
2026-10-09T15:44:56.8093727Z C/C++: Running CXX compiler test: unistd_check
2026-10-09T15:44:57.1093561Z C/C++: Running C compiler test: fenv_check
2026-10-09T15:44:57.2094153Z C/C++: Checking C compiler flag support for: -std=c11
2026-10-09T15:44:57.3094262Z C/C++: Checking C++ compiler flag support for: -std=c++17
2026-10-09T15:44:57.4093770Z C/C++: Checking C compiler flag support for: -Wall
2026-10-09T15:44:57.6093972Z C/C++: Checking C++ compiler flag support for: -Wall
2026-10-09T15:44:57.7094068Z C/C++: Checking C compiler flag support for: -Wdisabled-optimization
2026-10-09T15:44:57.8094338Z C/C++: Checking C++ compiler flag support for: -Wdisabled-optimization
2026-10-09T15:44:57.9094158Z C/C++: Checking C compiler flag support for: -Wextra
2026-10-09T15:44:58.0094156Z C/C++: Checking C++ compiler flag support for: -Wextra
2026-10-09T15:44:58.1093729Z C/C++: Checking C compiler flag support for: -Wextra-semi
2026-10-09T15:44:58.2095596Z C/C++: Checking C++ compiler flag support for: -Wextra-semi
2026-10-09T15:44:58.4094274Z C/C++: Checking C compiler flag support for: -Wextra-semi-stmt
2026-10-09T15:44:58.5094245Z C/C++: Checking C++ compiler flag support for: -Wextra-semi-stmt
2026-10-09T15:44:58.6093918Z C/C++: Checking C compiler flag support for: -Wfloat-conversion
2026-10-09T15:44:58.7094193Z C/C++: Checking C++ compiler flag support for: -Wfloat-conversion
2026-10-09T15:44:58.8094303Z C/C++: Checking C compiler flag support for: -Wformat=2
2026-10-09T15:44:59.0093890Z C/C++: Checking C++ compiler flag support for: -Wformat=2
2026-10-09T15:44:59.1093982Z C/C++: Checking C compiler flag support for: -Wimplicit-function-declaration
2026-10-09T15:44:59.2094543Z C/C++: Checking C compiler flag support for: -Wlogical-op
2026-10-09T15:44:59.3094920Z C/C++: Checking C++ compiler flag support for: -Wlogical-op
2026-10-09T15:44:59.4094909Z C/C++: Checking C compiler flag support for: -Wmissing-declarations
2026-10-09T15:44:59.5093966Z C/C++: Checking C++ compiler flag support for: -Wmissing-declarations
2026-10-09T15:44:59.7094340Z C/C++: Checking C compiler flag support for: -Wmissing-prototypes
2026-10-09T15:44:59.8094739Z C/C++: Checking C++ compiler flag support for: -Wmissing-prototypes
2026-10-09T15:44:59.9094264Z C/C++: Checking C compiler flag support for: -Wpointer-arith
2026-10-09T15:45:00.0094008Z C/C++: Checking C++ compiler flag support for: -Wpointer-arith
2026-10-09T15:45:00.2094179Z C/C++: Checking C compiler flag support for: -Wshadow
2026-10-09T15:45:00.3094052Z C/C++: Checking C++ compiler flag support for: -Wshadow
2026-10-09T15:45:00.4094408Z C/C++: Checking C compiler flag support for: -Wshorten-64-to-32
2026-10-09T15:45:00.5093736Z C/C++: Checking C++ compiler flag support for: -Wshorten-64-to-32
2026-10-09T15:45:00.6093748Z C/C++: Checking C compiler flag support for: -Wsign-compare
2026-10-09T15:45:00.7093727Z C/C++: Checking C++ compiler flag support for: -Wsign-compare
2026-10-09T15:45:00.9094132Z C/C++: Checking C compiler flag support for: -Wstring-conversion
2026-10-09T15:45:01.0094064Z C/C++: Checking C++ compiler flag support for: -Wstring-conversion
2026-10-09T15:45:01.1093769Z C/C++: Checking C compiler flag support for: -Wtype-limits
2026-10-09T15:45:01.2093956Z C/C++: Checking C++ compiler flag support for: -Wtype-limits
2026-10-09T15:45:01.3094491Z C/C++: Checking C compiler flag support for: -Wundef
2026-10-09T15:45:01.4093802Z C/C++: Checking C++ compiler flag support for: -Wundef
2026-10-09T15:45:01.6093754Z C/C++: Checking C compiler flag support for: -Wuninitialized
2026-10-09T15:45:01.7093778Z C/C++: Checking C++ compiler flag support for: -Wuninitialized
2026-10-09T15:45:01.8094163Z C/C++: Checking C compiler flag support for: -Wunreachable-code-aggressive
2026-10-09T15:45:01.9094160Z C/C++: Checking C++ compiler flag support for: -Wunreachable-code-aggressive
2026-10-09T15:45:02.0094092Z C/C++: Checking C compiler flag support for: -Wunused
2026-10-09T15:45:02.1093495Z C/C++: Checking C++ compiler flag support for: -Wunused
2026-10-09T15:45:02.3093874Z C/C++: Checking C compiler flag support for: -Wvla
2026-10-09T15:45:02.4093805Z C/C++: Checking C++ compiler flag support for: -Wvla
2026-10-09T15:45:02.5093649Z C/C++: Checking C compiler flag support for: -Wc23-extensions
2026-10-09T15:45:02.6093822Z C/C++: Checking C++ compiler flag support for: -Wc++20-extensions
2026-10-09T15:45:02.7094074Z C/C++: Checking C++ compiler flag support for: -Wc++23-extensions
2026-10-09T15:45:02.8094243Z C/C++: Checking C compiler flag support for: -Wstack-usage=100000
2026-10-09T15:45:03.0094391Z C/C++: Checking C++ compiler flag support for: -Wstack-usage=240000
2026-10-09T15:45:03.1093954Z C/C++: Checking C compiler flag support for: -D_LARGEFILE_SOURCE
2026-10-09T15:45:03.2094034Z C/C++: Checking C++ compiler flag support for: -D_LARGEFILE_SOURCE
2026-10-09T15:45:03.3094012Z C/C++: Checking C compiler flag support for: -D_FILE_OFFSET_BITS=64
2026-10-09T15:45:03.4094026Z C/C++: Checking C++ compiler flag support for: -D_FILE_OFFSET_BITS=64
2026-10-09T15:45:03.5093820Z C/C++: Checking C compiler flag support for: -flax-vector-conversions=none
2026-10-09T15:45:03.7094169Z C/C++: Checking C++ compiler flag support for: -flax-vector-conversions=none
2026-10-09T15:45:04.4094363Z C/C++: === Summary of compiled codecs ===
2026-10-09T15:45:04.4095313Z C/C++: libde265 HEVC decoder                 : + built-in
2026-10-09T15:45:04.4096144Z C/C++: FFMPEG HEVC decoder (HW acc)          : - disabled
2026-10-09T15:45:04.4097370Z C/C++: WebCodecs HEVC decoder (experimental) : - disabled
2026-10-09T15:45:04.4098331Z C/C++: x265 HEVC encoder                     : - disabled
2026-10-09T15:45:04.4099148Z C/C++: Kvazaar HEVC encoder                  : + built-in
2026-10-09T15:45:04.4099927Z C/C++: AOM AV1 decoder                       : + built-in
2026-10-09T15:45:04.4100647Z C/C++: AOM AV1 encoder                       : + built-in
2026-10-09T15:45:04.4101387Z C/C++: Dav1d AV1 decoder                     : - disabled
2026-10-09T15:45:04.4102191Z C/C++: SVT AV1 encoder                       : - disabled
2026-10-09T15:45:04.4103284Z C/C++: Rav1e AV1 encoder                     : - disabled
2026-10-09T15:45:04.4104150Z C/C++: JPEG decoder                          : - disabled
2026-10-09T15:45:04.4104994Z C/C++: JPEG encoder                          : - disabled
2026-10-09T15:45:04.4105847Z C/C++: x264 AVC encoder                      : - disabled
2026-10-09T15:45:04.4106703Z C/C++: OpenH264 decoder                      : - disabled
2026-10-09T15:45:04.4107513Z C/C++: OpenJPEG J2K decoder                  : - disabled
2026-10-09T15:45:04.4108325Z C/C++: OpenJPEG J2K encoder                  : - disabled
2026-10-09T15:45:04.4109217Z C/C++: OpenJPH HT-J2K encoder                : - disabled
2026-10-09T15:45:04.4110029Z C/C++: uvg266 VVC encoder                    : - disabled
2026-10-09T15:45:04.4110848Z C/C++: vvenc VVC encoder                     : - disabled
2026-10-09T15:45:04.4111623Z C/C++: vvdec VVC decoder                     : - disabled
2026-10-09T15:45:04.4112350Z C/C++: === Supported formats ===
2026-10-09T15:45:04.4113614Z C/C++: format        decoding   encoding
2026-10-09T15:45:04.4114448Z C/C++: AVC             NO         NO 
2026-10-09T15:45:04.4115095Z C/C++: AVIF            YES        YES
2026-10-09T15:45:04.4115736Z C/C++: HEIC            YES        YES
2026-10-09T15:45:04.4116401Z C/C++: JPEG            NO         NO 
2026-10-09T15:45:04.4117021Z C/C++: JPEG2000        NO         NO 
2026-10-09T15:45:04.4117678Z C/C++: JPEG2000-HT     NO         NO 
2026-10-09T15:45:04.4118355Z C/C++: Uncompressed    NO         NO 
2026-10-09T15:45:04.4119443Z C/C++: VVC             NO         NO 
2026-10-09T15:45:04.4119878Z C/C++: libsharpyuv: disabled
2026-10-09T15:45:04.5094126Z C/C++: === Active input formats for heif-enc ===
2026-10-09T15:45:04.5094979Z C/C++: JPEG: ------ (libjpeg not found)
2026-10-09T15:45:04.5096272Z C/C++: PNG:  ------ (libpng not found)
2026-10-09T15:45:04.5096974Z C/C++: WEBP:  ------ (libwebp not found)
2026-10-09T15:45:04.5097616Z C/C++: TIFF: ------ (libtiff not found)
2026-10-09T15:45:04.5098387Z C/C++: Not compiling 'x265' backend
2026-10-09T15:45:04.5099165Z C/C++: Compiling 'libde265' as built-in backend
2026-10-09T15:45:04.5099981Z C/C++: Not compiling 'dav1d' backend
2026-10-09T15:45:04.5100679Z C/C++: Compiling 'aomdec' as built-in backend
2026-10-09T15:45:04.5101448Z C/C++: Compiling 'aomenc' as built-in backend
2026-10-09T15:45:04.5102117Z C/C++: Not compiling 'svtenc' backend
2026-10-09T15:45:04.5102796Z C/C++: Not compiling 'rav1e' backend
2026-10-09T15:45:04.5103788Z C/C++: Not compiling 'jpegdec' backend
2026-10-09T15:45:04.5104524Z C/C++: Not compiling 'jpegenc' backend
2026-10-09T15:45:04.5105251Z C/C++: Not compiling 'j2kdec' backend
2026-10-09T15:45:04.5105937Z C/C++: Not compiling 'j2kenc' backend
2026-10-09T15:45:04.5106554Z C/C++: Compiling 'kvazaar' as built-in backend
2026-10-09T15:45:04.5107336Z C/C++: Not compiling 'ffmpegdec' backend
2026-10-09T15:45:04.5107994Z C/C++: Not compiling 'jphenc' backend
2026-10-09T15:45:04.5108441Z C/C++: Not compiling 'uvg266' backend
2026-10-09T15:45:04.5108796Z C/C++: Not compiling 'vvdec' backend
2026-10-09T15:45:04.5109143Z C/C++: Not compiling 'vvenc' backend
2026-10-09T15:45:04.5109491Z C/C++: Not compiling 'x264' backend
2026-10-09T15:45:04.5109854Z C/C++: Not compiling 'openh264dec' backend
2026-10-09T15:45:04.5110236Z C/C++: Not compiling 'libsharpyuv'
2026-10-09T15:45:11.9095761Z 
2026-10-09T15:45:11.9134464Z > Task :Paintroid:buildCMakeDebug[armeabi-v7a][anpaint_heif,anpaint_jxl,etc]
2026-10-09T15:45:11.9163913Z C/C++: ninja: Entering directory `/home/runner/work/AN-Paint/AN-Paint/Paintroid/.cxx/Debug/68am3368/armeabi-v7a'
2026-10-09T15:45:11.9165820Z C/C++: In file included from /home/runner/work/AN-Paint/AN-Paint/Paintroid/build/jxl-source/third_party/skcms/src/skcms_TransformBaseline.cc:47:
2026-10-09T15:45:11.9194964Z C/C++: /home/runner/work/AN-Paint/AN-Paint/Paintroid/build/jxl-source/third_party/skcms/src/Transform_inl.h:1550:17: warning: stack frame size (120704) exceeds limit (5632) in 'skcms_private::baseline::exec_stages(skcms_private::Op const*, void const**, char const*, char*, int)' [-Wframe-larger-than]
2026-10-09T15:45:11.9223689Z C/C++:  1550 |     static void exec_stages(const Op* ops, const void** contexts,
2026-10-09T15:45:11.9228104Z C/C++:       |                 ^
2026-10-09T15:45:11.9228742Z C/C++: 1 warning generated.
2026-10-09T15:45:12.6125889Z C/C++: /home/runner/work/AN-Paint/AN-Paint/Paintroid/build/jxl-source/lib/jxl/compressed_dc.cc:149:22: warning: stack frame size (10224) exceeds limit (5632) in 'jxl::N_EMU128::AdaptiveDCSmoothing(JxlMemoryManagerStruct*, float const*, jxl::Image3<float>*, jxl::ThreadPool*)::$_0::operator()(unsigned int, unsigned int) const' [-Wframe-larger-than]
2026-10-09T15:45:12.6165084Z C/C++:   149 |   auto process_row = [&](const uint32_t y, size_t /*thread*/) -> Status {
2026-10-09T15:45:12.6243364Z C/C++:       |                      ^
2026-10-09T15:45:12.6265356Z C/C++: 1 warning generated.
2026-10-09T15:45:13.3096190Z C/C++: In file included from /home/runner/work/AN-Paint/AN-Paint/Paintroid/build/jxl-source/lib/jxl/dec_external_image.cc:29:
2026-10-09T15:45:13.3174656Z C/C++: In file included from /home/runner/work/AN-Paint/AN-Paint/Paintroid/build/jxl-source/third_party/highway/hwy/highway.h:605:
2026-10-09T15:45:13.3216044Z C/C++: /home/runner/work/AN-Paint/AN-Paint/Paintroid/build/jxl-source/third_party/highway/hwy/ops/generic_ops-inl.h:2807:19: warning: stack frame size (7936) exceeds limit (5632) in 'decltype(Zero((hwy::N_EMU128::Simd<hwy::float16_t, 8u, -1>)())) hwy::N_EMU128::DemoteTo<hwy::N_EMU128::Simd<hwy::float16_t, 8u, -1>, (void*)0>(hwy::N_EMU128::Simd<hwy::float16_t, 8u, -1>, decltype(Zero((hwy::N_EMU128::Simd<hwy::float16_t, 8u, -1>::Rebind<float>)())))' [-Wframe-larger-than]
2026-10-09T15:45:13.3323792Z C/C++:  2807 | HWY_API VFromD<D> DemoteTo(D df16, VFromD<Rebind<float, D>> v) {
2026-10-09T15:45:13.3386929Z C/C++:       |                   ^
2026-10-09T15:45:13.3387641Z C/C++: 1 warning generated.
2026-10-09T15:45:16.1117453Z C/C++: /home/runner/work/AN-Paint/AN-Paint/Paintroid/build/jxl-source/lib/jxl/modular/encoding/encoding.cc:149:8: warning: stack frame size (10016) exceeds limit (5632) in 'jxl::Status jxl::detail::DecodeModularChannelMAANS<false>(jxl::BitReader*, jxl::ANSSymbolReader*, std::__ndk1::vector<unsigned char, std::__ndk1::allocator<unsigned char>> const&, std::__ndk1::vector<jxl::PropertyDecisionNode, std::__ndk1::allocator<jxl::PropertyDecisionNode>> const&, jxl::weighted::Header const&, int, unsigned int, jxl::TreeLut<unsigned char, false, false>&, jxl::Image*, unsigned int&, unsigned int&)' [-Wframe-larger-than]
2026-10-09T15:45:16.1123918Z C/C++:   149 | Status DecodeModularChannelMAANS(BitReader *br, ANSSymbolReader *reader,
2026-10-09T15:45:16.1133397Z C/C++:       |        ^
2026-10-09T15:45:16.1183541Z C/C++: 1 warning generated.
2026-10-09T15:45:16.4135799Z C/C++: /home/runner/work/AN-Paint/AN-Paint/Paintroid/build/jxl-source/lib/jxl/modular/transform/squeeze.cc:182:31: warning: stack frame size (6208) exceeds limit (5632) in 'jxl::N_EMU128::InvHSqueeze(jxl::Image&, unsigned int, unsigned int, jxl::ThreadPool*)::$_0::operator()(unsigned int, unsigned int) const' [-Wframe-larger-than]
2026-10-09T15:45:16.4138421Z C/C++:   182 |   const auto unsqueeze_span = [&](const uint32_t task,
2026-10-09T15:45:16.4163375Z C/C++:       |                               ^
2026-10-09T15:45:16.4163899Z C/C++: 1 warning generated.
2026-10-09T15:45:18.3148030Z C/C++: /home/runner/work/AN-Paint/AN-Paint/Paintroid/build/jxl-source/lib/jxl/render_pipeline/stage_epf.cc:225:10: warning: stack frame size (5664) exceeds limit (5632) in 'jxl::N_EMU128::EPF1Stage::ProcessRow(std::__ndk1::vector<std::__ndk1::vector<float*, std::__ndk1::allocator<float*>>, std::__ndk1::allocator<std::__ndk1::vector<float*, std::__ndk1::allocator<float*>>>> const&, std::__ndk1::vector<std::__ndk1::vector<float*, std::__ndk1::allocator<float*>>, std::__ndk1::allocator<std::__ndk1::vector<float*, std::__ndk1::allocator<float*>>>> const&, unsigned int, unsigned int, unsigned int, unsigned int, unsigned int, unsigned int) const' [-Wframe-larger-than]
2026-10-09T15:45:18.3183706Z C/C++:   225 |   Status ProcessRow(const RowInfo& input_rows, const RowInfo& output_rows,
2026-10-09T15:45:18.3213500Z C/C++:       |          ^
2026-10-09T15:45:18.3243360Z C/C++: 1 warning generated.
2026-10-09T15:45:19.3134663Z C/C++: In file included from /home/runner/work/AN-Paint/AN-Paint/Paintroid/build/jxl-source/lib/jxl/render_pipeline/stage_write.cc:38:
2026-10-09T15:45:19.3193891Z C/C++: In file included from /home/runner/work/AN-Paint/AN-Paint/Paintroid/build/jxl-source/third_party/highway/hwy/highway.h:605:
2026-10-09T15:45:19.3255908Z C/C++: /home/runner/work/AN-Paint/AN-Paint/Paintroid/build/jxl-source/third_party/highway/hwy/ops/generic_ops-inl.h:2807:19: warning: stack frame size (7944) exceeds limit (5632) in 'decltype(Zero((hwy::N_EMU128::Simd<hwy::float16_t, 8u, -1>)())) hwy::N_EMU128::DemoteTo<hwy::N_EMU128::Simd<hwy::float16_t, 8u, -1>, (void*)0>(hwy::N_EMU128::Simd<hwy::float16_t, 8u, -1>, decltype(Zero((hwy::N_EMU128::Simd<hwy::float16_t, 8u, -1>::Rebind<float>)())))' [-Wframe-larger-than]
2026-10-09T15:45:19.3283792Z C/C++:  2807 | HWY_API VFromD<D> DemoteTo(D df16, VFromD<Rebind<float, D>> v) {
2026-10-09T15:45:19.3343311Z C/C++:       |                   ^
2026-10-09T15:45:19.3410165Z C/C++: 1 warning generated.
2026-10-09T15:45:21.6115447Z C/C++: /home/runner/work/AN-Paint/AN-Paint/Paintroid/build/jxl-source/lib/jxl/enc_convolve_separable5.cc:111:21: warning: stack frame size (10504) exceeds limit (5632) in 'void jxl::N_EMU128::Separable5Impl::ConvolveRow<0u, true>(unsigned int)' [-Wframe-larger-than]
2026-10-09T15:45:21.6143571Z C/C++:   111 |   JXL_NOINLINE void ConvolveRow(const uint32_t y) {
2026-10-09T15:45:21.6193704Z C/C++:       |                     ^
2026-10-09T15:45:21.6204994Z C/C++: /home/runner/work/AN-Paint/AN-Paint/Paintroid/build/jxl-source/lib/jxl/enc_convolve_separable5.cc:111:21: warning: stack frame size (10360) exceeds limit (5632) in 'void jxl::N_EMU128::Separable5Impl::ConvolveRow<0u, false>(unsigned int)' [-Wframe-larger-than]
2026-10-09T15:45:21.6234727Z C/C++: /home/runner/work/AN-Paint/AN-Paint/Paintroid/build/jxl-source/lib/jxl/enc_convolve_separable5.cc:111:21: warning: stack frame size (10400) exceeds limit (5632) in 'void jxl::N_EMU128::Separable5Impl::ConvolveRow<1u, true>(unsigned int)' [-Wframe-larger-than]
2026-10-09T15:45:21.6264854Z C/C++: /home/runner/work/AN-Paint/AN-Paint/Paintroid/build/jxl-source/lib/jxl/enc_convolve_separable5.cc:111:21: warning: stack frame size (10256) exceeds limit (5632) in 'void jxl::N_EMU128::Separable5Impl::ConvolveRow<1u, false>(unsigned int)' [-Wframe-larger-than]
2026-10-09T15:45:21.6294773Z C/C++: /home/runner/work/AN-Paint/AN-Paint/Paintroid/build/jxl-source/lib/jxl/enc_convolve_separable5.cc:111:21: warning: stack frame size (6528) exceeds limit (5632) in 'void jxl::N_EMU128::Separable5Impl::ConvolveRow<2u, true>(unsigned int)' [-Wframe-larger-than]
2026-10-09T15:45:21.6298009Z C/C++: /home/runner/work/AN-Paint/AN-Paint/Paintroid/build/jxl-source/lib/jxl/enc_convolve_separable5.cc:111:21: warning: stack frame size (6384) exceeds limit (5632) in 'void jxl::N_EMU128::Separable5Impl::ConvolveRow<2u, false>(unsigned int)' [-Wframe-larger-than]
2026-10-09T15:45:21.6301696Z C/C++: /home/runner/work/AN-Paint/AN-Paint/Paintroid/build/jxl-source/lib/jxl/enc_convolve_separable5.cc:111:21: warning: stack frame size (6528) exceeds limit (5632) in 'void jxl::N_EMU128::Separable5Impl::ConvolveRow<3u, true>(unsigned int)' [-Wframe-larger-than]
2026-10-09T15:45:21.6305334Z C/C++: /home/runner/work/AN-Paint/AN-Paint/Paintroid/build/jxl-source/lib/jxl/enc_convolve_separable5.cc:111:21: warning: stack frame size (6384) exceeds limit (5632) in 'void jxl::N_EMU128::Separable5Impl::ConvolveRow<3u, false>(unsigned int)' [-Wframe-larger-than]
2026-10-09T15:45:21.6307164Z C/C++: 8 warnings generated.
2026-10-09T15:45:30.2096071Z C/C++: /home/runner/work/AN-Paint/AN-Paint/Paintroid/build/heif-source/libde265/libde265/slice.cc:5137:11: warning: comparison of integers of different signs: 'int' and 'value_type' (aka 'unsigned int') [-Wsign-compare]
2026-10-09T15:45:30.2113927Z C/C++:  5136 |           tctx->cabac_decoder.bitstream_curr - tctx->cabac_decoder.bitstream_start - 2 /* -2 because of CABAC init */
2026-10-09T15:45:30.2155834Z C/C++:       |           ~~~~~~~~~~~~~~~~~~~~~~~~~~~~~~~~~~~~~~~~~~~~~~~~~~~~~~~~~~~~~~~~~~~~~~~~~~~~
2026-10-09T15:45:30.2183690Z C/C++:  5137 |           != tctx->shdr->entry_point_offset[substream - 1]) {
2026-10-09T15:45:30.2193441Z C/C++:       |           ^  ~~~~~~~~~~~~~~~~~~~~~~~~~~~~~~~~~~~~~~~~~~~~~
2026-10-09T15:45:30.2223546Z C/C++: 1 warning generated.
2026-10-09T15:45:30.4095220Z C/C++: /home/runner/work/AN-Paint/AN-Paint/Paintroid/build/heif-source/libde265/libde265/arm32/arm.cc:92:2: warning: #warning is a C++23 extension [-Wpedantic]
2026-10-09T15:45:30.4123665Z C/C++:    92 | #warning "Don't know how to detect NEON support at runtime- will be disabled"
2026-10-09T15:45:30.4124663Z C/C++:       |  ^
2026-10-09T15:45:30.4154490Z C/C++: /home/runner/work/AN-Paint/AN-Paint/Paintroid/build/heif-source/libde265/libde265/arm32/arm.cc:92:2: warning: "Don't know how to detect NEON support at runtime- will be disabled" [-W#warnings]
2026-10-09T15:45:30.4183447Z C/C++: 2 warnings generated.
2026-10-09T15:45:31.7105260Z C/C++: /home/runner/work/AN-Paint/AN-Paint/Paintroid/build/heif-source/libheif/libheif/box.cc:1006:27: warning: implicit conversion loses integer precision: 'int64_t' (aka 'long long') to 'size_t' (aka 'unsigned int') [-Wshorten-64-to-32]
2026-10-09T15:45:31.7133604Z C/C++:  1005 |   BitstreamRange boxrange(range.get_istream(),
2026-10-09T15:45:31.7151628Z C/C++:       |                  ~~~~~~~~
2026-10-09T15:45:31.7163368Z C/C++:  1006 |                           box_size_without_header,
2026-10-09T15:45:31.7193378Z C/C++:       |                           ^~~~~~~~~~~~~~~~~~~~~~~
2026-10-09T15:45:31.7224482Z C/C++: /home/runner/work/AN-Paint/AN-Paint/Paintroid/build/heif-source/libheif/libheif/box.cc:2181:76: warning: implicit conversion loses integer precision: 'uint64_t' (aka 'unsigned long long') to 'size_t' (aka 'unsigned int') [-Wshorten-64-to-32]
2026-10-09T15:45:31.7226558Z C/C++:  2181 |       memcpy(extent.data.data() + output_offset, data.data() + data_start, write_n);
2026-10-09T15:45:31.7227436Z C/C++:       |       ~~~~~~                                                               ^~~~~~~
2026-10-09T15:45:31.7229336Z C/C++: /home/runner/work/AN-Paint/AN-Paint/Paintroid/build/heif-source/libheif/libheif/box.cc:2403:44: warning: implicit conversion loses integer precision: 'uint64_t' (aka 'unsigned long long') to 'size_type' (aka 'unsigned int') [-Wshorten-64-to-32]
2026-10-09T15:45:31.7231226Z C/C++:  2403 |           std::vector<uint8_t> data(extent.length);
2026-10-09T15:45:31.7231834Z C/C++:       |                                ~~~~ ~~~~~~~^~~~~~
2026-10-09T15:45:31.7233798Z C/C++: /home/runner/work/AN-Paint/AN-Paint/Paintroid/build/heif-source/libheif/libheif/box.cc:2405:66: warning: implicit conversion loses integer precision: 'uint64_t' (aka 'unsigned long long') to 'size_t' (aka 'unsigned int') [-Wshorten-64-to-32]
2026-10-09T15:45:31.7235704Z C/C++:  2405 |           ssize_t cnt = ::read(m_tmpfile_fd, data.data(), extent.length);
2026-10-09T15:45:31.7236465Z C/C++:       |                         ~~                                ~~~~~~~^~~~~~
2026-10-09T15:45:31.7237048Z C/C++: 4 warnings generated.
2026-10-09T15:45:36.9098542Z C/C++: /home/runner/work/AN-Paint/AN-Paint/Paintroid/build/heif-source/libheif/libheif/bitstream.cc:81:32: warning: implicit conversion loses integer precision: 'uint64_t' (aka 'unsigned long long') to 'unsigned int' [-Wshorten-64-to-32]
2026-10-09T15:45:36.9103491Z C/C++:    81 |     m_owned_data = new uint8_t[m_length];
2026-10-09T15:45:36.9133513Z C/C++:       |                    ~~~         ^~~~~~~~
2026-10-09T15:45:36.9146455Z C/C++: 1 warning generated.
2026-10-09T15:45:37.1115567Z C/C++: /home/runner/work/AN-Paint/AN-Paint/Paintroid/build/heif-source/libheif/libheif/file_layout.cc:56:50: warning: implicit conversion loses integer precision: 'uint64_t' (aka 'unsigned long long') to 'size_t' (aka 'unsigned int') [-Wshorten-64-to-32]
2026-10-09T15:45:37.1143734Z C/C++:    56 |   BitstreamRange ftyp_hdr_range(m_stream_reader, m_max_length);
2026-10-09T15:45:37.1173506Z C/C++:       |                  ~~~~~~~~~~~~~~                  ^~~~~~~~~~~~
2026-10-09T15:45:37.1175503Z C/C++: /home/runner/work/AN-Paint/AN-Paint/Paintroid/build/heif-source/libheif/libheif/file_layout.cc:88:49: warning: implicit conversion loses integer precision: 'uint64_t' (aka 'unsigned long long') to 'size_t' (aka 'unsigned int') [-Wshorten-64-to-32]
2026-10-09T15:45:37.1203688Z C/C++:    88 |   BitstreamRange ftyp_range(m_stream_reader, 0, ftyp_size);
2026-10-09T15:45:37.1233488Z C/C++:       |                  ~~~~~~~~~~                     ^~~~~~~~~
2026-10-09T15:45:37.1235436Z C/C++: /home/runner/work/AN-Paint/AN-Paint/Paintroid/build/heif-source/libheif/libheif/file_layout.cc:125:63: warning: implicit conversion loses integer precision: 'uint64_t' (aka 'unsigned long long') to 'size_t' (aka 'unsigned int') [-Wshorten-64-to-32]
2026-10-09T15:45:37.1237549Z C/C++:   125 |     BitstreamRange box_range(m_stream_reader, next_box_start, m_max_length);
2026-10-09T15:45:37.1238420Z C/C++:       |                    ~~~~~~~~~                                  ^~~~~~~~~~~~
2026-10-09T15:45:37.1240368Z C/C++: /home/runner/work/AN-Paint/AN-Paint/Paintroid/build/heif-source/libheif/libheif/file_layout.cc:125:47: warning: implicit conversion loses integer precision: 'uint64_t' (aka 'unsigned long long') to 'size_t' (aka 'unsigned int') [-Wshorten-64-to-32]
2026-10-09T15:45:37.1243193Z C/C++:   125 |     BitstreamRange box_range(m_stream_reader, next_box_start, m_max_length);
2026-10-09T15:45:37.1244399Z C/C++:       |                    ~~~~~~~~~                  ^~~~~~~~~~~~~~
2026-10-09T15:45:37.1313524Z C/C++: /home/runner/work/AN-Paint/AN-Paint/Paintroid/build/heif-source/libheif/libheif/file_layout.cc:167:70: warning: implicit conversion loses integer precision: 'uint64_t' (aka 'unsigned long long') to 'size_t' (aka 'unsigned int') [-Wshorten-64-to-32]
2026-10-09T15:45:37.1315794Z C/C++:   167 |       BitstreamRange meta_box_range(m_stream_reader, meta_box_start, end_of_meta_box);
2026-10-09T15:45:37.1316746Z C/C++:       |                      ~~~~~~~~~~~~~~                                  ^~~~~~~~~~~~~~~
2026-10-09T15:45:37.1318793Z C/C++: /home/runner/work/AN-Paint/AN-Paint/Paintroid/build/heif-source/libheif/libheif/file_layout.cc:167:54: warning: implicit conversion loses integer precision: 'const uint64_t' (aka 'const unsigned long long') to 'size_t' (aka 'unsigned int') [-Wshorten-64-to-32]
2026-10-09T15:45:37.1321020Z C/C++:   167 |       BitstreamRange meta_box_range(m_stream_reader, meta_box_start, end_of_meta_box);
2026-10-09T15:45:37.1321926Z C/C++:       |                      ~~~~~~~~~~~~~~                  ^~~~~~~~~~~~~~
2026-10-09T15:45:37.1324050Z C/C++: /home/runner/work/AN-Paint/AN-Paint/Paintroid/build/heif-source/libheif/libheif/file_layout.cc:214:70: warning: implicit conversion loses integer precision: 'uint64_t' (aka 'unsigned long long') to 'size_t' (aka 'unsigned int') [-Wshorten-64-to-32]
2026-10-09T15:45:37.1326206Z C/C++:   214 |       BitstreamRange mini_box_range(m_stream_reader, mini_box_start, end_of_mini_box);
2026-10-09T15:45:37.1327800Z C/C++:       |                      ~~~~~~~~~~~~~~                                  ^~~~~~~~~~~~~~~
2026-10-09T15:45:37.1329876Z C/C++: /home/runner/work/AN-Paint/AN-Paint/Paintroid/build/heif-source/libheif/libheif/file_layout.cc:214:54: warning: implicit conversion loses integer precision: 'const uint64_t' (aka 'const unsigned long long') to 'size_t' (aka 'unsigned int') [-Wshorten-64-to-32]
2026-10-09T15:45:37.1332063Z C/C++:   214 |       BitstreamRange mini_box_range(m_stream_reader, mini_box_start, end_of_mini_box);
2026-10-09T15:45:37.1333272Z C/C++:       |                      ~~~~~~~~~~~~~~                  ^~~~~~~~~~~~~~
2026-10-09T15:45:37.1335156Z C/C++: /home/runner/work/AN-Paint/AN-Paint/Paintroid/build/heif-source/libheif/libheif/file_layout.cc:262:70: warning: implicit conversion loses integer precision: 'uint64_t' (aka 'unsigned long long') to 'size_t' (aka 'unsigned int') [-Wshorten-64-to-32]
2026-10-09T15:45:37.1337318Z C/C++:   262 |       BitstreamRange moov_box_range(m_stream_reader, moov_box_start, end_of_moov_box);
2026-10-09T15:45:37.1338289Z C/C++:       |                      ~~~~~~~~~~~~~~                                  ^~~~~~~~~~~~~~~
2026-10-09T15:45:37.1340311Z C/C++: /home/runner/work/AN-Paint/AN-Paint/Paintroid/build/heif-source/libheif/libheif/file_layout.cc:262:54: warning: implicit conversion loses integer precision: 'const uint64_t' (aka 'const unsigned long long') to 'size_t' (aka 'unsigned int') [-Wshorten-64-to-32]
2026-10-09T15:45:37.1342499Z C/C++:   262 |       BitstreamRange moov_box_range(m_stream_reader, moov_box_start, end_of_moov_box);
2026-10-09T15:45:37.1397807Z C/C++:       |                      ~~~~~~~~~~~~~~                  ^~~~~~~~~~~~~~
2026-10-09T15:45:37.1398428Z C/C++: 10 warnings generated.
2026-10-09T15:45:38.3095783Z C/C++: /home/runner/work/AN-Paint/AN-Paint/Paintroid/build/heif-source/libheif/libheif/region.cc:493:40: warning: implicit conversion loses integer precision: 'uint64_t' (aka 'unsigned long long') to 'size_t' (aka 'unsigned int') [-Wshorten-64-to-32]
2026-10-09T15:45:38.3154230Z C/C++:   493 |   if (auto err = m_memory_handle.alloc(bytes_for_mask, limits, "region mask")) {
2026-10-09T15:45:38.3213552Z C/C++:       |                                  ~~~~~ ^~~~~~~~~~~~~~
2026-10-09T15:45:38.3215432Z C/C++: /home/runner/work/AN-Paint/AN-Paint/Paintroid/build/heif-source/libheif/libheif/region.cc:497:20: warning: implicit conversion loses integer precision: 'uint64_t' (aka 'unsigned long long') to 'size_type' (aka 'unsigned int') [-Wshorten-64-to-32]
2026-10-09T15:45:38.3243639Z C/C++:   497 |   mask_data.resize(bytes_for_mask);
2026-10-09T15:45:38.3273452Z C/C++:       |             ~~~~~~ ^~~~~~~~~~~~~~
2026-10-09T15:45:38.3303410Z C/C++: 2 warnings generated.
2026-10-09T15:45:40.9103511Z C/C++: /home/runner/work/AN-Paint/AN-Paint/Paintroid/build/heif-source/libheif/libheif/codecs/decoder.cc:127:80: warning: implicit conversion loses integer precision: 'uint64_t' (aka 'unsigned long long') to 'difference_type' (aka 'int') [-Wshorten-64-to-32]
2026-10-09T15:45:40.9114249Z C/C++:   127 |     data.insert(data.begin(), m_raw.begin() + offset, m_raw.begin() + offset + size);
2026-10-09T15:45:40.9115411Z C/C++:       |                                                                              ~ ^~~~
2026-10-09T15:45:40.9117581Z C/C++: /home/runner/work/AN-Paint/AN-Paint/Paintroid/build/heif-source/libheif/libheif/codecs/decoder.cc:127:71: warning: implicit conversion loses integer precision: 'uint64_t' (aka 'unsigned long long') to 'difference_type' (aka 'int') [-Wshorten-64-to-32]
2026-10-09T15:45:40.9119865Z C/C++:   127 |     data.insert(data.begin(), m_raw.begin() + offset, m_raw.begin() + offset + size);
2026-10-09T15:45:40.9120906Z C/C++:       |                                                                     ~ ^~~~~~
2026-10-09T15:45:40.9123242Z C/C++: /home/runner/work/AN-Paint/AN-Paint/Paintroid/build/heif-source/libheif/libheif/codecs/decoder.cc:127:47: warning: implicit conversion loses integer precision: 'uint64_t' (aka 'unsigned long long') to 'difference_type' (aka 'int') [-Wshorten-64-to-32]
2026-10-09T15:45:40.9125893Z C/C++:   127 |     data.insert(data.begin(), m_raw.begin() + offset, m_raw.begin() + offset + size);
2026-10-09T15:45:40.9126932Z C/C++:       |                                             ~ ^~~~~~
2026-10-09T15:45:40.9127664Z C/C++: 3 warnings generated.
2026-10-09T15:45:43.5115614Z C/C++: /home/runner/work/AN-Paint/AN-Paint/Paintroid/build/heif-source/libheif/libheif/image-items/tiled.cc:360:20: warning: implicit conversion loses integer precision: 'unsigned long long' to 'size_type' (aka 'unsigned int') [-Wshorten-64-to-32]
2026-10-09T15:45:43.5153499Z C/C++:   360 |   m_offsets.resize(*num_tiles_result);
2026-10-09T15:45:43.5173430Z C/C++:       |             ~~~~~~ ^~~~~~~~~~~~~~~~~
2026-10-09T15:45:43.5184894Z C/C++: /home/runner/work/AN-Paint/AN-Paint/Paintroid/build/heif-source/libheif/libheif/image-items/tiled.cc:394:109: warning: implicit conversion loses integer precision: 'uint64_t' (aka 'unsigned long long') to 'size_t' (aka 'unsigned int') [-Wshorten-64-to-32]
2026-10-09T15:45:43.5204040Z C/C++:   394 |   size_t size_to_read = (end - start) * (m_parameters.offset_field_length + m_parameters.size_field_length) / 8;
2026-10-09T15:45:43.5233908Z C/C++:       |          ~~~~~~~~~~~~   ~~~~~~~~~~~~~~~~~~~~~~~~~~~~~~~~~~~~~~~~~~~~~~~~~~~~~~~~~~~~~~~~~~~~~~~~~~~~~~~~~~~~^~~
2026-10-09T15:45:43.5265026Z C/C++: /home/runner/work/AN-Paint/AN-Paint/Paintroid/build/heif-source/libheif/libheif/image-items/tiled.cc:395:101: warning: implicit conversion loses integer precision: 'uint64_t' (aka 'unsigned long long') to 'size_t' (aka 'unsigned int') [-Wshorten-64-to-32]
2026-10-09T15:45:43.5267681Z C/C++:   395 |   size_t start_offset = start * (m_parameters.offset_field_length + m_parameters.size_field_length) / 8;
2026-10-09T15:45:43.5293801Z C/C++:       |          ~~~~~~~~~~~~   ~~~~~~~~~~~~~~~~~~~~~~~~~~~~~~~~~~~~~~~~~~~~~~~~~~~~~~~~~~~~~~~~~~~~~~~~~~~~^~~
2026-10-09T15:45:43.5324847Z C/C++: /home/runner/work/AN-Paint/AN-Paint/Paintroid/build/heif-source/libheif/libheif/image-items/tiled.cc:416:15: warning: implicit conversion loses integer precision: 'uint64_t' (aka 'unsigned long long') to 'size_type' (aka 'unsigned int') [-Wshorten-64-to-32]
2026-10-09T15:45:43.5353815Z C/C++:   416 |     m_offsets[i].offset = readvec(data, idx, m_parameters.offset_field_length / 8);
2026-10-09T15:45:43.5383327Z C/C++:       |     ~~~~~~~~~ ^
2026-10-09T15:45:43.5385396Z C/C++: /home/runner/work/AN-Paint/AN-Paint/Paintroid/build/heif-source/libheif/libheif/image-items/tiled.cc:420:17: warning: implicit conversion loses integer precision: 'uint64_t' (aka 'unsigned long long') to 'size_type' (aka 'unsigned int') [-Wshorten-64-to-32]
2026-10-09T15:45:43.5413985Z C/C++:   420 |       m_offsets[i].size = static_cast<uint32_t>(readvec(data, idx, m_parameters.size_field_length / 8));
2026-10-09T15:45:43.5443457Z C/C++:       |       ~~~~~~~~~ ^
2026-10-09T15:45:43.5470340Z C/C++: /home/runner/work/AN-Paint/AN-Paint/Paintroid/build/heif-source/libheif/libheif/image-items/tiled.cc:502:13: warning: implicit conversion loses integer precision: 'uint64_t' (aka 'unsigned long long') to 'size_type' (aka 'unsigned int') [-Wshorten-64-to-32]
2026-10-09T15:45:43.5483366Z C/C++:   502 |   m_offsets[idx].offset = offset;
2026-10-09T15:45:43.5503508Z C/C++:       |   ~~~~~~~~~ ^~~
2026-10-09T15:45:43.5538264Z C/C++: /home/runner/work/AN-Paint/AN-Paint/Paintroid/build/heif-source/libheif/libheif/image-items/tiled.cc:503:13: warning: implicit conversion loses integer precision: 'uint64_t' (aka 'unsigned long long') to 'size_type' (aka 'unsigned int') [-Wshorten-64-to-32]
2026-10-09T15:45:43.5563452Z C/C++:   503 |   m_offsets[idx].size = size;
2026-10-09T15:45:43.5593445Z C/C++:       |   ~~~~~~~~~ ^~~
2026-10-09T15:45:43.5595538Z C/C++: /home/runner/work/AN-Paint/AN-Paint/Paintroid/build/heif-source/libheif/libheif/image-items/tiled.cc:531:15: warning: implicit conversion loses integer precision: 'uint64_t' (aka 'unsigned long long') to 'size_type' (aka 'unsigned int') [-Wshorten-64-to-32]
2026-10-09T15:45:43.5623748Z C/C++:   531 |   data.resize(size);
2026-10-09T15:45:43.5650093Z C/C++:       |        ~~~~~~ ^~~~
2026-10-09T15:45:43.5670549Z C/C++: 8 warnings generated.
2026-10-09T15:45:44.6095107Z C/C++: /home/runner/work/AN-Paint/AN-Paint/Paintroid/build/heif-source/libheif/libheif/sequences/seq_boxes.cc:1077:40: warning: implicit conversion loses integer precision: 'uint64_t' (aka 'unsigned long long') to 'size_t' (aka 'unsigned int') [-Wshorten-64-to-32]
2026-10-09T15:45:44.6143654Z C/C++:  1077 |   if (auto err = m_memory_handle.alloc(mem_size,
2026-10-09T15:45:44.6193766Z C/C++:       |                                  ~~~~~ ^~~~~~~~
2026-10-09T15:45:44.6224853Z C/C++: /home/runner/work/AN-Paint/AN-Paint/Paintroid/build/heif-source/libheif/libheif/sequences/seq_boxes.cc:2062:42: warning: implicit conversion loses integer precision: 'uint64_t' (aka 'unsigned long long') to 'size_t' (aka 'unsigned int') [-Wshorten-64-to-32]
2026-10-09T15:45:44.6283991Z C/C++:  2062 |     if (auto err = m_memory_handle.alloc(mem_size, limits, "the 'sample aux info sizes' (saiz) table")) {
2026-10-09T15:45:44.6311499Z C/C++:       |                                    ~~~~~ ^~~~~~~~
2026-10-09T15:45:44.6364733Z C/C++: /home/runner/work/AN-Paint/AN-Paint/Paintroid/build/heif-source/libheif/libheif/sequences/seq_boxes.cc:2142:23: warning: implicit conversion loses integer precision: 'uint64_t' (aka 'unsigned long long') to 'size_t' (aka 'unsigned int') [-Wshorten-64-to-32]
2026-10-09T15:45:44.6393471Z C/C++:  2142 |   writer.set_position(m_offset_start_pos);
2026-10-09T15:45:44.6423341Z C/C++:       |          ~~~~~~~~~~~~ ^~~~~~~~~~~~~~~~~~
2026-10-09T15:45:44.6436272Z C/C++: 3 warnings generated.
2026-10-09T15:45:45.1125623Z C/C++: /home/runner/work/AN-Paint/AN-Paint/Paintroid/build/heif-source/libheif/libheif/plugins/encoder_aom.cc:1394:47: warning: implicit conversion loses integer precision: 'const aom_codec_pts_t' (aka 'const long long') to 'uintptr_t' (aka 'unsigned int') [-Wshorten-64-to-32]
2026-10-09T15:45:45.1153700Z C/C++:  1394 |       output_packet.frameNr = pkt->data.frame.pts;
2026-10-09T15:45:45.1183600Z C/C++:       |                             ~ ~~~~~~~~~~~~~~~~^~~
2026-10-09T15:45:45.1214897Z C/C++: /home/runner/work/AN-Paint/AN-Paint/Paintroid/build/heif-source/libheif/libheif/plugins/encoder_aom.cc:1445:47: warning: implicit conversion loses integer precision: 'const aom_codec_pts_t' (aka 'const long long') to 'uintptr_t' (aka 'unsigned int') [-Wshorten-64-to-32]
2026-10-09T15:45:45.1243629Z C/C++:  1445 |       output_packet.frameNr = pkt->data.frame.pts;
2026-10-09T15:45:45.1273525Z C/C++:       |                             ~ ~~~~~~~~~~~~~~~~^~~
2026-10-09T15:45:45.1303460Z C/C++: 2 warnings generated.
2026-10-09T15:45:45.4115136Z C/C++: /home/runner/work/AN-Paint/AN-Paint/Paintroid/build/heif-source/libheif/libheif/plugins/encoder_kvazaar.cc:805:63: warning: implicit conversion loses integer precision: 'int64_t' (aka 'long long') to 'uintptr_t' (aka 'unsigned int') [-Wshorten-64-to-32]
2026-10-09T15:45:45.4140152Z C/C++:   805 |   append_chunk_data(data, encoder, picture_out ? picture_out->pts : 0);
2026-10-09T15:45:45.4163534Z C/C++:       |   ~~~~~~~~~~~~~~~~~                              ~~~~~~~~~~~~~^~~
2026-10-09T15:45:45.4194609Z C/C++: /home/runner/work/AN-Paint/AN-Paint/Paintroid/build/heif-source/libheif/libheif/plugins/encoder_kvazaar.cc:847:51: warning: implicit conversion loses integer precision: 'int64_t' (aka 'long long') to 'uintptr_t' (aka 'unsigned int') [-Wshorten-64-to-32]
2026-10-09T15:45:45.4213962Z C/C++:   847 |     append_chunk_data(data, encoder, picture_out->pts);
2026-10-09T15:45:45.4253451Z C/C++:       |     ~~~~~~~~~~~~~~~~~                ~~~~~~~~~~~~~^~~
2026-10-09T15:45:45.4283443Z C/C++: 2 warnings generated.
2026-10-09T15:45:49.7092788Z 
2026-10-09T15:45:49.7093416Z > Task :Paintroid:configureCMakeDebug[x86]
2026-10-09T15:45:49.7094246Z C/C++: -- Compiler is not EMSCRIPTEN
2026-10-09T15:45:55.5093594Z C/C++: --- aom_configure: Detected CPU: generic
2026-10-09T15:45:55.5094278Z C/C++: Running C compiler test: pie_check
2026-10-09T15:45:55.7094008Z C/C++: CONFIG_PIC enabled for position independent executable (PIE) build
2026-10-09T15:45:55.7094989Z C/C++: Running C compiler test: unistd_check
2026-10-09T15:45:55.8093834Z C/C++: Running CXX compiler test: unistd_check
2026-10-09T15:45:56.0093614Z C/C++: Running C compiler test: fenv_check
2026-10-09T15:45:56.1093923Z C/C++: Checking C compiler flag support for: -std=c11
2026-10-09T15:45:56.2093469Z C/C++: Checking C++ compiler flag support for: -std=c++17
2026-10-09T15:45:56.4093972Z C/C++: Checking C compiler flag support for: -Wall
2026-10-09T15:45:56.5093511Z C/C++: Checking C++ compiler flag support for: -Wall
2026-10-09T15:45:56.6093679Z C/C++: Checking C compiler flag support for: -Wdisabled-optimization
2026-10-09T15:45:56.7093533Z C/C++: Checking C++ compiler flag support for: -Wdisabled-optimization
2026-10-09T15:45:56.8093957Z C/C++: Checking C compiler flag support for: -Wextra
2026-10-09T15:45:56.9093930Z C/C++: Checking C++ compiler flag support for: -Wextra
2026-10-09T15:45:57.1093788Z C/C++: Checking C compiler flag support for: -Wextra-semi
2026-10-09T15:45:57.2093781Z C/C++: Checking C++ compiler flag support for: -Wextra-semi
2026-10-09T15:45:57.3094072Z C/C++: Checking C compiler flag support for: -Wextra-semi-stmt
2026-10-09T15:45:57.4093627Z C/C++: Checking C++ compiler flag support for: -Wextra-semi-stmt
2026-10-09T15:45:57.5093981Z C/C++: Checking C compiler flag support for: -Wfloat-conversion
2026-10-09T15:45:57.6093525Z C/C++: Checking C++ compiler flag support for: -Wfloat-conversion
2026-10-09T15:45:57.7093632Z C/C++: Checking C compiler flag support for: -Wformat=2
2026-10-09T15:45:57.9093637Z C/C++: Checking C++ compiler flag support for: -Wformat=2
2026-10-09T15:45:58.0094227Z C/C++: Checking C compiler flag support for: -Wimplicit-function-declaration
2026-10-09T15:45:58.1093563Z C/C++: Checking C compiler flag support for: -Wlogical-op
2026-10-09T15:45:58.2104353Z C/C++: Checking C++ compiler flag support for: -Wlogical-op
2026-10-09T15:45:58.3094047Z C/C++: Checking C compiler flag support for: -Wmissing-declarations
2026-10-09T15:45:58.4093533Z C/C++: Checking C++ compiler flag support for: -Wmissing-declarations
2026-10-09T15:45:58.5093741Z C/C++: Checking C compiler flag support for: -Wmissing-prototypes
2026-10-09T15:45:58.7093922Z C/C++: Checking C++ compiler flag support for: -Wmissing-prototypes
2026-10-09T15:45:58.8093540Z C/C++: Checking C compiler flag support for: -Wpointer-arith
2026-10-09T15:45:58.9094031Z C/C++: Checking C++ compiler flag support for: -Wpointer-arith
2026-10-09T15:45:59.0093838Z C/C++: Checking C compiler flag support for: -Wshadow
2026-10-09T15:45:59.1093182Z C/C++: Checking C++ compiler flag support for: -Wshadow
2026-10-09T15:45:59.2093373Z C/C++: Checking C compiler flag support for: -Wshorten-64-to-32
2026-10-09T15:45:59.4093639Z C/C++: Checking C++ compiler flag support for: -Wshorten-64-to-32
2026-10-09T15:45:59.5094234Z C/C++: Checking C compiler flag support for: -Wsign-compare
2026-10-09T15:45:59.6093723Z C/C++: Checking C++ compiler flag support for: -Wsign-compare
2026-10-09T15:45:59.7093710Z C/C++: Checking C compiler flag support for: -Wstring-conversion
2026-10-09T15:45:59.8094157Z C/C++: Checking C++ compiler flag support for: -Wstring-conversion
2026-10-09T15:45:59.9093495Z C/C++: Checking C compiler flag support for: -Wtype-limits
2026-10-09T15:46:00.0093698Z C/C++: Checking C++ compiler flag support for: -Wtype-limits
2026-10-09T15:46:00.2094066Z C/C++: Checking C compiler flag support for: -Wundef
2026-10-09T15:46:00.3094175Z C/C++: Checking C++ compiler flag support for: -Wundef
2026-10-09T15:46:00.4093735Z C/C++: Checking C compiler flag support for: -Wuninitialized
2026-10-09T15:46:00.5094319Z C/C++: Checking C++ compiler flag support for: -Wuninitialized
2026-10-09T15:46:00.6094340Z C/C++: Checking C compiler flag support for: -Wunreachable-code-aggressive
2026-10-09T15:46:00.7093746Z C/C++: Checking C++ compiler flag support for: -Wunreachable-code-aggressive
2026-10-09T15:46:00.8094145Z C/C++: Checking C compiler flag support for: -Wunused
2026-10-09T15:46:01.0094239Z C/C++: Checking C++ compiler flag support for: -Wunused
2026-10-09T15:46:01.1094041Z C/C++: Checking C compiler flag support for: -Wvla
2026-10-09T15:46:01.2093666Z C/C++: Checking C++ compiler flag support for: -Wvla
2026-10-09T15:46:01.3093845Z C/C++: Checking C compiler flag support for: -Wc23-extensions
2026-10-09T15:46:01.4094161Z C/C++: Checking C++ compiler flag support for: -Wc++20-extensions
2026-10-09T15:46:01.5094340Z C/C++: Checking C++ compiler flag support for: -Wc++23-extensions
2026-10-09T15:46:01.6093793Z C/C++: Checking C compiler flag support for: -Wstack-usage=100000
2026-10-09T15:46:01.8094042Z C/C++: Checking C++ compiler flag support for: -Wstack-usage=240000
2026-10-09T15:46:01.9093586Z C/C++: Checking C compiler flag support for: -D_LARGEFILE_SOURCE
2026-10-09T15:46:02.0093750Z C/C++: Checking C++ compiler flag support for: -D_LARGEFILE_SOURCE
2026-10-09T15:46:02.1093942Z C/C++: Checking C compiler flag support for: -D_FILE_OFFSET_BITS=64
2026-10-09T15:46:02.2093605Z C/C++: Checking C++ compiler flag support for: -D_FILE_OFFSET_BITS=64
2026-10-09T15:46:02.3093819Z C/C++: Checking C compiler flag support for: -flax-vector-conversions=none
2026-10-09T15:46:02.4094275Z C/C++: Checking C++ compiler flag support for: -flax-vector-conversions=none
2026-10-09T15:46:03.2093591Z C/C++: === Summary of compiled codecs ===
2026-10-09T15:46:03.2094278Z C/C++: libde265 HEVC decoder                 : + built-in
2026-10-09T15:46:03.2094964Z C/C++: FFMPEG HEVC decoder (HW acc)          : - disabled
2026-10-09T15:46:03.2095630Z C/C++: WebCodecs HEVC decoder (experimental) : - disabled
2026-10-09T15:46:03.2096258Z C/C++: x265 HEVC encoder                     : - disabled
2026-10-09T15:46:03.2096865Z C/C++: Kvazaar HEVC encoder                  : + built-in
2026-10-09T15:46:03.2097466Z C/C++: AOM AV1 decoder                       : + built-in
2026-10-09T15:46:03.2098097Z C/C++: AOM AV1 encoder                       : + built-in
2026-10-09T15:46:03.2098729Z C/C++: Dav1d AV1 decoder                     : - disabled
2026-10-09T15:46:03.2099666Z C/C++: SVT AV1 encoder                       : - disabled
2026-10-09T15:46:03.2100267Z C/C++: Rav1e AV1 encoder                     : - disabled
2026-10-09T15:46:03.2100865Z C/C++: JPEG decoder                          : - disabled
2026-10-09T15:46:03.2101464Z C/C++: JPEG encoder                          : - disabled
2026-10-09T15:46:03.2102120Z C/C++: x264 AVC encoder                      : - disabled
2026-10-09T15:46:03.2102717Z C/C++: OpenH264 decoder                      : - disabled
2026-10-09T15:46:03.2103570Z C/C++: OpenJPEG J2K decoder                  : - disabled
2026-10-09T15:46:03.2104190Z C/C++: OpenJPEG J2K encoder                  : - disabled
2026-10-09T15:46:03.2104805Z C/C++: OpenJPH HT-J2K encoder                : - disabled
2026-10-09T15:46:03.2105575Z C/C++: uvg266 VVC encoder                    : - disabled
2026-10-09T15:46:03.2106180Z C/C++: vvenc VVC encoder                     : - disabled
2026-10-09T15:46:03.2106805Z C/C++: vvdec VVC decoder                     : - disabled
2026-10-09T15:46:03.2107362Z C/C++: === Supported formats ===
2026-10-09T15:46:03.2107825Z C/C++: format        decoding   encoding
2026-10-09T15:46:03.2108311Z C/C++: AVC             NO         NO 
2026-10-09T15:46:03.2108766Z C/C++: AVIF            YES        YES
2026-10-09T15:46:03.2109216Z C/C++: HEIC            YES        YES
2026-10-09T15:46:03.2109664Z C/C++: JPEG            NO         NO 
2026-10-09T15:46:03.2110106Z C/C++: JPEG2000        NO         NO 
2026-10-09T15:46:03.2110567Z C/C++: JPEG2000-HT     NO         NO 
2026-10-09T15:46:03.2111023Z C/C++: Uncompressed    NO         NO 
2026-10-09T15:46:03.2111477Z C/C++: VVC             NO         NO 
2026-10-09T15:46:03.2111934Z C/C++: libsharpyuv: disabled
2026-10-09T15:46:03.2112408Z C/C++: === Active input formats for heif-enc ===
2026-10-09T15:46:03.2113168Z C/C++: JPEG: ------ (libjpeg not found)
2026-10-09T15:46:03.2113919Z C/C++: PNG:  ------ (libpng not found)
2026-10-09T15:46:03.2114423Z C/C++: WEBP:  ------ (libwebp not found)
2026-10-09T15:46:03.2114933Z C/C++: TIFF: ------ (libtiff not found)
2026-10-09T15:46:03.3093759Z C/C++: Not compiling 'x265' backend
2026-10-09T15:46:03.3094406Z C/C++: Compiling 'libde265' as built-in backend
2026-10-09T15:46:03.3094975Z C/C++: Not compiling 'dav1d' backend
2026-10-09T15:46:03.3095569Z C/C++: Compiling 'aomdec' as built-in backend
2026-10-09T15:46:03.3096148Z C/C++: Compiling 'aomenc' as built-in backend
2026-10-09T15:46:03.3096682Z C/C++: Not compiling 'svtenc' backend
2026-10-09T15:46:03.3097177Z C/C++: Not compiling 'rav1e' backend
2026-10-09T15:46:03.3097677Z C/C++: Not compiling 'jpegdec' backend
2026-10-09T15:46:03.3098186Z C/C++: Not compiling 'jpegenc' backend
2026-10-09T15:46:03.3098683Z C/C++: Not compiling 'j2kdec' backend
2026-10-09T15:46:03.3099178Z C/C++: Not compiling 'j2kenc' backend
2026-10-09T15:46:03.3099716Z C/C++: Compiling 'kvazaar' as built-in backend
2026-10-09T15:46:03.3100303Z C/C++: Not compiling 'ffmpegdec' backend
2026-10-09T15:46:03.3100834Z C/C++: Not compiling 'jphenc' backend
2026-10-09T15:46:03.3101333Z C/C++: Not compiling 'uvg266' backend
2026-10-09T15:46:03.3101801Z C/C++: Not compiling 'vvdec' backend
2026-10-09T15:46:03.3102267Z C/C++: Not compiling 'vvenc' backend
2026-10-09T15:46:03.3102732Z C/C++: Not compiling 'x264' backend
2026-10-09T15:46:03.3103449Z C/C++: Not compiling 'openh264dec' backend
2026-10-09T15:46:03.3103954Z C/C++: Not compiling 'libsharpyuv'
2026-10-09T15:46:10.8143431Z 
2026-10-09T15:46:10.8233991Z > Task :Paintroid:buildCMakeDebug[x86][anpaint_heif,anpaint_jxl,etc]
2026-10-09T15:46:10.8263893Z C/C++: ninja: Entering directory `/home/runner/work/AN-Paint/AN-Paint/Paintroid/.cxx/Debug/68am3368/x86'
2026-10-09T15:46:10.8354358Z C/C++: In file included from /home/runner/work/AN-Paint/AN-Paint/Paintroid/build/jxl-source/third_party/skcms/src/skcms_TransformBaseline.cc:47:
2026-10-09T15:46:10.8405830Z C/C++: /home/runner/work/AN-Paint/AN-Paint/Paintroid/build/jxl-source/third_party/skcms/src/Transform_inl.h:1165:1: warning: stack frame size (5772) exceeds limit (5632) in 'skcms_private::baseline::Exec_xyz_to_lab(skcms_private::baseline::StageList, void const**, char const*, char*, float vector[4], float vector[4], float vector[4], float vector[4], int)' [-Wframe-larger-than]
2026-10-09T15:46:10.8433447Z C/C++:  1165 | STAGE(xyz_to_lab, NoCtx) {
2026-10-09T15:46:10.8434261Z C/C++:       | ^
2026-10-09T15:46:10.8464245Z C/C++: /home/runner/work/AN-Paint/AN-Paint/Paintroid/build/jxl-source/third_party/skcms/src/Transform_inl.h:818:9: note: expanded from macro 'STAGE'
2026-10-09T15:46:10.8493850Z C/C++:   818 |         DECLARE_STAGE(name, arg, [[clang::musttail]] return (*list.fn)(list, ctx, src, dst, \
2026-10-09T15:46:10.8523514Z C/C++:       |         ^
2026-10-09T15:46:10.8524964Z C/C++: /home/runner/work/AN-Paint/AN-Paint/Paintroid/build/jxl-source/third_party/skcms/src/Transform_inl.h:809:17: note: expanded from macro 'DECLARE_STAGE'
2026-10-09T15:46:10.8553896Z C/C++:   809 |         SI void Exec_##name(StageList list, const void** ctx, STAGE_PARAMS()) { \
2026-10-09T15:46:10.8583412Z C/C++:       |                 ^
2026-10-09T15:46:10.8613997Z C/C++: /home/runner/work/AN-Paint/AN-Paint/Paintroid/.cxx/Debug/68am3368/x86/<scratch space>:64:1: note: expanded from here
2026-10-09T15:46:10.8615312Z C/C++:    64 | Exec_xyz_to_lab
2026-10-09T15:46:10.8643537Z C/C++:       | ^
2026-10-09T15:46:10.8669100Z C/C++: In file included from /home/runner/work/AN-Paint/AN-Paint/Paintroid/build/jxl-source/third_party/skcms/src/skcms_TransformBaseline.cc:47:
2026-10-09T15:46:10.8695480Z C/C++: /home/runner/work/AN-Paint/AN-Paint/Paintroid/build/jxl-source/third_party/skcms/src/Transform_inl.h:1188:1: warning: stack frame size (5884) exceeds limit (5632) in 'skcms_private::baseline::Exec_gamma_rgb(skcms_private::baseline::StageList, void const**, char const*, char*, float vector[4], float vector[4], float vector[4], float vector[4], int)' [-Wframe-larger-than]
2026-10-09T15:46:10.8724196Z C/C++:  1188 | STAGE(gamma_rgb, const skcms_TransferFunction* tf) {
2026-10-09T15:46:10.8739114Z C/C++:       | ^
2026-10-09T15:46:10.8740465Z C/C++: /home/runner/work/AN-Paint/AN-Paint/Paintroid/build/jxl-source/third_party/skcms/src/Transform_inl.h:818:9: note: expanded from macro 'STAGE'
2026-10-09T15:46:10.8742226Z C/C++:   818 |         DECLARE_STAGE(name, arg, [[clang::musttail]] return (*list.fn)(list, ctx, src, dst, \
2026-10-09T15:46:10.8743538Z C/C++:       |         ^
2026-10-09T15:46:10.8744881Z C/C++: /home/runner/work/AN-Paint/AN-Paint/Paintroid/build/jxl-source/third_party/skcms/src/Transform_inl.h:809:17: note: expanded from macro 'DECLARE_STAGE'
2026-10-09T15:46:10.8746549Z C/C++:   809 |         SI void Exec_##name(StageList list, const void** ctx, STAGE_PARAMS()) { \
2026-10-09T15:46:10.8747493Z C/C++:       |                 ^
2026-10-09T15:46:10.8748639Z C/C++: /home/runner/work/AN-Paint/AN-Paint/Paintroid/.cxx/Debug/68am3368/x86/<scratch space>:99:1: note: expanded from here
2026-10-09T15:46:10.8749856Z C/C++:    99 | Exec_gamma_rgb
2026-10-09T15:46:10.8750489Z C/C++:       | ^
2026-10-09T15:46:10.8751690Z C/C++: In file included from /home/runner/work/AN-Paint/AN-Paint/Paintroid/build/jxl-source/third_party/skcms/src/skcms_TransformBaseline.cc:47:
2026-10-09T15:46:10.8755214Z C/C++: /home/runner/work/AN-Paint/AN-Paint/Paintroid/build/jxl-source/third_party/skcms/src/Transform_inl.h:1199:1: warning: stack frame size (6748) exceeds limit (5632) in 'skcms_private::baseline::Exec_tf_rgb(skcms_private::baseline::StageList, void const**, char const*, char*, float vector[4], float vector[4], float vector[4], float vector[4], int)' [-Wframe-larger-than]
2026-10-09T15:46:10.8758401Z C/C++:  1199 | STAGE(tf_rgb, const skcms_TransferFunction* tf) {
2026-10-09T15:46:10.8759178Z C/C++:       | ^
2026-10-09T15:46:10.8760401Z C/C++: /home/runner/work/AN-Paint/AN-Paint/Paintroid/build/jxl-source/third_party/skcms/src/Transform_inl.h:818:9: note: expanded from macro 'STAGE'
2026-10-09T15:46:10.8762105Z C/C++:   818 |         DECLARE_STAGE(name, arg, [[clang::musttail]] return (*list.fn)(list, ctx, src, dst, \
2026-10-09T15:46:10.8763662Z C/C++:       |         ^
2026-10-09T15:46:10.8764977Z C/C++: /home/runner/work/AN-Paint/AN-Paint/Paintroid/build/jxl-source/third_party/skcms/src/Transform_inl.h:809:17: note: expanded from macro 'DECLARE_STAGE'
2026-10-09T15:46:10.8766625Z C/C++:   809 |         SI void Exec_##name(StageList list, const void** ctx, STAGE_PARAMS()) { \
2026-10-09T15:46:10.8767563Z C/C++:       |                 ^
2026-10-09T15:46:10.8768802Z C/C++: /home/runner/work/AN-Paint/AN-Paint/Paintroid/.cxx/Debug/68am3368/x86/<scratch space>:134:1: note: expanded from here
2026-10-09T15:46:10.8769997Z C/C++:   134 | Exec_tf_rgb
2026-10-09T15:46:10.8770589Z C/C++:       | ^
2026-10-09T15:46:10.8771793Z C/C++: In file included from /home/runner/work/AN-Paint/AN-Paint/Paintroid/build/jxl-source/third_party/skcms/src/skcms_TransformBaseline.cc:47:
2026-10-09T15:46:10.8775364Z C/C++: /home/runner/work/AN-Paint/AN-Paint/Paintroid/build/jxl-source/third_party/skcms/src/Transform_inl.h:1210:1: warning: stack frame size (15532) exceeds limit (5632) in 'skcms_private::baseline::Exec_pq_rgb(skcms_private::baseline::StageList, void const**, char const*, char*, float vector[4], float vector[4], float vector[4], float vector[4], int)' [-Wframe-larger-than]
2026-10-09T15:46:10.8778178Z C/C++:  1210 | STAGE(pq_rgb, const skcms_TransferFunction* tf) {
2026-10-09T15:46:10.8778960Z C/C++:       | ^
2026-10-09T15:46:10.8780160Z C/C++: /home/runner/work/AN-Paint/AN-Paint/Paintroid/build/jxl-source/third_party/skcms/src/Transform_inl.h:818:9: note: expanded from macro 'STAGE'
2026-10-09T15:46:10.8781937Z C/C++:   818 |         DECLARE_STAGE(name, arg, [[clang::musttail]] return (*list.fn)(list, ctx, src, dst, \
2026-10-09T15:46:10.8783154Z C/C++:       |         ^
2026-10-09T15:46:10.8784725Z C/C++: /home/runner/work/AN-Paint/AN-Paint/Paintroid/build/jxl-source/third_party/skcms/src/Transform_inl.h:809:17: note: expanded from macro 'DECLARE_STAGE'
2026-10-09T15:46:10.8786490Z C/C++:   809 |         SI void Exec_##name(StageList list, const void** ctx, STAGE_PARAMS()) { \
2026-10-09T15:46:10.8787486Z C/C++:       |                 ^
2026-10-09T15:46:10.8788650Z C/C++: /home/runner/work/AN-Paint/AN-Paint/Paintroid/.cxx/Debug/68am3368/x86/<scratch space>:169:1: note: expanded from here
2026-10-09T15:46:10.8789877Z C/C++:   169 | Exec_pq_rgb
2026-10-09T15:46:10.8790521Z C/C++:       | ^
2026-10-09T15:46:10.8791749Z C/C++: In file included from /home/runner/work/AN-Paint/AN-Paint/Paintroid/build/jxl-source/third_party/skcms/src/skcms_TransformBaseline.cc:47:
2026-10-09T15:46:10.8795462Z C/C++: /home/runner/work/AN-Paint/AN-Paint/Paintroid/build/jxl-source/third_party/skcms/src/Transform_inl.h:1221:1: warning: stack frame size (9804) exceeds limit (5632) in 'skcms_private::baseline::Exec_hlg_rgb(skcms_private::baseline::StageList, void const**, char const*, char*, float vector[4], float vector[4], float vector[4], float vector[4], int)' [-Wframe-larger-than]
2026-10-09T15:46:10.8798320Z C/C++:  1221 | STAGE(hlg_rgb, const skcms_TransferFunction* tf) {
2026-10-09T15:46:10.8799128Z C/C++:       | ^
2026-10-09T15:46:10.8800357Z C/C++: /home/runner/work/AN-Paint/AN-Paint/Paintroid/build/jxl-source/third_party/skcms/src/Transform_inl.h:818:9: note: expanded from macro 'STAGE'
2026-10-09T15:46:10.8802102Z C/C++:   818 |         DECLARE_STAGE(name, arg, [[clang::musttail]] return (*list.fn)(list, ctx, src, dst, \
2026-10-09T15:46:10.8803350Z C/C++:       |         ^
2026-10-09T15:46:10.8804681Z C/C++: /home/runner/work/AN-Paint/AN-Paint/Paintroid/build/jxl-source/third_party/skcms/src/Transform_inl.h:809:17: note: expanded from macro 'DECLARE_STAGE'
2026-10-09T15:46:10.8806357Z C/C++:   809 |         SI void Exec_##name(StageList list, const void** ctx, STAGE_PARAMS()) { \
2026-10-09T15:46:10.8807293Z C/C++:       |                 ^
2026-10-09T15:46:10.8808435Z C/C++: /home/runner/work/AN-Paint/AN-Paint/Paintroid/.cxx/Debug/68am3368/x86/<scratch space>:204:1: note: expanded from here
2026-10-09T15:46:10.8810125Z C/C++:   204 | Exec_hlg_rgb
2026-10-09T15:46:10.8810792Z C/C++:       | ^
2026-10-09T15:46:10.8811999Z C/C++: In file included from /home/runner/work/AN-Paint/AN-Paint/Paintroid/build/jxl-source/third_party/skcms/src/skcms_TransformBaseline.cc:47:
2026-10-09T15:46:10.8815585Z C/C++: /home/runner/work/AN-Paint/AN-Paint/Paintroid/build/jxl-source/third_party/skcms/src/Transform_inl.h:1253:1: warning: stack frame size (7372) exceeds limit (5632) in 'skcms_private::baseline::Exec_hlginv_rgb(skcms_private::baseline::StageList, void const**, char const*, char*, float vector[4], float vector[4], float vector[4], float vector[4], int)' [-Wframe-larger-than]
2026-10-09T15:46:10.8818424Z C/C++:  1253 | STAGE(hlginv_rgb, const skcms_TransferFunction* tf) {
2026-10-09T15:46:10.8819464Z C/C++:       | ^
2026-10-09T15:46:10.8820725Z C/C++: /home/runner/work/AN-Paint/AN-Paint/Paintroid/build/jxl-source/third_party/skcms/src/Transform_inl.h:818:9: note: expanded from macro 'STAGE'
2026-10-09T15:46:10.8822436Z C/C++:   818 |         DECLARE_STAGE(name, arg, [[clang::musttail]] return (*list.fn)(list, ctx, src, dst, \
2026-10-09T15:46:10.8823666Z C/C++:       |         ^
2026-10-09T15:46:10.8825032Z C/C++: /home/runner/work/AN-Paint/AN-Paint/Paintroid/build/jxl-source/third_party/skcms/src/Transform_inl.h:809:17: note: expanded from macro 'DECLARE_STAGE'
2026-10-09T15:46:10.8826744Z C/C++:   809 |         SI void Exec_##name(StageList list, const void** ctx, STAGE_PARAMS()) { \
2026-10-09T15:46:10.8827740Z C/C++:       |                 ^
2026-10-09T15:46:10.8828977Z C/C++: /home/runner/work/AN-Paint/AN-Paint/Paintroid/.cxx/Debug/68am3368/x86/<scratch space>:246:1: note: expanded from here
2026-10-09T15:46:10.8830211Z C/C++:   246 | Exec_hlginv_rgb
2026-10-09T15:46:10.8830902Z C/C++:       | ^
2026-10-09T15:46:10.8855007Z C/C++: 6 warnings generated.
2026-10-09T15:46:11.4095203Z C/C++: In file included from /home/runner/work/AN-Paint/AN-Paint/Paintroid/build/jxl-source/lib/jxl/compressed_dc.cc:22:
2026-10-09T15:46:11.4114108Z C/C++: In file included from /home/runner/work/AN-Paint/AN-Paint/Paintroid/build/jxl-source/third_party/highway/hwy/foreach_target.h:83:
2026-10-09T15:46:11.4145523Z C/C++: /home/runner/work/AN-Paint/AN-Paint/Paintroid/build/jxl-source/lib/jxl/compressed_dc.cc:149:22: warning: stack frame size (9100) exceeds limit (5632) in 'jxl::N_SSE4::AdaptiveDCSmoothing(JxlMemoryManagerStruct*, float const*, jxl::Image3<float>*, jxl::ThreadPool*)::$_0::operator()(unsigned int, unsigned int) const' [-Wframe-larger-than]
2026-10-09T15:46:11.4173813Z C/C++:   149 |   auto process_row = [&](const uint32_t y, size_t /*thread*/) -> Status {
2026-10-09T15:46:11.4203443Z C/C++:       |                      ^
2026-10-09T15:46:11.4206015Z C/C++: /home/runner/work/AN-Paint/AN-Paint/Paintroid/build/jxl-source/lib/jxl/compressed_dc.cc:149:22: warning: stack frame size (9100) exceeds limit (5632) in 'jxl::N_SSE2::AdaptiveDCSmoothing(JxlMemoryManagerStruct*, float const*, jxl::Image3<float>*, jxl::ThreadPool*)::$_0::operator()(unsigned int, unsigned int) const' [-Wframe-larger-than]
2026-10-09T15:46:11.4249818Z C/C++:   149 |   auto process_row = [&](const uint32_t y, size_t /*thread*/) -> Status {
2026-10-09T15:46:11.4273498Z C/C++:       |                      ^
2026-10-09T15:46:11.4303508Z C/C++: 2 warnings generated.
2026-10-09T15:46:12.3094123Z C/C++: In file included from /home/runner/work/AN-Paint/AN-Paint/Paintroid/build/jxl-source/lib/jxl/dec_external_image.cc:28:
2026-10-09T15:46:12.3104023Z C/C++: In file included from /home/runner/work/AN-Paint/AN-Paint/Paintroid/build/jxl-source/third_party/highway/hwy/foreach_target.h:83:
2026-10-09T15:46:12.3134172Z C/C++: In file included from /home/runner/work/AN-Paint/AN-Paint/Paintroid/build/jxl-source/lib/jxl/dec_external_image.cc:29:
2026-10-09T15:46:12.3163930Z C/C++: In file included from /home/runner/work/AN-Paint/AN-Paint/Paintroid/build/jxl-source/third_party/highway/hwy/highway.h:605:
2026-10-09T15:46:12.3195811Z C/C++: /home/runner/work/AN-Paint/AN-Paint/Paintroid/build/jxl-source/third_party/highway/hwy/ops/generic_ops-inl.h:2807:19: warning: stack frame size (9196) exceeds limit (5632) in 'decltype(Zero((hwy::N_SSE4::Simd<hwy::float16_t, 8u, -1>)())) hwy::N_SSE4::DemoteTo<hwy::N_SSE4::Simd<hwy::float16_t, 8u, -1>, (void*)0>(hwy::N_SSE4::Simd<hwy::float16_t, 8u, -1>, decltype(Zero((hwy::N_SSE4::Simd<hwy::float16_t, 8u, -1>::Rebind<float>)())))' [-Wframe-larger-than]
2026-10-09T15:46:12.3223690Z C/C++:  2807 | HWY_API VFromD<D> DemoteTo(D df16, VFromD<Rebind<float, D>> v) {
2026-10-09T15:46:12.3254651Z C/C++:       |                   ^
2026-10-09T15:46:12.3285658Z C/C++: In file included from /home/runner/work/AN-Paint/AN-Paint/Paintroid/build/jxl-source/lib/jxl/dec_external_image.cc:29:
2026-10-09T15:46:12.3313929Z C/C++: In file included from /home/runner/work/AN-Paint/AN-Paint/Paintroid/build/jxl-source/third_party/highway/hwy/highway.h:605:
2026-10-09T15:46:12.3317566Z C/C++: /home/runner/work/AN-Paint/AN-Paint/Paintroid/build/jxl-source/third_party/highway/hwy/ops/generic_ops-inl.h:2807:19: warning: stack frame size (9244) exceeds limit (5632) in 'decltype(Zero((hwy::N_SSE2::Simd<hwy::float16_t, 8u, -1>)())) hwy::N_SSE2::DemoteTo<hwy::N_SSE2::Simd<hwy::float16_t, 8u, -1>, (void*)0>(hwy::N_SSE2::Simd<hwy::float16_t, 8u, -1>, decltype(Zero((hwy::N_SSE2::Simd<hwy::float16_t, 8u, -1>::Rebind<float>)())))' [-Wframe-larger-than]
2026-10-09T15:46:12.3341308Z C/C++:  2807 | HWY_API VFromD<D> DemoteTo(D df16, VFromD<Rebind<float, D>> v) {
2026-10-09T15:46:12.3423441Z C/C++:       |                   ^
2026-10-09T15:46:12.3433501Z C/C++: 2 warnings generated.
2026-10-09T15:46:15.1137027Z C/C++: /home/runner/work/AN-Paint/AN-Paint/Paintroid/build/jxl-source/lib/jxl/modular/encoding/encoding.cc:149:8: warning: stack frame size (10668) exceeds limit (5632) in 'jxl::Status jxl::detail::DecodeModularChannelMAANS<false>(jxl::BitReader*, jxl::ANSSymbolReader*, std::__ndk1::vector<unsigned char, std::__ndk1::allocator<unsigned char>> const&, std::__ndk1::vector<jxl::PropertyDecisionNode, std::__ndk1::allocator<jxl::PropertyDecisionNode>> const&, jxl::weighted::Header const&, int, unsigned int, jxl::TreeLut<unsigned char, false, false>&, jxl::Image*, unsigned int&, unsigned int&)' [-Wframe-larger-than]
2026-10-09T15:46:15.1163497Z C/C++:   149 | Status DecodeModularChannelMAANS(BitReader *br, ANSSymbolReader *reader,
2026-10-09T15:46:15.1213280Z C/C++:       |        ^
2026-10-09T15:46:15.1243512Z C/C++: 1 warning generated.
2026-10-09T15:46:15.6124316Z C/C++: In file included from /home/runner/work/AN-Paint/AN-Paint/Paintroid/build/jxl-source/lib/jxl/modular/transform/squeeze.cc:26:
2026-10-09T15:46:15.6148475Z C/C++: In file included from /home/runner/work/AN-Paint/AN-Paint/Paintroid/build/jxl-source/third_party/highway/hwy/foreach_target.h:83:
2026-10-09T15:46:15.6175120Z C/C++: /home/runner/work/AN-Paint/AN-Paint/Paintroid/build/jxl-source/lib/jxl/modular/transform/squeeze.cc:182:31: warning: stack frame size (5788) exceeds limit (5632) in 'jxl::N_SSE4::InvHSqueeze(jxl::Image&, unsigned int, unsigned int, jxl::ThreadPool*)::$_0::operator()(unsigned int, unsigned int) const' [-Wframe-larger-than]
2026-10-09T15:46:15.6203420Z C/C++:   182 |   const auto unsqueeze_span = [&](const uint32_t task,
2026-10-09T15:46:15.6215796Z C/C++:       |                               ^
2026-10-09T15:46:15.6250264Z C/C++: /home/runner/work/AN-Paint/AN-Paint/Paintroid/build/jxl-source/lib/jxl/modular/transform/squeeze.cc:182:31: warning: stack frame size (5788) exceeds limit (5632) in 'jxl::N_SSE2::InvHSqueeze(jxl::Image&, unsigned int, unsigned int, jxl::ThreadPool*)::$_0::operator()(unsigned int, unsigned int) const' [-Wframe-larger-than]
2026-10-09T15:46:15.6273578Z C/C++:   182 |   const auto unsqueeze_span = [&](const uint32_t task,
2026-10-09T15:46:15.6303521Z C/C++:       |                               ^
2026-10-09T15:46:15.6333365Z C/C++: 2 warnings generated.
2026-10-09T15:46:18.5105501Z C/C++: In file included from /home/runner/work/AN-Paint/AN-Paint/Paintroid/build/jxl-source/lib/jxl/render_pipeline/stage_write.cc:37:
2026-10-09T15:46:18.5134354Z C/C++: In file included from /home/runner/work/AN-Paint/AN-Paint/Paintroid/build/jxl-source/third_party/highway/hwy/foreach_target.h:83:
2026-10-09T15:46:18.5154128Z C/C++: In file included from /home/runner/work/AN-Paint/AN-Paint/Paintroid/build/jxl-source/lib/jxl/render_pipeline/stage_write.cc:38:
2026-10-09T15:46:18.5189838Z C/C++: In file included from /home/runner/work/AN-Paint/AN-Paint/Paintroid/build/jxl-source/third_party/highway/hwy/highway.h:605:
2026-10-09T15:46:18.5196677Z C/C++: /home/runner/work/AN-Paint/AN-Paint/Paintroid/build/jxl-source/third_party/highway/hwy/ops/generic_ops-inl.h:1637:14: warning: stack frame size (5980) exceeds limit (5632) in 'void hwy::N_SSE4::StoreInterleaved3<hwy::N_SSE4::Simd<unsigned char, 16u, -2>, (void*)0, (void*)0, (void*)0>(decltype(Zero((hwy::N_SSE4::Simd<unsigned char, 16u, -2>)())), decltype(Zero((hwy::N_SSE4::Simd<unsigned char, 16u, -2>)())), decltype(Zero((hwy::N_SSE4::Simd<unsigned char, 16u, -2>)())), hwy::N_SSE4::Simd<unsigned char, 16u, -2>, hwy::N_SSE4::Simd<unsigned char, 16u, -2>::T*)' [-Wframe-larger-than]
2026-10-09T15:46:18.5227718Z C/C++:  1637 | HWY_API void StoreInterleaved3(VFromD<D> part0, VFromD<D> part1,
2026-10-09T15:46:18.5253628Z C/C++:       |              ^
2026-10-09T15:46:18.5286480Z C/C++: /home/runner/work/AN-Paint/AN-Paint/Paintroid/build/jxl-source/third_party/highway/hwy/ops/generic_ops-inl.h:1570:14: warning: stack frame size (10524) exceeds limit (5632) in 'void hwy::N_SSE4::StoreInterleaved3<hwy::N_SSE4::Simd<unsigned short, 8u, -1>, (void*)0, (void*)0>(decltype(Zero((hwy::N_SSE4::Simd<unsigned short, 8u, -1>)())), decltype(Zero((hwy::N_SSE4::Simd<unsigned short, 8u, -1>)())), decltype(Zero((hwy::N_SSE4::Simd<unsigned short, 8u, -1>)())), hwy::N_SSE4::Simd<unsigned short, 8u, -1>, hwy::N_SSE4::Simd<unsigned short, 8u, -1>::T*)' [-Wframe-larger-than]
2026-10-09T15:46:18.5314148Z C/C++:  1570 | HWY_API void StoreInterleaved3(VFromD<D> part0, VFromD<D> part1,
2026-10-09T15:46:18.5323346Z C/C++:       |              ^
2026-10-09T15:46:18.5345776Z C/C++: /home/runner/work/AN-Paint/AN-Paint/Paintroid/build/jxl-source/third_party/highway/hwy/ops/generic_ops-inl.h:2807:19: warning: stack frame size (9212) exceeds limit (5632) in 'decltype(Zero((hwy::N_SSE4::Simd<hwy::float16_t, 8u, -1>)())) hwy::N_SSE4::DemoteTo<hwy::N_SSE4::Simd<hwy::float16_t, 8u, -1>, (void*)0>(hwy::N_SSE4::Simd<hwy::float16_t, 8u, -1>, decltype(Zero((hwy::N_SSE4::Simd<hwy::float16_t, 8u, -1>::Rebind<float>)())))' [-Wframe-larger-than]
2026-10-09T15:46:18.5373853Z C/C++:  2807 | HWY_API VFromD<D> DemoteTo(D df16, VFromD<Rebind<float, D>> v) {
2026-10-09T15:46:18.5403385Z C/C++:       |                   ^
2026-10-09T15:46:18.5434017Z C/C++: In file included from /home/runner/work/AN-Paint/AN-Paint/Paintroid/build/jxl-source/lib/jxl/render_pipeline/stage_write.cc:38:
2026-10-09T15:46:18.5435868Z C/C++: In file included from /home/runner/work/AN-Paint/AN-Paint/Paintroid/build/jxl-source/third_party/highway/hwy/highway.h:605:
2026-10-09T15:46:18.5466377Z C/C++: /home/runner/work/AN-Paint/AN-Paint/Paintroid/build/jxl-source/third_party/highway/hwy/ops/generic_ops-inl.h:1637:14: warning: stack frame size (13260) exceeds limit (5632) in 'void hwy::N_SSE2::StoreInterleaved3<hwy::N_SSE2::Simd<unsigned char, 16u, -2>, (void*)0, (void*)0, (void*)0>(decltype(Zero((hwy::N_SSE2::Simd<unsigned char, 16u, -2>)())), decltype(Zero((hwy::N_SSE2::Simd<unsigned char, 16u, -2>)())), decltype(Zero((hwy::N_SSE2::Simd<unsigned char, 16u, -2>)())), hwy::N_SSE2::Simd<unsigned char, 16u, -2>, hwy::N_SSE2::Simd<unsigned char, 16u, -2>::T*)' [-Wframe-larger-than]
2026-10-09T15:46:18.5493611Z C/C++:  1637 | HWY_API void StoreInterleaved3(VFromD<D> part0, VFromD<D> part1,
2026-10-09T15:46:18.5523303Z C/C++:       |              ^
2026-10-09T15:46:18.5527116Z C/C++: /home/runner/work/AN-Paint/AN-Paint/Paintroid/build/jxl-source/third_party/highway/hwy/ops/generic_ops-inl.h:1570:14: warning: stack frame size (22028) exceeds limit (5632) in 'void hwy::N_SSE2::StoreInterleaved3<hwy::N_SSE2::Simd<unsigned short, 8u, -1>, (void*)0, (void*)0>(decltype(Zero((hwy::N_SSE2::Simd<unsigned short, 8u, -1>)())), decltype(Zero((hwy::N_SSE2::Simd<unsigned short, 8u, -1>)())), decltype(Zero((hwy::N_SSE2::Simd<unsigned short, 8u, -1>)())), hwy::N_SSE2::Simd<unsigned short, 8u, -1>, hwy::N_SSE2::Simd<unsigned short, 8u, -1>::T*)' [-Wframe-larger-than]
2026-10-09T15:46:18.5531227Z C/C++:  1570 | HWY_API void StoreInterleaved3(VFromD<D> part0, VFromD<D> part1,
2026-10-09T15:46:18.5531934Z C/C++:       |              ^
2026-10-09T15:46:18.5534929Z C/C++: /home/runner/work/AN-Paint/AN-Paint/Paintroid/build/jxl-source/third_party/highway/hwy/ops/generic_ops-inl.h:2807:19: warning: stack frame size (9244) exceeds limit (5632) in 'decltype(Zero((hwy::N_SSE2::Simd<hwy::float16_t, 8u, -1>)())) hwy::N_SSE2::DemoteTo<hwy::N_SSE2::Simd<hwy::float16_t, 8u, -1>, (void*)0>(hwy::N_SSE2::Simd<hwy::float16_t, 8u, -1>, decltype(Zero((hwy::N_SSE2::Simd<hwy::float16_t, 8u, -1>::Rebind<float>)())))' [-Wframe-larger-than]
2026-10-09T15:46:18.5537935Z C/C++:  2807 | HWY_API VFromD<D> DemoteTo(D df16, VFromD<Rebind<float, D>> v) {
2026-10-09T15:46:18.5538609Z C/C++:       |                   ^
2026-10-09T15:46:18.5539047Z C/C++: 6 warnings generated.
2026-10-09T15:46:21.2098677Z C/C++: In file included from /home/runner/work/AN-Paint/AN-Paint/Paintroid/build/jxl-source/lib/jxl/enc_convolve_separable5.cc:19:
2026-10-09T15:46:21.2145452Z C/C++: In file included from /home/runner/work/AN-Paint/AN-Paint/Paintroid/build/jxl-source/third_party/highway/hwy/foreach_target.h:83:
2026-10-09T15:46:21.2165295Z C/C++: /home/runner/work/AN-Paint/AN-Paint/Paintroid/build/jxl-source/lib/jxl/enc_convolve_separable5.cc:111:21: warning: stack frame size (10236) exceeds limit (5632) in 'void jxl::N_SSE4::Separable5Impl::ConvolveRow<0u, true>(unsigned int)' [-Wframe-larger-than]
2026-10-09T15:46:21.2223800Z C/C++:   111 |   JXL_NOINLINE void ConvolveRow(const uint32_t y) {
2026-10-09T15:46:21.2253294Z C/C++:       |                     ^
2026-10-09T15:46:21.2312786Z C/C++: /home/runner/work/AN-Paint/AN-Paint/Paintroid/build/jxl-source/lib/jxl/enc_convolve_separable5.cc:111:21: warning: stack frame size (10092) exceeds limit (5632) in 'void jxl::N_SSE4::Separable5Impl::ConvolveRow<0u, false>(unsigned int)' [-Wframe-larger-than]
2026-10-09T15:46:21.2336982Z C/C++: /home/runner/work/AN-Paint/AN-Paint/Paintroid/build/jxl-source/lib/jxl/enc_convolve_separable5.cc:111:21: warning: stack frame size (10140) exceeds limit (5632) in 'void jxl::N_SSE4::Separable5Impl::ConvolveRow<1u, true>(unsigned int)' [-Wframe-larger-than]
2026-10-09T15:46:21.2404714Z C/C++: /home/runner/work/AN-Paint/AN-Paint/Paintroid/build/jxl-source/lib/jxl/enc_convolve_separable5.cc:111:21: warning: stack frame size (9996) exceeds limit (5632) in 'void jxl::N_SSE4::Separable5Impl::ConvolveRow<1u, false>(unsigned int)' [-Wframe-larger-than]
2026-10-09T15:46:21.2454792Z C/C++: /home/runner/work/AN-Paint/AN-Paint/Paintroid/build/jxl-source/lib/jxl/enc_convolve_separable5.cc:111:21: warning: stack frame size (6444) exceeds limit (5632) in 'void jxl::N_SSE4::Separable5Impl::ConvolveRow<2u, true>(unsigned int)' [-Wframe-larger-than]
2026-10-09T15:46:21.2457660Z C/C++: /home/runner/work/AN-Paint/AN-Paint/Paintroid/build/jxl-source/lib/jxl/enc_convolve_separable5.cc:111:21: warning: stack frame size (6300) exceeds limit (5632) in 'void jxl::N_SSE4::Separable5Impl::ConvolveRow<2u, false>(unsigned int)' [-Wframe-larger-than]
2026-10-09T15:46:21.2515196Z C/C++: /home/runner/work/AN-Paint/AN-Paint/Paintroid/build/jxl-source/lib/jxl/enc_convolve_separable5.cc:111:21: warning: stack frame size (6444) exceeds limit (5632) in 'void jxl::N_SSE4::Separable5Impl::ConvolveRow<3u, true>(unsigned int)' [-Wframe-larger-than]
2026-10-09T15:46:21.2564987Z C/C++: /home/runner/work/AN-Paint/AN-Paint/Paintroid/build/jxl-source/lib/jxl/enc_convolve_separable5.cc:111:21: warning: stack frame size (6300) exceeds limit (5632) in 'void jxl::N_SSE4::Separable5Impl::ConvolveRow<3u, false>(unsigned int)' [-Wframe-larger-than]
2026-10-09T15:46:21.2624795Z C/C++: /home/runner/work/AN-Paint/AN-Paint/Paintroid/build/jxl-source/lib/jxl/enc_convolve_separable5.cc:111:21: warning: stack frame size (10236) exceeds limit (5632) in 'void jxl::N_SSE2::Separable5Impl::ConvolveRow<0u, true>(unsigned int)' [-Wframe-larger-than]
2026-10-09T15:46:21.2703624Z C/C++:   111 |   JXL_NOINLINE void ConvolveRow(const uint32_t y) {
2026-10-09T15:46:21.2773323Z C/C++:       |                     ^
2026-10-09T15:46:21.2804744Z C/C++: /home/runner/work/AN-Paint/AN-Paint/Paintroid/build/jxl-source/lib/jxl/enc_convolve_separable5.cc:111:21: warning: stack frame size (10092) exceeds limit (5632) in 'void jxl::N_SSE2::Separable5Impl::ConvolveRow<0u, false>(unsigned int)' [-Wframe-larger-than]
2026-10-09T15:46:21.2885501Z C/C++: /home/runner/work/AN-Paint/AN-Paint/Paintroid/build/jxl-source/lib/jxl/enc_convolve_separable5.cc:111:21: warning: stack frame size (10140) exceeds limit (5632) in 'void jxl::N_SSE2::Separable5Impl::ConvolveRow<1u, true>(unsigned int)' [-Wframe-larger-than]
2026-10-09T15:46:21.2934753Z C/C++: /home/runner/work/AN-Paint/AN-Paint/Paintroid/build/jxl-source/lib/jxl/enc_convolve_separable5.cc:111:21: warning: stack frame size (9996) exceeds limit (5632) in 'void jxl::N_SSE2::Separable5Impl::ConvolveRow<1u, false>(unsigned int)' [-Wframe-larger-than]
2026-10-09T15:46:21.3024892Z C/C++: /home/runner/work/AN-Paint/AN-Paint/Paintroid/build/jxl-source/lib/jxl/enc_convolve_separable5.cc:111:21: warning: stack frame size (6444) exceeds limit (5632) in 'void jxl::N_SSE2::Separable5Impl::ConvolveRow<2u, true>(unsigned int)' [-Wframe-larger-than]
2026-10-09T15:46:21.3074797Z C/C++: /home/runner/work/AN-Paint/AN-Paint/Paintroid/build/jxl-source/lib/jxl/enc_convolve_separable5.cc:111:21: warning: stack frame size (6300) exceeds limit (5632) in 'void jxl::N_SSE2::Separable5Impl::ConvolveRow<2u, false>(unsigned int)' [-Wframe-larger-than]
2026-10-09T15:46:21.3145307Z C/C++: /home/runner/work/AN-Paint/AN-Paint/Paintroid/build/jxl-source/lib/jxl/enc_convolve_separable5.cc:111:21: warning: stack frame size (6444) exceeds limit (5632) in 'void jxl::N_SSE2::Separable5Impl::ConvolveRow<3u, true>(unsigned int)' [-Wframe-larger-than]
2026-10-09T15:46:21.3204784Z C/C++: /home/runner/work/AN-Paint/AN-Paint/Paintroid/build/jxl-source/lib/jxl/enc_convolve_separable5.cc:111:21: warning: stack frame size (6300) exceeds limit (5632) in 'void jxl::N_SSE2::Separable5Impl::ConvolveRow<3u, false>(unsigned int)' [-Wframe-larger-than]
2026-10-09T15:46:21.3303356Z C/C++: 16 warnings generated.
2026-10-09T15:46:29.7175055Z C/C++: /home/runner/work/AN-Paint/AN-Paint/Paintroid/build/heif-source/libde265/libde265/slice.cc:5137:11: warning: comparison of integers of different signs: 'int' and 'value_type' (aka 'unsigned int') [-Wsign-compare]
2026-10-09T15:46:29.7184002Z C/C++:  5136 |           tctx->cabac_decoder.bitstream_curr - tctx->cabac_decoder.bitstream_start - 2 /* -2 because of CABAC init */
2026-10-09T15:46:29.7213416Z C/C++:       |           ~~~~~~~~~~~~~~~~~~~~~~~~~~~~~~~~~~~~~~~~~~~~~~~~~~~~~~~~~~~~~~~~~~~~~~~~~~~~
2026-10-09T15:46:29.7214403Z C/C++:  5137 |           != tctx->shdr->entry_point_offset[substream - 1]) {
2026-10-09T15:46:29.7243327Z C/C++:       |           ^  ~~~~~~~~~~~~~~~~~~~~~~~~~~~~~~~~~~~~~~~~~~~~~
2026-10-09T15:46:29.7273283Z C/C++: 1 warning generated.
2026-10-09T15:46:31.2105097Z C/C++: /home/runner/work/AN-Paint/AN-Paint/Paintroid/build/heif-source/libheif/libheif/bitstream.cc:81:32: warning: implicit conversion loses integer precision: 'uint64_t' (aka 'unsigned long long') to 'unsigned int' [-Wshorten-64-to-32]
2026-10-09T15:46:31.2163627Z C/C++:    81 |     m_owned_data = new uint8_t[m_length];
2026-10-09T15:46:31.2223447Z C/C++:       |                    ~~~         ^~~~~~~~
2026-10-09T15:46:31.2283401Z C/C++: 1 warning generated.
2026-10-09T15:46:31.5095225Z C/C++: /home/runner/work/AN-Paint/AN-Paint/Paintroid/build/heif-source/libheif/libheif/box.cc:1006:27: warning: implicit conversion loses integer precision: 'int64_t' (aka 'long long') to 'size_t' (aka 'unsigned int') [-Wshorten-64-to-32]
2026-10-09T15:46:31.5101280Z C/C++:  1005 |   BitstreamRange boxrange(range.get_istream(),
2026-10-09T15:46:31.5102066Z C/C++:       |                  ~~~~~~~~
2026-10-09T15:46:31.5102759Z C/C++:  1006 |                           box_size_without_header,
2026-10-09T15:46:31.5103809Z C/C++:       |                           ^~~~~~~~~~~~~~~~~~~~~~~
2026-10-09T15:46:31.5105805Z C/C++: /home/runner/work/AN-Paint/AN-Paint/Paintroid/build/heif-source/libheif/libheif/box.cc:2181:76: warning: implicit conversion loses integer precision: 'uint64_t' (aka 'unsigned long long') to 'size_t' (aka 'unsigned int') [-Wshorten-64-to-32]
2026-10-09T15:46:31.5107967Z C/C++:  2181 |       memcpy(extent.data.data() + output_offset, data.data() + data_start, write_n);
2026-10-09T15:46:31.5108971Z C/C++:       |       ~~~~~~                                                               ^~~~~~~
2026-10-09T15:46:31.5111008Z C/C++: /home/runner/work/AN-Paint/AN-Paint/Paintroid/build/heif-source/libheif/libheif/box.cc:2403:44: warning: implicit conversion loses integer precision: 'uint64_t' (aka 'unsigned long long') to 'size_type' (aka 'unsigned int') [-Wshorten-64-to-32]
2026-10-09T15:46:31.5113252Z C/C++:  2403 |           std::vector<uint8_t> data(extent.length);
2026-10-09T15:46:31.5114029Z C/C++:       |                                ~~~~ ~~~~~~~^~~~~~
2026-10-09T15:46:31.5115924Z C/C++: /home/runner/work/AN-Paint/AN-Paint/Paintroid/build/heif-source/libheif/libheif/box.cc:2405:66: warning: implicit conversion loses integer precision: 'uint64_t' (aka 'unsigned long long') to 'size_t' (aka 'unsigned int') [-Wshorten-64-to-32]
2026-10-09T15:46:31.5117971Z C/C++:  2405 |           ssize_t cnt = ::read(m_tmpfile_fd, data.data(), extent.length);
2026-10-09T15:46:31.5118856Z C/C++:       |                         ~~                                ~~~~~~~^~~~~~
2026-10-09T15:46:31.5119815Z C/C++: 4 warnings generated.
2026-10-09T15:46:36.6118810Z C/C++: /home/runner/work/AN-Paint/AN-Paint/Paintroid/build/heif-source/libheif/libheif/file_layout.cc:56:50: warning: implicit conversion loses integer precision: 'uint64_t' (aka 'unsigned long long') to 'size_t' (aka 'unsigned int') [-Wshorten-64-to-32]
2026-10-09T15:46:36.6175832Z C/C++:    56 |   BitstreamRange ftyp_hdr_range(m_stream_reader, m_max_length);
2026-10-09T15:46:36.6233494Z C/C++:       |                  ~~~~~~~~~~~~~~                  ^~~~~~~~~~~~
2026-10-09T15:46:36.6264611Z C/C++: /home/runner/work/AN-Paint/AN-Paint/Paintroid/build/heif-source/libheif/libheif/file_layout.cc:88:49: warning: implicit conversion loses integer precision: 'uint64_t' (aka 'unsigned long long') to 'size_t' (aka 'unsigned int') [-Wshorten-64-to-32]
2026-10-09T15:46:36.6292191Z C/C++:    88 |   BitstreamRange ftyp_range(m_stream_reader, 0, ftyp_size);
2026-10-09T15:46:36.6305354Z C/C++:       |                  ~~~~~~~~~~                     ^~~~~~~~~
2026-10-09T15:46:36.6334904Z C/C++: /home/runner/work/AN-Paint/AN-Paint/Paintroid/build/heif-source/libheif/libheif/file_layout.cc:125:63: warning: implicit conversion loses integer precision: 'uint64_t' (aka 'unsigned long long') to 'size_t' (aka 'unsigned int') [-Wshorten-64-to-32]
2026-10-09T15:46:36.6337020Z C/C++:   125 |     BitstreamRange box_range(m_stream_reader, next_box_start, m_max_length);
2026-10-09T15:46:36.6337865Z C/C++:       |                    ~~~~~~~~~                                  ^~~~~~~~~~~~
2026-10-09T15:46:36.6339759Z C/C++: /home/runner/work/AN-Paint/AN-Paint/Paintroid/build/heif-source/libheif/libheif/file_layout.cc:125:47: warning: implicit conversion loses integer precision: 'uint64_t' (aka 'unsigned long long') to 'size_t' (aka 'unsigned int') [-Wshorten-64-to-32]
2026-10-09T15:46:36.6341785Z C/C++:   125 |     BitstreamRange box_range(m_stream_reader, next_box_start, m_max_length);
2026-10-09T15:46:36.6342596Z C/C++:       |                    ~~~~~~~~~                  ^~~~~~~~~~~~~~
2026-10-09T15:46:36.6344649Z C/C++: /home/runner/work/AN-Paint/AN-Paint/Paintroid/build/heif-source/libheif/libheif/file_layout.cc:167:70: warning: implicit conversion loses integer precision: 'uint64_t' (aka 'unsigned long long') to 'size_t' (aka 'unsigned int') [-Wshorten-64-to-32]
2026-10-09T15:46:36.6347106Z C/C++:   167 |       BitstreamRange meta_box_range(m_stream_reader, meta_box_start, end_of_meta_box);
2026-10-09T15:46:36.6348024Z C/C++:       |                      ~~~~~~~~~~~~~~                                  ^~~~~~~~~~~~~~~
2026-10-09T15:46:36.6349999Z C/C++: /home/runner/work/AN-Paint/AN-Paint/Paintroid/build/heif-source/libheif/libheif/file_layout.cc:167:54: warning: implicit conversion loses integer precision: 'const uint64_t' (aka 'const unsigned long long') to 'size_t' (aka 'unsigned int') [-Wshorten-64-to-32]
2026-10-09T15:46:36.6352138Z C/C++:   167 |       BitstreamRange meta_box_range(m_stream_reader, meta_box_start, end_of_meta_box);
2026-10-09T15:46:36.6353220Z C/C++:       |                      ~~~~~~~~~~~~~~                  ^~~~~~~~~~~~~~
2026-10-09T15:46:36.6355146Z C/C++: /home/runner/work/AN-Paint/AN-Paint/Paintroid/build/heif-source/libheif/libheif/file_layout.cc:214:70: warning: implicit conversion loses integer precision: 'uint64_t' (aka 'unsigned long long') to 'size_t' (aka 'unsigned int') [-Wshorten-64-to-32]
2026-10-09T15:46:36.6378223Z C/C++:   214 |       BitstreamRange mini_box_range(m_stream_reader, mini_box_start, end_of_mini_box);
2026-10-09T15:46:36.6412440Z C/C++:       |                      ~~~~~~~~~~~~~~                                  ^~~~~~~~~~~~~~~
2026-10-09T15:46:36.6444745Z C/C++: /home/runner/work/AN-Paint/AN-Paint/Paintroid/build/heif-source/libheif/libheif/file_layout.cc:214:54: warning: implicit conversion loses integer precision: 'const uint64_t' (aka 'const unsigned long long') to 'size_t' (aka 'unsigned int') [-Wshorten-64-to-32]
2026-10-09T15:46:36.6473983Z C/C++:   214 |       BitstreamRange mini_box_range(m_stream_reader, mini_box_start, end_of_mini_box);
2026-10-09T15:46:36.6515175Z C/C++:       |                      ~~~~~~~~~~~~~~                  ^~~~~~~~~~~~~~
2026-10-09T15:46:36.6560238Z C/C++: /home/runner/work/AN-Paint/AN-Paint/Paintroid/build/heif-source/libheif/libheif/file_layout.cc:262:70: warning: implicit conversion loses integer precision: 'uint64_t' (aka 'unsigned long long') to 'size_t' (aka 'unsigned int') [-Wshorten-64-to-32]
2026-10-09T15:46:36.6584788Z C/C++:   262 |       BitstreamRange moov_box_range(m_stream_reader, moov_box_start, end_of_moov_box);
2026-10-09T15:46:36.6643652Z C/C++:       |                      ~~~~~~~~~~~~~~                                  ^~~~~~~~~~~~~~~
2026-10-09T15:46:36.6646162Z C/C++: /home/runner/work/AN-Paint/AN-Paint/Paintroid/build/heif-source/libheif/libheif/file_layout.cc:262:54: warning: implicit conversion loses integer precision: 'const uint64_t' (aka 'const unsigned long long') to 'size_t' (aka 'unsigned int') [-Wshorten-64-to-32]
2026-10-09T15:46:36.7134203Z C/C++:   262 |       BitstreamRange moov_box_range(m_stream_reader, moov_box_start, end_of_moov_box);
2026-10-09T15:46:36.7135479Z C/C++:       |                      ~~~~~~~~~~~~~~                  ^~~~~~~~~~~~~~
2026-10-09T15:46:36.7154901Z C/C++: 10 warnings generated.
2026-10-09T15:46:37.8115168Z C/C++: /home/runner/work/AN-Paint/AN-Paint/Paintroid/build/heif-source/libheif/libheif/region.cc:493:40: warning: implicit conversion loses integer precision: 'uint64_t' (aka 'unsigned long long') to 'size_t' (aka 'unsigned int') [-Wshorten-64-to-32]
2026-10-09T15:46:37.8143670Z C/C++:   493 |   if (auto err = m_memory_handle.alloc(bytes_for_mask, limits, "region mask")) {
2026-10-09T15:46:37.8144895Z C/C++:       |                                  ~~~~~ ^~~~~~~~~~~~~~
2026-10-09T15:46:37.8174799Z C/C++: /home/runner/work/AN-Paint/AN-Paint/Paintroid/build/heif-source/libheif/libheif/region.cc:497:20: warning: implicit conversion loses integer precision: 'uint64_t' (aka 'unsigned long long') to 'size_type' (aka 'unsigned int') [-Wshorten-64-to-32]
2026-10-09T15:46:37.8203436Z C/C++:   497 |   mask_data.resize(bytes_for_mask);
2026-10-09T15:46:37.8223704Z C/C++:       |             ~~~~~~ ^~~~~~~~~~~~~~
2026-10-09T15:46:37.8233563Z C/C++: 2 warnings generated.
2026-10-09T15:46:40.3105111Z C/C++: /home/runner/work/AN-Paint/AN-Paint/Paintroid/build/heif-source/libheif/libheif/codecs/decoder.cc:127:80: warning: implicit conversion loses integer precision: 'uint64_t' (aka 'unsigned long long') to 'difference_type' (aka 'int') [-Wshorten-64-to-32]
2026-10-09T15:46:40.3107306Z C/C++:   127 |     data.insert(data.begin(), m_raw.begin() + offset, m_raw.begin() + offset + size);
2026-10-09T15:46:40.3108266Z C/C++:       |                                                                              ~ ^~~~
2026-10-09T15:46:40.3134892Z C/C++: /home/runner/work/AN-Paint/AN-Paint/Paintroid/build/heif-source/libheif/libheif/codecs/decoder.cc:127:71: warning: implicit conversion loses integer precision: 'uint64_t' (aka 'unsigned long long') to 'difference_type' (aka 'int') [-Wshorten-64-to-32]
2026-10-09T15:46:40.3163658Z C/C++:   127 |     data.insert(data.begin(), m_raw.begin() + offset, m_raw.begin() + offset + size);
2026-10-09T15:46:40.3193464Z C/C++:       |                                                                     ~ ^~~~~~
2026-10-09T15:46:40.3254632Z C/C++: /home/runner/work/AN-Paint/AN-Paint/Paintroid/build/heif-source/libheif/libheif/codecs/decoder.cc:127:47: warning: implicit conversion loses integer precision: 'uint64_t' (aka 'unsigned long long') to 'difference_type' (aka 'int') [-Wshorten-64-to-32]
2026-10-09T15:46:40.3283985Z C/C++:   127 |     data.insert(data.begin(), m_raw.begin() + offset, m_raw.begin() + offset + size);
2026-10-09T15:46:40.3328094Z C/C++:       |                                             ~ ^~~~~~
2026-10-09T15:46:40.3383459Z C/C++: 3 warnings generated.
2026-10-09T15:46:43.1097985Z C/C++: /home/runner/work/AN-Paint/AN-Paint/Paintroid/build/heif-source/libheif/libheif/image-items/tiled.cc:360:20: warning: implicit conversion loses integer precision: 'unsigned long long' to 'size_type' (aka 'unsigned int') [-Wshorten-64-to-32]
2026-10-09T15:46:43.1113489Z C/C++:   360 |   m_offsets.resize(*num_tiles_result);
2026-10-09T15:46:43.1114119Z C/C++:       |             ~~~~~~ ^~~~~~~~~~~~~~~~~
2026-10-09T15:46:43.1144709Z C/C++: /home/runner/work/AN-Paint/AN-Paint/Paintroid/build/heif-source/libheif/libheif/image-items/tiled.cc:394:109: warning: implicit conversion loses integer precision: 'uint64_t' (aka 'unsigned long long') to 'size_t' (aka 'unsigned int') [-Wshorten-64-to-32]
2026-10-09T15:46:43.1173910Z C/C++:   394 |   size_t size_to_read = (end - start) * (m_parameters.offset_field_length + m_parameters.size_field_length) / 8;
2026-10-09T15:46:43.1203693Z C/C++:       |          ~~~~~~~~~~~~   ~~~~~~~~~~~~~~~~~~~~~~~~~~~~~~~~~~~~~~~~~~~~~~~~~~~~~~~~~~~~~~~~~~~~~~~~~~~~~~~~~~~~^~~
2026-10-09T15:46:43.1234856Z C/C++: /home/runner/work/AN-Paint/AN-Paint/Paintroid/build/heif-source/libheif/libheif/image-items/tiled.cc:395:101: warning: implicit conversion loses integer precision: 'uint64_t' (aka 'unsigned long long') to 'size_t' (aka 'unsigned int') [-Wshorten-64-to-32]
2026-10-09T15:46:43.1263837Z C/C++:   395 |   size_t start_offset = start * (m_parameters.offset_field_length + m_parameters.size_field_length) / 8;
2026-10-09T15:46:43.1284939Z C/C++:       |          ~~~~~~~~~~~~   ~~~~~~~~~~~~~~~~~~~~~~~~~~~~~~~~~~~~~~~~~~~~~~~~~~~~~~~~~~~~~~~~~~~~~~~~~~~~^~~
2026-10-09T15:46:43.1324779Z C/C++: /home/runner/work/AN-Paint/AN-Paint/Paintroid/build/heif-source/libheif/libheif/image-items/tiled.cc:416:15: warning: implicit conversion loses integer precision: 'uint64_t' (aka 'unsigned long long') to 'size_type' (aka 'unsigned int') [-Wshorten-64-to-32]
2026-10-09T15:46:43.1353697Z C/C++:   416 |     m_offsets[i].offset = readvec(data, idx, m_parameters.offset_field_length / 8);
2026-10-09T15:46:43.1383429Z C/C++:       |     ~~~~~~~~~ ^
2026-10-09T15:46:43.1418097Z C/C++: /home/runner/work/AN-Paint/AN-Paint/Paintroid/build/heif-source/libheif/libheif/image-items/tiled.cc:420:17: warning: implicit conversion loses integer precision: 'uint64_t' (aka 'unsigned long long') to 'size_type' (aka 'unsigned int') [-Wshorten-64-to-32]
2026-10-09T15:46:43.1443936Z C/C++:   420 |       m_offsets[i].size = static_cast<uint32_t>(readvec(data, idx, m_parameters.size_field_length / 8));
2026-10-09T15:46:43.1473391Z C/C++:       |       ~~~~~~~~~ ^
2026-10-09T15:46:43.1504852Z C/C++: /home/runner/work/AN-Paint/AN-Paint/Paintroid/build/heif-source/libheif/libheif/image-items/tiled.cc:502:13: warning: implicit conversion loses integer precision: 'uint64_t' (aka 'unsigned long long') to 'size_type' (aka 'unsigned int') [-Wshorten-64-to-32]
2026-10-09T15:46:43.1533701Z C/C++:   502 |   m_offsets[idx].offset = offset;
2026-10-09T15:46:43.1563348Z C/C++:       |   ~~~~~~~~~ ^~~
2026-10-09T15:46:43.1588709Z C/C++: /home/runner/work/AN-Paint/AN-Paint/Paintroid/build/heif-source/libheif/libheif/image-items/tiled.cc:503:13: warning: implicit conversion loses integer precision: 'uint64_t' (aka 'unsigned long long') to 'size_type' (aka 'unsigned int') [-Wshorten-64-to-32]
2026-10-09T15:46:43.1613491Z C/C++:   503 |   m_offsets[idx].size = size;
2026-10-09T15:46:43.1614007Z C/C++:       |   ~~~~~~~~~ ^~~
2026-10-09T15:46:43.1615803Z C/C++: /home/runner/work/AN-Paint/AN-Paint/Paintroid/build/heif-source/libheif/libheif/image-items/tiled.cc:531:15: warning: implicit conversion loses integer precision: 'uint64_t' (aka 'unsigned long long') to 'size_type' (aka 'unsigned int') [-Wshorten-64-to-32]
2026-10-09T15:46:43.1617726Z C/C++:   531 |   data.resize(size);
2026-10-09T15:46:43.1618186Z C/C++:       |        ~~~~~~ ^~~~
2026-10-09T15:46:43.1618628Z C/C++: 8 warnings generated.
2026-10-09T15:46:44.0105417Z C/C++: /home/runner/work/AN-Paint/AN-Paint/Paintroid/build/heif-source/libheif/libheif/sequences/seq_boxes.cc:1077:40: warning: implicit conversion loses integer precision: 'uint64_t' (aka 'unsigned long long') to 'size_t' (aka 'unsigned int') [-Wshorten-64-to-32]
2026-10-09T15:46:44.0133945Z C/C++:  1077 |   if (auto err = m_memory_handle.alloc(mem_size,
2026-10-09T15:46:44.0163455Z C/C++:       |                                  ~~~~~ ^~~~~~~~
2026-10-09T15:46:44.0165536Z C/C++: /home/runner/work/AN-Paint/AN-Paint/Paintroid/build/heif-source/libheif/libheif/sequences/seq_boxes.cc:2062:42: warning: implicit conversion loses integer precision: 'uint64_t' (aka 'unsigned long long') to 'size_t' (aka 'unsigned int') [-Wshorten-64-to-32]
2026-10-09T15:46:44.0193802Z C/C++:  2062 |     if (auto err = m_memory_handle.alloc(mem_size, limits, "the 'sample aux info sizes' (saiz) table")) {
2026-10-09T15:46:44.0223498Z C/C++:       |                                    ~~~~~ ^~~~~~~~
2026-10-09T15:46:44.0254796Z C/C++: /home/runner/work/AN-Paint/AN-Paint/Paintroid/build/heif-source/libheif/libheif/sequences/seq_boxes.cc:2142:23: warning: implicit conversion loses integer precision: 'uint64_t' (aka 'unsigned long long') to 'size_t' (aka 'unsigned int') [-Wshorten-64-to-32]
2026-10-09T15:46:44.0279972Z C/C++:  2142 |   writer.set_position(m_offset_start_pos);
2026-10-09T15:46:44.0303441Z C/C++:       |          ~~~~~~~~~~~~ ^~~~~~~~~~~~~~~~~~
2026-10-09T15:46:44.0333400Z C/C++: 3 warnings generated.
2026-10-09T15:46:44.7105444Z C/C++: /home/runner/work/AN-Paint/AN-Paint/Paintroid/build/heif-source/libheif/libheif/plugins/encoder_kvazaar.cc:805:63: warning: implicit conversion loses integer precision: 'int64_t' (aka 'long long') to 'uintptr_t' (aka 'unsigned int') [-Wshorten-64-to-32]
2026-10-09T15:46:44.7133670Z C/C++:   805 |   append_chunk_data(data, encoder, picture_out ? picture_out->pts : 0);
2026-10-09T15:46:44.7149845Z C/C++:       |   ~~~~~~~~~~~~~~~~~                              ~~~~~~~~~~~~~^~~
2026-10-09T15:46:44.7165601Z C/C++: /home/runner/work/AN-Paint/AN-Paint/Paintroid/build/heif-source/libheif/libheif/plugins/encoder_kvazaar.cc:847:51: warning: implicit conversion loses integer precision: 'int64_t' (aka 'long long') to 'uintptr_t' (aka 'unsigned int') [-Wshorten-64-to-32]
2026-10-09T15:46:44.7193638Z C/C++:   847 |     append_chunk_data(data, encoder, picture_out->pts);
2026-10-09T15:46:44.7223618Z C/C++:       |     ~~~~~~~~~~~~~~~~~                ~~~~~~~~~~~~~^~~
2026-10-09T15:46:44.7283451Z C/C++: 2 warnings generated.
2026-10-09T15:46:44.9105395Z C/C++: /home/runner/work/AN-Paint/AN-Paint/Paintroid/build/heif-source/libheif/libheif/plugins/encoder_aom.cc:1394:47: warning: implicit conversion loses integer precision: 'const aom_codec_pts_t' (aka 'const long long') to 'uintptr_t' (aka 'unsigned int') [-Wshorten-64-to-32]
2026-10-09T15:46:44.9133516Z C/C++:  1394 |       output_packet.frameNr = pkt->data.frame.pts;
2026-10-09T15:46:44.9193421Z C/C++:       |                             ~ ~~~~~~~~~~~~~~~~^~~
2026-10-09T15:46:44.9225050Z C/C++: /home/runner/work/AN-Paint/AN-Paint/Paintroid/build/heif-source/libheif/libheif/plugins/encoder_aom.cc:1445:47: warning: implicit conversion loses integer precision: 'const aom_codec_pts_t' (aka 'const long long') to 'uintptr_t' (aka 'unsigned int') [-Wshorten-64-to-32]
2026-10-09T15:46:44.9283562Z C/C++:  1445 |       output_packet.frameNr = pkt->data.frame.pts;
2026-10-09T15:46:44.9313405Z C/C++:       |                             ~ ~~~~~~~~~~~~~~~~^~~
2026-10-09T15:46:44.9363749Z C/C++: 2 warnings generated.
2026-10-09T15:46:49.3093748Z 
2026-10-09T15:46:49.3094555Z > Task :Paintroid:configureCMakeDebug[x86_64]
2026-10-09T15:46:49.3095357Z C/C++: -- Compiler is not EMSCRIPTEN
2026-10-09T15:46:55.2093800Z C/C++: --- aom_configure: Detected CPU: generic
2026-10-09T15:46:55.2094290Z C/C++: Running C compiler test: pie_check
2026-10-09T15:46:55.3093452Z C/C++: CONFIG_PIC enabled for position independent executable (PIE) build
2026-10-09T15:46:55.3094237Z C/C++: Running C compiler test: unistd_check
2026-10-09T15:46:55.5093637Z C/C++: Running CXX compiler test: unistd_check
2026-10-09T15:46:55.7093861Z C/C++: Running C compiler test: fenv_check
2026-10-09T15:46:55.8093477Z C/C++: Checking C compiler flag support for: -std=c11
2026-10-09T15:46:55.9094071Z C/C++: Checking C++ compiler flag support for: -std=c++17
2026-10-09T15:46:56.1093964Z C/C++: Checking C compiler flag support for: -Wall
2026-10-09T15:46:56.2094003Z C/C++: Checking C++ compiler flag support for: -Wall
2026-10-09T15:46:56.3093722Z C/C++: Checking C compiler flag support for: -Wdisabled-optimization
2026-10-09T15:46:56.4094041Z C/C++: Checking C++ compiler flag support for: -Wdisabled-optimization
2026-10-09T15:46:56.5093727Z C/C++: Checking C compiler flag support for: -Wextra
2026-10-09T15:46:56.6093847Z C/C++: Checking C++ compiler flag support for: -Wextra
2026-10-09T15:46:56.8093912Z C/C++: Checking C compiler flag support for: -Wextra-semi
2026-10-09T15:46:56.9094358Z C/C++: Checking C++ compiler flag support for: -Wextra-semi
2026-10-09T15:46:57.0093911Z C/C++: Checking C compiler flag support for: -Wextra-semi-stmt
2026-10-09T15:46:57.1094083Z C/C++: Checking C++ compiler flag support for: -Wextra-semi-stmt
2026-10-09T15:46:57.2093803Z C/C++: Checking C compiler flag support for: -Wfloat-conversion
2026-10-09T15:46:57.3093661Z C/C++: Checking C++ compiler flag support for: -Wfloat-conversion
2026-10-09T15:46:57.4093813Z C/C++: Checking C compiler flag support for: -Wformat=2
2026-10-09T15:46:57.6093910Z C/C++: Checking C++ compiler flag support for: -Wformat=2
2026-10-09T15:46:57.7094348Z C/C++: Checking C compiler flag support for: -Wimplicit-function-declaration
2026-10-09T15:46:57.8094424Z C/C++: Checking C compiler flag support for: -Wlogical-op
2026-10-09T15:46:57.9093903Z C/C++: Checking C++ compiler flag support for: -Wlogical-op
2026-10-09T15:46:58.0093946Z C/C++: Checking C compiler flag support for: -Wmissing-declarations
2026-10-09T15:46:58.1093696Z C/C++: Checking C++ compiler flag support for: -Wmissing-declarations
2026-10-09T15:46:58.3093867Z C/C++: Checking C compiler flag support for: -Wmissing-prototypes
2026-10-09T15:46:58.4094261Z C/C++: Checking C++ compiler flag support for: -Wmissing-prototypes
2026-10-09T15:46:58.5094138Z C/C++: Checking C compiler flag support for: -Wpointer-arith
2026-10-09T15:46:58.6093951Z C/C++: Checking C++ compiler flag support for: -Wpointer-arith
2026-10-09T15:46:58.7093766Z C/C++: Checking C compiler flag support for: -Wshadow
2026-10-09T15:46:58.8093877Z C/C++: Checking C++ compiler flag support for: -Wshadow
2026-10-09T15:46:59.0094048Z C/C++: Checking C compiler flag support for: -Wshorten-64-to-32
2026-10-09T15:46:59.1094004Z C/C++: Checking C++ compiler flag support for: -Wshorten-64-to-32
2026-10-09T15:46:59.2093818Z C/C++: Checking C compiler flag support for: -Wsign-compare
2026-10-09T15:46:59.3093529Z C/C++: Checking C++ compiler flag support for: -Wsign-compare
2026-10-09T15:46:59.4093868Z C/C++: Checking C compiler flag support for: -Wstring-conversion
2026-10-09T15:46:59.5093803Z C/C++: Checking C++ compiler flag support for: -Wstring-conversion
2026-10-09T15:46:59.6093543Z C/C++: Checking C compiler flag support for: -Wtype-limits
2026-10-09T15:46:59.8094118Z C/C++: Checking C++ compiler flag support for: -Wtype-limits
2026-10-09T15:46:59.9094628Z C/C++: Checking C compiler flag support for: -Wundef
2026-10-09T15:47:00.0094418Z C/C++: Checking C++ compiler flag support for: -Wundef
2026-10-09T15:47:00.1094317Z C/C++: Checking C compiler flag support for: -Wuninitialized
2026-10-09T15:47:00.2093851Z C/C++: Checking C++ compiler flag support for: -Wuninitialized
2026-10-09T15:47:00.3093506Z C/C++: Checking C compiler flag support for: -Wunreachable-code-aggressive
2026-10-09T15:47:00.5094347Z C/C++: Checking C++ compiler flag support for: -Wunreachable-code-aggressive
2026-10-09T15:47:00.6093989Z C/C++: Checking C compiler flag support for: -Wunused
2026-10-09T15:47:00.7093751Z C/C++: Checking C++ compiler flag support for: -Wunused
2026-10-09T15:47:00.8093496Z C/C++: Checking C compiler flag support for: -Wvla
2026-10-09T15:47:00.9093738Z C/C++: Checking C++ compiler flag support for: -Wvla
2026-10-09T15:47:01.0093796Z C/C++: Checking C compiler flag support for: -Wc23-extensions
2026-10-09T15:47:01.2094229Z C/C++: Checking C++ compiler flag support for: -Wc++20-extensions
2026-10-09T15:47:01.3093853Z C/C++: Checking C++ compiler flag support for: -Wc++23-extensions
2026-10-09T15:47:01.4093958Z C/C++: Checking C compiler flag support for: -Wstack-usage=100000
2026-10-09T15:47:01.5093735Z C/C++: Checking C++ compiler flag support for: -Wstack-usage=240000
2026-10-09T15:47:01.6094038Z C/C++: Checking C compiler flag support for: -D_LARGEFILE_SOURCE
2026-10-09T15:47:01.7093782Z C/C++: Checking C++ compiler flag support for: -D_LARGEFILE_SOURCE
2026-10-09T15:47:01.8093499Z C/C++: Checking C compiler flag support for: -D_FILE_OFFSET_BITS=64
2026-10-09T15:47:02.0094126Z C/C++: Checking C++ compiler flag support for: -D_FILE_OFFSET_BITS=64
2026-10-09T15:47:02.1094211Z C/C++: Checking C compiler flag support for: -flax-vector-conversions=none
2026-10-09T15:47:02.2094229Z C/C++: Checking C++ compiler flag support for: -flax-vector-conversions=none
2026-10-09T15:47:02.9093869Z C/C++: === Summary of compiled codecs ===
2026-10-09T15:47:02.9094597Z C/C++: libde265 HEVC decoder                 : + built-in
2026-10-09T15:47:02.9095291Z C/C++: FFMPEG HEVC decoder (HW acc)          : - disabled
2026-10-09T15:47:02.9095942Z C/C++: WebCodecs HEVC decoder (experimental) : - disabled
2026-10-09T15:47:02.9096567Z C/C++: x265 HEVC encoder                     : - disabled
2026-10-09T15:47:02.9097162Z C/C++: Kvazaar HEVC encoder                  : + built-in
2026-10-09T15:47:02.9097753Z C/C++: AOM AV1 decoder                       : + built-in
2026-10-09T15:47:02.9098562Z C/C++: AOM AV1 encoder                       : + built-in
2026-10-09T15:47:02.9099269Z C/C++: Dav1d AV1 decoder                     : - disabled
2026-10-09T15:47:02.9099948Z C/C++: SVT AV1 encoder                       : - disabled
2026-10-09T15:47:02.9100604Z C/C++: Rav1e AV1 encoder                     : - disabled
2026-10-09T15:47:02.9101288Z C/C++: JPEG decoder                          : - disabled
2026-10-09T15:47:02.9101963Z C/C++: JPEG encoder                          : - disabled
2026-10-09T15:47:02.9102636Z C/C++: x264 AVC encoder                      : - disabled
2026-10-09T15:47:02.9103779Z C/C++: OpenH264 decoder                      : - disabled
2026-10-09T15:47:02.9106411Z C/C++: OpenJPEG J2K decoder                  : - disabled
2026-10-09T15:47:02.9107222Z C/C++: OpenJPEG J2K encoder                  : - disabled
2026-10-09T15:47:02.9108028Z C/C++: OpenJPH HT-J2K encoder                : - disabled
2026-10-09T15:47:02.9108751Z C/C++: uvg266 VVC encoder                    : - disabled
2026-10-09T15:47:02.9109469Z C/C++: vvenc VVC encoder                     : - disabled
2026-10-09T15:47:02.9110190Z C/C++: vvdec VVC decoder                     : - disabled
2026-10-09T15:47:02.9110858Z C/C++: === Supported formats ===
2026-10-09T15:47:02.9111341Z C/C++: format        decoding   encoding
2026-10-09T15:47:02.9111709Z C/C++: AVC             NO         NO 
2026-10-09T15:47:02.9112054Z C/C++: AVIF            YES        YES
2026-10-09T15:47:02.9112388Z C/C++: HEIC            YES        YES
2026-10-09T15:47:02.9112740Z C/C++: JPEG            NO         NO 
2026-10-09T15:47:02.9113397Z C/C++: JPEG2000        NO         NO 
2026-10-09T15:47:02.9113736Z C/C++: JPEG2000-HT     NO         NO 
2026-10-09T15:47:02.9114081Z C/C++: Uncompressed    NO         NO 
2026-10-09T15:47:02.9114420Z C/C++: VVC             NO         NO 
2026-10-09T15:47:02.9114759Z C/C++: libsharpyuv: disabled
2026-10-09T15:47:03.0093875Z C/C++: === Active input formats for heif-enc ===
2026-10-09T15:47:03.0094623Z C/C++: JPEG: ------ (libjpeg not found)
2026-10-09T15:47:03.0095247Z C/C++: PNG:  ------ (libpng not found)
2026-10-09T15:47:03.0095838Z C/C++: WEBP:  ------ (libwebp not found)
2026-10-09T15:47:03.0096436Z C/C++: TIFF: ------ (libtiff not found)
2026-10-09T15:47:03.0097013Z C/C++: Not compiling 'x265' backend
2026-10-09T15:47:03.0097612Z C/C++: Compiling 'libde265' as built-in backend
2026-10-09T15:47:03.0098252Z C/C++: Not compiling 'dav1d' backend
2026-10-09T15:47:03.0099140Z C/C++: Compiling 'aomdec' as built-in backend
2026-10-09T15:47:03.0099582Z C/C++: Compiling 'aomenc' as built-in backend
2026-10-09T15:47:03.0100004Z C/C++: Not compiling 'svtenc' backend
2026-10-09T15:47:03.0100361Z C/C++: Not compiling 'rav1e' backend
2026-10-09T15:47:03.0100716Z C/C++: Not compiling 'jpegdec' backend
2026-10-09T15:47:03.0101081Z C/C++: Not compiling 'jpegenc' backend
2026-10-09T15:47:03.0101433Z C/C++: Not compiling 'j2kdec' backend
2026-10-09T15:47:03.0101785Z C/C++: Not compiling 'j2kenc' backend
2026-10-09T15:47:03.0102158Z C/C++: Compiling 'kvazaar' as built-in backend
2026-10-09T15:47:03.0102556Z C/C++: Not compiling 'ffmpegdec' backend
2026-10-09T15:47:03.0103300Z C/C++: Not compiling 'jphenc' backend
2026-10-09T15:47:03.0103650Z C/C++: Not compiling 'uvg266' backend
2026-10-09T15:47:03.0103997Z C/C++: Not compiling 'vvdec' backend
2026-10-09T15:47:03.0104337Z C/C++: Not compiling 'vvenc' backend
2026-10-09T15:47:03.0104673Z C/C++: Not compiling 'x264' backend
2026-10-09T15:47:03.0105046Z C/C++: Not compiling 'openh264dec' backend
2026-10-09T15:47:03.0105423Z C/C++: Not compiling 'libsharpyuv'
2026-10-09T15:47:10.6094082Z 
2026-10-09T15:47:10.6124407Z > Task :Paintroid:buildCMakeDebug[x86_64][anpaint_heif,anpaint_jxl,etc]
2026-10-09T15:47:10.6143871Z C/C++: ninja: Entering directory `/home/runner/work/AN-Paint/AN-Paint/Paintroid/.cxx/Debug/68am3368/x86_64'
2026-10-09T15:47:10.6154823Z C/C++: In file included from /home/runner/work/AN-Paint/AN-Paint/Paintroid/build/jxl-source/third_party/skcms/src/skcms_TransformBaseline.cc:47:
2026-10-09T15:47:10.6185464Z C/C++: /home/runner/work/AN-Paint/AN-Paint/Paintroid/build/jxl-source/third_party/skcms/src/Transform_inl.h:1165:1: warning: stack frame size (5944) exceeds limit (5632) in 'skcms_private::baseline::Exec_xyz_to_lab(skcms_private::baseline::StageList, void const**, char const*, char*, float vector[4], float vector[4], float vector[4], float vector[4], int)' [-Wframe-larger-than]
2026-10-09T15:47:10.6213415Z C/C++:  1165 | STAGE(xyz_to_lab, NoCtx) {
2026-10-09T15:47:10.6243473Z C/C++:       | ^
2026-10-09T15:47:10.6257515Z C/C++: /home/runner/work/AN-Paint/AN-Paint/Paintroid/build/jxl-source/third_party/skcms/src/Transform_inl.h:818:9: note: expanded from macro 'STAGE'
2026-10-09T15:47:10.6273856Z C/C++:   818 |         DECLARE_STAGE(name, arg, [[clang::musttail]] return (*list.fn)(list, ctx, src, dst, \
2026-10-09T15:47:10.6303567Z C/C++:       |         ^
2026-10-09T15:47:10.6334265Z C/C++: /home/runner/work/AN-Paint/AN-Paint/Paintroid/build/jxl-source/third_party/skcms/src/Transform_inl.h:809:17: note: expanded from macro 'DECLARE_STAGE'
2026-10-09T15:47:10.6336003Z C/C++:   809 |         SI void Exec_##name(StageList list, const void** ctx, STAGE_PARAMS()) { \
2026-10-09T15:47:10.6363441Z C/C++:       |                 ^
2026-10-09T15:47:10.6394051Z C/C++: /home/runner/work/AN-Paint/AN-Paint/Paintroid/.cxx/Debug/68am3368/x86_64/<scratch space>:64:1: note: expanded from here
2026-10-09T15:47:10.6411988Z C/C++:    64 | Exec_xyz_to_lab
2026-10-09T15:47:10.6453260Z C/C++:       | ^
2026-10-09T15:47:10.6454722Z C/C++: In file included from /home/runner/work/AN-Paint/AN-Paint/Paintroid/build/jxl-source/third_party/skcms/src/skcms_TransformBaseline.cc:47:
2026-10-09T15:47:10.6485466Z C/C++: /home/runner/work/AN-Paint/AN-Paint/Paintroid/build/jxl-source/third_party/skcms/src/Transform_inl.h:1188:1: warning: stack frame size (6104) exceeds limit (5632) in 'skcms_private::baseline::Exec_gamma_rgb(skcms_private::baseline::StageList, void const**, char const*, char*, float vector[4], float vector[4], float vector[4], float vector[4], int)' [-Wframe-larger-than]
2026-10-09T15:47:10.6513388Z C/C++:  1188 | STAGE(gamma_rgb, const skcms_TransferFunction* tf) {
2026-10-09T15:47:10.6514020Z C/C++:       | ^
2026-10-09T15:47:10.6544203Z C/C++: /home/runner/work/AN-Paint/AN-Paint/Paintroid/build/jxl-source/third_party/skcms/src/Transform_inl.h:818:9: note: expanded from macro 'STAGE'
2026-10-09T15:47:10.6574244Z C/C++:   818 |         DECLARE_STAGE(name, arg, [[clang::musttail]] return (*list.fn)(list, ctx, src, dst, \
2026-10-09T15:47:10.6603512Z C/C++:       |         ^
2026-10-09T15:47:10.6604958Z C/C++: /home/runner/work/AN-Paint/AN-Paint/Paintroid/build/jxl-source/third_party/skcms/src/Transform_inl.h:809:17: note: expanded from macro 'DECLARE_STAGE'
2026-10-09T15:47:10.6633756Z C/C++:   809 |         SI void Exec_##name(StageList list, const void** ctx, STAGE_PARAMS()) { \
2026-10-09T15:47:10.6663374Z C/C++:       |                 ^
2026-10-09T15:47:10.6694015Z C/C++: /home/runner/work/AN-Paint/AN-Paint/Paintroid/.cxx/Debug/68am3368/x86_64/<scratch space>:99:1: note: expanded from here
2026-10-09T15:47:10.6695319Z C/C++:    99 | Exec_gamma_rgb
2026-10-09T15:47:10.6723637Z C/C++:       | ^
2026-10-09T15:47:10.6754300Z C/C++: In file included from /home/runner/work/AN-Paint/AN-Paint/Paintroid/build/jxl-source/third_party/skcms/src/skcms_TransformBaseline.cc:47:
2026-10-09T15:47:10.6773805Z C/C++: /home/runner/work/AN-Paint/AN-Paint/Paintroid/build/jxl-source/third_party/skcms/src/Transform_inl.h:1199:1: warning: stack frame size (7208) exceeds limit (5632) in 'skcms_private::baseline::Exec_tf_rgb(skcms_private::baseline::StageList, void const**, char const*, char*, float vector[4], float vector[4], float vector[4], float vector[4], int)' [-Wframe-larger-than]
2026-10-09T15:47:10.6783744Z C/C++:  1199 | STAGE(tf_rgb, const skcms_TransferFunction* tf) {
2026-10-09T15:47:10.6813573Z C/C++:       | ^
2026-10-09T15:47:10.6844274Z C/C++: /home/runner/work/AN-Paint/AN-Paint/Paintroid/build/jxl-source/third_party/skcms/src/Transform_inl.h:818:9: note: expanded from macro 'STAGE'
2026-10-09T15:47:10.6863681Z C/C++:   818 |         DECLARE_STAGE(name, arg, [[clang::musttail]] return (*list.fn)(list, ctx, src, dst, \
2026-10-09T15:47:10.6873576Z C/C++:       |         ^
2026-10-09T15:47:10.6904249Z C/C++: /home/runner/work/AN-Paint/AN-Paint/Paintroid/build/jxl-source/third_party/skcms/src/Transform_inl.h:809:17: note: expanded from macro 'DECLARE_STAGE'
2026-10-09T15:47:10.6933859Z C/C++:   809 |         SI void Exec_##name(StageList list, const void** ctx, STAGE_PARAMS()) { \
2026-10-09T15:47:10.6953353Z C/C++:       |                 ^
2026-10-09T15:47:10.6964283Z C/C++: /home/runner/work/AN-Paint/AN-Paint/Paintroid/.cxx/Debug/68am3368/x86_64/<scratch space>:134:1: note: expanded from here
2026-10-09T15:47:10.6993526Z C/C++:   134 | Exec_tf_rgb
2026-10-09T15:47:10.7023471Z C/C++:       | ^
2026-10-09T15:47:10.7044138Z C/C++: In file included from /home/runner/work/AN-Paint/AN-Paint/Paintroid/build/jxl-source/third_party/skcms/src/skcms_TransformBaseline.cc:47:
2026-10-09T15:47:10.7055570Z C/C++: /home/runner/work/AN-Paint/AN-Paint/Paintroid/build/jxl-source/third_party/skcms/src/Transform_inl.h:1205:1: warning: stack frame size (5640) exceeds limit (5632) in 'skcms_private::baseline::Exec_pq_r(skcms_private::baseline::StageList, void const**, char const*, char*, float vector[4], float vector[4], float vector[4], float vector[4], int)' [-Wframe-larger-than]
2026-10-09T15:47:10.7083794Z C/C++:  1205 | STAGE(pq_r, const skcms_TransferFunction* tf) { r = apply_pq(tf, r); }
2026-10-09T15:47:10.7113516Z C/C++:       | ^
2026-10-09T15:47:10.7134726Z C/C++: /home/runner/work/AN-Paint/AN-Paint/Paintroid/build/jxl-source/third_party/skcms/src/Transform_inl.h:818:9: note: expanded from macro 'STAGE'
2026-10-09T15:47:10.7143994Z C/C++:   818 |         DECLARE_STAGE(name, arg, [[clang::musttail]] return (*list.fn)(list, ctx, src, dst, \
2026-10-09T15:47:10.7173496Z C/C++:       |         ^
2026-10-09T15:47:10.7204199Z C/C++: /home/runner/work/AN-Paint/AN-Paint/Paintroid/build/jxl-source/third_party/skcms/src/Transform_inl.h:809:17: note: expanded from macro 'DECLARE_STAGE'
2026-10-09T15:47:10.7205929Z C/C++:   809 |         SI void Exec_##name(StageList list, const void** ctx, STAGE_PARAMS()) { \
2026-10-09T15:47:10.7233535Z C/C++:       |                 ^
2026-10-09T15:47:10.7236889Z C/C++: /home/runner/work/AN-Paint/AN-Paint/Paintroid/.cxx/Debug/68am3368/x86_64/<scratch space>:141:1: note: expanded from here
2026-10-09T15:47:10.7238271Z C/C++:   141 | Exec_pq_r
2026-10-09T15:47:10.7238693Z C/C++:       | ^
2026-10-09T15:47:10.7239718Z C/C++: In file included from /home/runner/work/AN-Paint/AN-Paint/Paintroid/build/jxl-source/third_party/skcms/src/skcms_TransformBaseline.cc:47:
2026-10-09T15:47:10.7243093Z C/C++: /home/runner/work/AN-Paint/AN-Paint/Paintroid/build/jxl-source/third_party/skcms/src/Transform_inl.h:1206:1: warning: stack frame size (5640) exceeds limit (5632) in 'skcms_private::baseline::Exec_pq_g(skcms_private::baseline::StageList, void const**, char const*, char*, float vector[4], float vector[4], float vector[4], float vector[4], int)' [-Wframe-larger-than]
2026-10-09T15:47:10.7245843Z C/C++:  1206 | STAGE(pq_g, const skcms_TransferFunction* tf) { g = apply_pq(tf, g); }
2026-10-09T15:47:10.7246543Z C/C++:       | ^
2026-10-09T15:47:10.7247558Z C/C++: /home/runner/work/AN-Paint/AN-Paint/Paintroid/build/jxl-source/third_party/skcms/src/Transform_inl.h:818:9: note: expanded from macro 'STAGE'
2026-10-09T15:47:10.7249020Z C/C++:   818 |         DECLARE_STAGE(name, arg, [[clang::musttail]] return (*list.fn)(list, ctx, src, dst, \
2026-10-09T15:47:10.7249818Z C/C++:       |         ^
2026-10-09T15:47:10.7250917Z C/C++: /home/runner/work/AN-Paint/AN-Paint/Paintroid/build/jxl-source/third_party/skcms/src/Transform_inl.h:809:17: note: expanded from macro 'DECLARE_STAGE'
2026-10-09T15:47:10.7252373Z C/C++:   809 |         SI void Exec_##name(StageList list, const void** ctx, STAGE_PARAMS()) { \
2026-10-09T15:47:10.7253315Z C/C++:       |                 ^
2026-10-09T15:47:10.7254309Z C/C++: /home/runner/work/AN-Paint/AN-Paint/Paintroid/.cxx/Debug/68am3368/x86_64/<scratch space>:148:1: note: expanded from here
2026-10-09T15:47:10.7255293Z C/C++:   148 | Exec_pq_g
2026-10-09T15:47:10.7255664Z C/C++:       | ^
2026-10-09T15:47:10.7256654Z C/C++: In file included from /home/runner/work/AN-Paint/AN-Paint/Paintroid/build/jxl-source/third_party/skcms/src/skcms_TransformBaseline.cc:47:
2026-10-09T15:47:10.7277665Z C/C++: /home/runner/work/AN-Paint/AN-Paint/Paintroid/build/jxl-source/third_party/skcms/src/Transform_inl.h:1207:1: warning: stack frame size (5640) exceeds limit (5632) in 'skcms_private::baseline::Exec_pq_b(skcms_private::baseline::StageList, void const**, char const*, char*, float vector[4], float vector[4], float vector[4], float vector[4], int)' [-Wframe-larger-than]
2026-10-09T15:47:10.7280622Z C/C++:  1207 | STAGE(pq_b, const skcms_TransferFunction* tf) { b = apply_pq(tf, b); }
2026-10-09T15:47:10.7281314Z C/C++:       | ^
2026-10-09T15:47:10.7282317Z C/C++: /home/runner/work/AN-Paint/AN-Paint/Paintroid/build/jxl-source/third_party/skcms/src/Transform_inl.h:818:9: note: expanded from macro 'STAGE'
2026-10-09T15:47:10.7284089Z C/C++:   818 |         DECLARE_STAGE(name, arg, [[clang::musttail]] return (*list.fn)(list, ctx, src, dst, \
2026-10-09T15:47:10.7284887Z C/C++:       |         ^
2026-10-09T15:47:10.7285947Z C/C++: /home/runner/work/AN-Paint/AN-Paint/Paintroid/build/jxl-source/third_party/skcms/src/Transform_inl.h:809:17: note: expanded from macro 'DECLARE_STAGE'
2026-10-09T15:47:10.7287349Z C/C++:   809 |         SI void Exec_##name(StageList list, const void** ctx, STAGE_PARAMS()) { \
2026-10-09T15:47:10.7288059Z C/C++:       |                 ^
2026-10-09T15:47:10.7300471Z C/C++: /home/runner/work/AN-Paint/AN-Paint/Paintroid/.cxx/Debug/68am3368/x86_64/<scratch space>:155:1: note: expanded from here
2026-10-09T15:47:10.7301529Z C/C++:   155 | Exec_pq_b
2026-10-09T15:47:10.7301932Z C/C++:       | ^
2026-10-09T15:47:10.7303122Z C/C++: In file included from /home/runner/work/AN-Paint/AN-Paint/Paintroid/build/jxl-source/third_party/skcms/src/skcms_TransformBaseline.cc:47:
2026-10-09T15:47:10.7306397Z C/C++: /home/runner/work/AN-Paint/AN-Paint/Paintroid/build/jxl-source/third_party/skcms/src/Transform_inl.h:1208:1: warning: stack frame size (5640) exceeds limit (5632) in 'skcms_private::baseline::Exec_pq_a(skcms_private::baseline::StageList, void const**, char const*, char*, float vector[4], float vector[4], float vector[4], float vector[4], int)' [-Wframe-larger-than]
2026-10-09T15:47:10.7308939Z C/C++:  1208 | STAGE(pq_a, const skcms_TransferFunction* tf) { a = apply_pq(tf, a); }
2026-10-09T15:47:10.7309645Z C/C++:       | ^
2026-10-09T15:47:10.7310612Z C/C++: /home/runner/work/AN-Paint/AN-Paint/Paintroid/build/jxl-source/third_party/skcms/src/Transform_inl.h:818:9: note: expanded from macro 'STAGE'
2026-10-09T15:47:10.7312243Z C/C++:   818 |         DECLARE_STAGE(name, arg, [[clang::musttail]] return (*list.fn)(list, ctx, src, dst, \
2026-10-09T15:47:10.7313795Z C/C++:       |         ^
2026-10-09T15:47:10.7314907Z C/C++: /home/runner/work/AN-Paint/AN-Paint/Paintroid/build/jxl-source/third_party/skcms/src/Transform_inl.h:809:17: note: expanded from macro 'DECLARE_STAGE'
2026-10-09T15:47:10.7316288Z C/C++:   809 |         SI void Exec_##name(StageList list, const void** ctx, STAGE_PARAMS()) { \
2026-10-09T15:47:10.7316994Z C/C++:       |                 ^
2026-10-09T15:47:10.7317922Z C/C++: /home/runner/work/AN-Paint/AN-Paint/Paintroid/.cxx/Debug/68am3368/x86_64/<scratch space>:162:1: note: expanded from here
2026-10-09T15:47:10.7318869Z C/C++:   162 | Exec_pq_a
2026-10-09T15:47:10.7319248Z C/C++:       | ^
2026-10-09T15:47:10.7320193Z C/C++: In file included from /home/runner/work/AN-Paint/AN-Paint/Paintroid/build/jxl-source/third_party/skcms/src/skcms_TransformBaseline.cc:47:
2026-10-09T15:47:10.7323459Z C/C++: /home/runner/work/AN-Paint/AN-Paint/Paintroid/build/jxl-source/third_party/skcms/src/Transform_inl.h:1210:1: warning: stack frame size (15800) exceeds limit (5632) in 'skcms_private::baseline::Exec_pq_rgb(skcms_private::baseline::StageList, void const**, char const*, char*, float vector[4], float vector[4], float vector[4], float vector[4], int)' [-Wframe-larger-than]
2026-10-09T15:47:10.7326462Z C/C++:  1210 | STAGE(pq_rgb, const skcms_TransferFunction* tf) {
2026-10-09T15:47:10.7327055Z C/C++:       | ^
2026-10-09T15:47:10.7328108Z C/C++: /home/runner/work/AN-Paint/AN-Paint/Paintroid/build/jxl-source/third_party/skcms/src/Transform_inl.h:818:9: note: expanded from macro 'STAGE'
2026-10-09T15:47:10.7329609Z C/C++:   818 |         DECLARE_STAGE(name, arg, [[clang::musttail]] return (*list.fn)(list, ctx, src, dst, \
2026-10-09T15:47:10.7330335Z C/C++:       |         ^
2026-10-09T15:47:10.7331368Z C/C++: /home/runner/work/AN-Paint/AN-Paint/Paintroid/build/jxl-source/third_party/skcms/src/Transform_inl.h:809:17: note: expanded from macro 'DECLARE_STAGE'
2026-10-09T15:47:10.7332732Z C/C++:   809 |         SI void Exec_##name(StageList list, const void** ctx, STAGE_PARAMS()) { \
2026-10-09T15:47:10.7333703Z C/C++:       |                 ^
2026-10-09T15:47:10.7334640Z C/C++: /home/runner/work/AN-Paint/AN-Paint/Paintroid/.cxx/Debug/68am3368/x86_64/<scratch space>:169:1: note: expanded from here
2026-10-09T15:47:10.7335635Z C/C++:   169 | Exec_pq_rgb
2026-10-09T15:47:10.7336021Z C/C++:       | ^
2026-10-09T15:47:10.7337032Z C/C++: In file included from /home/runner/work/AN-Paint/AN-Paint/Paintroid/build/jxl-source/third_party/skcms/src/skcms_TransformBaseline.cc:47:
2026-10-09T15:47:10.7340138Z C/C++: /home/runner/work/AN-Paint/AN-Paint/Paintroid/build/jxl-source/third_party/skcms/src/Transform_inl.h:1221:1: warning: stack frame size (9752) exceeds limit (5632) in 'skcms_private::baseline::Exec_hlg_rgb(skcms_private::baseline::StageList, void const**, char const*, char*, float vector[4], float vector[4], float vector[4], float vector[4], int)' [-Wframe-larger-than]
2026-10-09T15:47:10.7342708Z C/C++:  1221 | STAGE(hlg_rgb, const skcms_TransferFunction* tf) {
2026-10-09T15:47:10.7343673Z C/C++:       | ^
2026-10-09T15:47:10.7344695Z C/C++: /home/runner/work/AN-Paint/AN-Paint/Paintroid/build/jxl-source/third_party/skcms/src/Transform_inl.h:818:9: note: expanded from macro 'STAGE'
2026-10-09T15:47:10.7346237Z C/C++:   818 |         DECLARE_STAGE(name, arg, [[clang::musttail]] return (*list.fn)(list, ctx, src, dst, \
2026-10-09T15:47:10.7347000Z C/C++:       |         ^
2026-10-09T15:47:10.7348348Z C/C++: /home/runner/work/AN-Paint/AN-Paint/Paintroid/build/jxl-source/third_party/skcms/src/Transform_inl.h:809:17: note: expanded from macro 'DECLARE_STAGE'
2026-10-09T15:47:10.7349790Z C/C++:   809 |         SI void Exec_##name(StageList list, const void** ctx, STAGE_PARAMS()) { \
2026-10-09T15:47:10.7350530Z C/C++:       |                 ^
2026-10-09T15:47:10.7351444Z C/C++: /home/runner/work/AN-Paint/AN-Paint/Paintroid/.cxx/Debug/68am3368/x86_64/<scratch space>:204:1: note: expanded from here
2026-10-09T15:47:10.7352408Z C/C++:   204 | Exec_hlg_rgb
2026-10-09T15:47:10.7352989Z C/C++:       | ^
2026-10-09T15:47:10.7353998Z C/C++: In file included from /home/runner/work/AN-Paint/AN-Paint/Paintroid/build/jxl-source/third_party/skcms/src/skcms_TransformBaseline.cc:47:
2026-10-09T15:47:10.7356852Z C/C++: /home/runner/work/AN-Paint/AN-Paint/Paintroid/build/jxl-source/third_party/skcms/src/Transform_inl.h:1253:1: warning: stack frame size (7928) exceeds limit (5632) in 'skcms_private::baseline::Exec_hlginv_rgb(skcms_private::baseline::StageList, void const**, char const*, char*, float vector[4], float vector[4], float vector[4], float vector[4], int)' [-Wframe-larger-than]
2026-10-09T15:47:10.7359372Z C/C++:  1253 | STAGE(hlginv_rgb, const skcms_TransferFunction* tf) {
2026-10-09T15:47:10.7359964Z C/C++:       | ^
2026-10-09T15:47:10.7360955Z C/C++: /home/runner/work/AN-Paint/AN-Paint/Paintroid/build/jxl-source/third_party/skcms/src/Transform_inl.h:818:9: note: expanded from macro 'STAGE'
2026-10-09T15:47:10.7362288Z C/C++:   818 |         DECLARE_STAGE(name, arg, [[clang::musttail]] return (*list.fn)(list, ctx, src, dst, \
2026-10-09T15:47:10.7363682Z C/C++:       |         ^
2026-10-09T15:47:10.7364766Z C/C++: /home/runner/work/AN-Paint/AN-Paint/Paintroid/build/jxl-source/third_party/skcms/src/Transform_inl.h:809:17: note: expanded from macro 'DECLARE_STAGE'
2026-10-09T15:47:10.7366184Z C/C++:   809 |         SI void Exec_##name(StageList list, const void** ctx, STAGE_PARAMS()) { \
2026-10-09T15:47:10.7379995Z C/C++:       |                 ^
2026-10-09T15:47:10.7381029Z C/C++: /home/runner/work/AN-Paint/AN-Paint/Paintroid/.cxx/Debug/68am3368/x86_64/<scratch space>:246:1: note: expanded from here
2026-10-09T15:47:10.7382284Z C/C++:   246 | Exec_hlginv_rgb
2026-10-09T15:47:10.7382670Z C/C++:       | ^
2026-10-09T15:47:10.7383316Z C/C++: 10 warnings generated.
2026-10-09T15:47:11.7114416Z C/C++: In file included from /home/runner/work/AN-Paint/AN-Paint/Paintroid/build/jxl-source/lib/jxl/compressed_dc.cc:22:
2026-10-09T15:47:11.7194395Z C/C++: In file included from /home/runner/work/AN-Paint/AN-Paint/Paintroid/build/jxl-source/third_party/highway/hwy/foreach_target.h:83:
2026-10-09T15:47:11.7265549Z C/C++: /home/runner/work/AN-Paint/AN-Paint/Paintroid/build/jxl-source/lib/jxl/compressed_dc.cc:149:22: warning: stack frame size (10136) exceeds limit (5632) in 'jxl::N_SSE4::AdaptiveDCSmoothing(JxlMemoryManagerStruct*, float const*, jxl::Image3<float>*, jxl::ThreadPool*)::$_0::operator()(unsigned int, unsigned long) const' [-Wframe-larger-than]
2026-10-09T15:47:11.7293735Z C/C++:   149 |   auto process_row = [&](const uint32_t y, size_t /*thread*/) -> Status {
2026-10-09T15:47:11.7313365Z C/C++:       |                      ^
2026-10-09T15:47:11.7373913Z C/C++: In file included from /home/runner/work/AN-Paint/AN-Paint/Paintroid/build/jxl-source/lib/jxl/compressed_dc.cc:22:
2026-10-09T15:47:11.7375550Z C/C++: In file included from /home/runner/work/AN-Paint/AN-Paint/Paintroid/build/jxl-source/third_party/highway/hwy/foreach_target.h:94:
2026-10-09T15:47:11.7378496Z C/C++: /home/runner/work/AN-Paint/AN-Paint/Paintroid/build/jxl-source/lib/jxl/compressed_dc.cc:149:22: warning: stack frame size (12888) exceeds limit (5632) in 'jxl::N_AVX2::AdaptiveDCSmoothing(JxlMemoryManagerStruct*, float const*, jxl::Image3<float>*, jxl::ThreadPool*)::$_0::operator()(unsigned int, unsigned long) const' [-Wframe-larger-than]
2026-10-09T15:47:11.7381079Z C/C++:   149 |   auto process_row = [&](const uint32_t y, size_t /*thread*/) -> Status {
2026-10-09T15:47:11.7382259Z C/C++:       |                      ^
2026-10-09T15:47:11.7384938Z C/C++: /home/runner/work/AN-Paint/AN-Paint/Paintroid/build/jxl-source/lib/jxl/compressed_dc.cc:149:22: warning: stack frame size (10136) exceeds limit (5632) in 'jxl::N_SSE2::AdaptiveDCSmoothing(JxlMemoryManagerStruct*, float const*, jxl::Image3<float>*, jxl::ThreadPool*)::$_0::operator()(unsigned int, unsigned long) const' [-Wframe-larger-than]
2026-10-09T15:47:11.7413639Z C/C++:   149 |   auto process_row = [&](const uint32_t y, size_t /*thread*/) -> Status {
2026-10-09T15:47:11.7443902Z C/C++:       |                      ^
2026-10-09T15:47:11.7503566Z C/C++: 3 warnings generated.
2026-10-09T15:47:13.1096091Z C/C++: In file included from /home/runner/work/AN-Paint/AN-Paint/Paintroid/build/jxl-source/lib/jxl/dec_external_image.cc:28:
2026-10-09T15:47:13.1114077Z C/C++: In file included from /home/runner/work/AN-Paint/AN-Paint/Paintroid/build/jxl-source/third_party/highway/hwy/foreach_target.h:83:
2026-10-09T15:47:13.1143999Z C/C++: In file included from /home/runner/work/AN-Paint/AN-Paint/Paintroid/build/jxl-source/lib/jxl/dec_external_image.cc:29:
2026-10-09T15:47:13.1174071Z C/C++: In file included from /home/runner/work/AN-Paint/AN-Paint/Paintroid/build/jxl-source/third_party/highway/hwy/highway.h:605:
2026-10-09T15:47:13.1236157Z C/C++: /home/runner/work/AN-Paint/AN-Paint/Paintroid/build/jxl-source/third_party/highway/hwy/ops/generic_ops-inl.h:2807:19: warning: stack frame size (8440) exceeds limit (5632) in 'decltype(Zero((hwy::N_SSE4::Simd<hwy::float16_t, 8ul, -1>)())) hwy::N_SSE4::DemoteTo<hwy::N_SSE4::Simd<hwy::float16_t, 8ul, -1>, (void*)0>(hwy::N_SSE4::Simd<hwy::float16_t, 8ul, -1>, decltype(Zero((hwy::N_SSE4::Simd<hwy::float16_t, 8ul, -1>::Rebind<float>)())))' [-Wframe-larger-than]
2026-10-09T15:47:13.1253636Z C/C++:  2807 | HWY_API VFromD<D> DemoteTo(D df16, VFromD<Rebind<float, D>> v) {
2026-10-09T15:47:13.1263512Z C/C++:       |                   ^
2026-10-09T15:47:13.1284187Z C/C++: In file included from /home/runner/work/AN-Paint/AN-Paint/Paintroid/build/jxl-source/lib/jxl/dec_external_image.cc:29:
2026-10-09T15:47:13.1323982Z C/C++: In file included from /home/runner/work/AN-Paint/AN-Paint/Paintroid/build/jxl-source/third_party/highway/hwy/highway.h:605:
2026-10-09T15:47:13.1375838Z C/C++: /home/runner/work/AN-Paint/AN-Paint/Paintroid/build/jxl-source/third_party/highway/hwy/ops/generic_ops-inl.h:2807:19: warning: stack frame size (8408) exceeds limit (5632) in 'decltype(Zero((hwy::N_SSE2::Simd<hwy::float16_t, 8ul, -1>)())) hwy::N_SSE2::DemoteTo<hwy::N_SSE2::Simd<hwy::float16_t, 8ul, -1>, (void*)0>(hwy::N_SSE2::Simd<hwy::float16_t, 8ul, -1>, decltype(Zero((hwy::N_SSE2::Simd<hwy::float16_t, 8ul, -1>::Rebind<float>)())))' [-Wframe-larger-than]
2026-10-09T15:47:13.1383795Z C/C++:  2807 | HWY_API VFromD<D> DemoteTo(D df16, VFromD<Rebind<float, D>> v) {
2026-10-09T15:47:13.1433486Z C/C++:       |                   ^
2026-10-09T15:47:13.1444298Z C/C++: 2 warnings generated.
2026-10-09T15:47:15.6105424Z C/C++: /home/runner/work/AN-Paint/AN-Paint/Paintroid/build/jxl-source/lib/jxl/modular/encoding/encoding.cc:149:8: warning: stack frame size (8040) exceeds limit (5632) in 'jxl::Status jxl::detail::DecodeModularChannelMAANS<true>(jxl::BitReader*, jxl::ANSSymbolReader*, std::__ndk1::vector<unsigned char, std::__ndk1::allocator<unsigned char>> const&, std::__ndk1::vector<jxl::PropertyDecisionNode, std::__ndk1::allocator<jxl::PropertyDecisionNode>> const&, jxl::weighted::Header const&, int, unsigned long, jxl::TreeLut<unsigned char, false, false>&, jxl::Image*, unsigned int&, unsigned int&)' [-Wframe-larger-than]
2026-10-09T15:47:15.6143820Z C/C++:   149 | Status DecodeModularChannelMAANS(BitReader *br, ANSSymbolReader *reader,
2026-10-09T15:47:15.6173368Z C/C++:       |        ^
2026-10-09T15:47:15.6177676Z C/C++: /home/runner/work/AN-Paint/AN-Paint/Paintroid/build/jxl-source/lib/jxl/modular/encoding/encoding.cc:149:8: warning: stack frame size (15272) exceeds limit (5632) in 'jxl::Status jxl::detail::DecodeModularChannelMAANS<false>(jxl::BitReader*, jxl::ANSSymbolReader*, std::__ndk1::vector<unsigned char, std::__ndk1::allocator<unsigned char>> const&, std::__ndk1::vector<jxl::PropertyDecisionNode, std::__ndk1::allocator<jxl::PropertyDecisionNode>> const&, jxl::weighted::Header const&, int, unsigned long, jxl::TreeLut<unsigned char, false, false>&, jxl::Image*, unsigned int&, unsigned int&)' [-Wframe-larger-than]
2026-10-09T15:47:15.6181640Z C/C++: 2 warnings generated.
2026-10-09T15:47:16.2095587Z C/C++: In file included from /home/runner/work/AN-Paint/AN-Paint/Paintroid/build/jxl-source/lib/jxl/modular/transform/squeeze.cc:26:
2026-10-09T15:47:16.2124152Z C/C++: In file included from /home/runner/work/AN-Paint/AN-Paint/Paintroid/build/jxl-source/third_party/highway/hwy/foreach_target.h:83:
2026-10-09T15:47:16.2155382Z C/C++: /home/runner/work/AN-Paint/AN-Paint/Paintroid/build/jxl-source/lib/jxl/modular/transform/squeeze.cc:182:31: warning: stack frame size (6056) exceeds limit (5632) in 'jxl::N_SSE4::InvHSqueeze(jxl::Image&, unsigned int, unsigned int, jxl::ThreadPool*)::$_0::operator()(unsigned int, unsigned long) const' [-Wframe-larger-than]
2026-10-09T15:47:16.2183536Z C/C++:   182 |   const auto unsqueeze_span = [&](const uint32_t task,
2026-10-09T15:47:16.2184523Z C/C++:       |                               ^
2026-10-09T15:47:16.2214062Z C/C++: In file included from /home/runner/work/AN-Paint/AN-Paint/Paintroid/build/jxl-source/lib/jxl/modular/transform/squeeze.cc:26:
2026-10-09T15:47:16.2244029Z C/C++: In file included from /home/runner/work/AN-Paint/AN-Paint/Paintroid/build/jxl-source/third_party/highway/hwy/foreach_target.h:94:
2026-10-09T15:47:16.2275220Z C/C++: /home/runner/work/AN-Paint/AN-Paint/Paintroid/build/jxl-source/lib/jxl/modular/transform/squeeze.cc:182:31: warning: stack frame size (17080) exceeds limit (5632) in 'jxl::N_AVX2::InvHSqueeze(jxl::Image&, unsigned int, unsigned int, jxl::ThreadPool*)::$_0::operator()(unsigned int, unsigned long) const' [-Wframe-larger-than]
2026-10-09T15:47:16.2277878Z C/C++:   182 |   const auto unsqueeze_span = [&](const uint32_t task,
2026-10-09T15:47:16.2303518Z C/C++:       |                               ^
2026-10-09T15:47:16.2335219Z C/C++: /home/runner/work/AN-Paint/AN-Paint/Paintroid/build/jxl-source/lib/jxl/modular/transform/squeeze.cc:182:31: warning: stack frame size (6056) exceeds limit (5632) in 'jxl::N_SSE2::InvHSqueeze(jxl::Image&, unsigned int, unsigned int, jxl::ThreadPool*)::$_0::operator()(unsigned int, unsigned long) const' [-Wframe-larger-than]
2026-10-09T15:47:16.2363613Z C/C++:   182 |   const auto unsqueeze_span = [&](const uint32_t task,
2026-10-09T15:47:16.2373324Z C/C++:       |                               ^
2026-10-09T15:47:16.2393536Z C/C++: 3 warnings generated.
2026-10-09T15:47:17.9134443Z C/C++: In file included from /home/runner/work/AN-Paint/AN-Paint/Paintroid/build/jxl-source/lib/jxl/render_pipeline/stage_epf.cc:26:
2026-10-09T15:47:17.9193945Z C/C++: In file included from /home/runner/work/AN-Paint/AN-Paint/Paintroid/build/jxl-source/third_party/highway/hwy/foreach_target.h:94:
2026-10-09T15:47:17.9256898Z C/C++: /home/runner/work/AN-Paint/AN-Paint/Paintroid/build/jxl-source/lib/jxl/render_pipeline/stage_epf.cc:225:10: warning: stack frame size (10008) exceeds limit (5632) in 'jxl::N_AVX2::EPF1Stage::ProcessRow(std::__ndk1::vector<std::__ndk1::vector<float*, std::__ndk1::allocator<float*>>, std::__ndk1::allocator<std::__ndk1::vector<float*, std::__ndk1::allocator<float*>>>> const&, std::__ndk1::vector<std::__ndk1::vector<float*, std::__ndk1::allocator<float*>>, std::__ndk1::allocator<std::__ndk1::vector<float*, std::__ndk1::allocator<float*>>>> const&, unsigned long, unsigned long, unsigned long, unsigned long, unsigned long, unsigned long) const' [-Wframe-larger-than]
2026-10-09T15:47:17.9293565Z C/C++:   225 |   Status ProcessRow(const RowInfo& input_rows, const RowInfo& output_rows,
2026-10-09T15:47:17.9353429Z C/C++:       |          ^
2026-10-09T15:47:17.9427568Z C/C++: /home/runner/work/AN-Paint/AN-Paint/Paintroid/build/jxl-source/lib/jxl/render_pipeline/stage_epf.cc:416:10: warning: stack frame size (8696) exceeds limit (5632) in 'jxl::N_AVX2::EPF2Stage::ProcessRow(std::__ndk1::vector<std::__ndk1::vector<float*, std::__ndk1::allocator<float*>>, std::__ndk1::allocator<std::__ndk1::vector<float*, std::__ndk1::allocator<float*>>>> const&, std::__ndk1::vector<std::__ndk1::vector<float*, std::__ndk1::allocator<float*>>, std::__ndk1::allocator<std::__ndk1::vector<float*, std::__ndk1::allocator<float*>>>> const&, unsigned long, unsigned long, unsigned long, unsigned long, unsigned long, unsigned long) const' [-Wframe-larger-than]
2026-10-09T15:47:17.9447241Z C/C++:   416 |   Status ProcessRow(const RowInfo& input_rows, const RowInfo& output_rows,
2026-10-09T15:47:17.9473439Z C/C++:       |          ^
2026-10-09T15:47:17.9533496Z C/C++: 2 warnings generated.
2026-10-09T15:47:19.8115047Z C/C++: In file included from /home/runner/work/AN-Paint/AN-Paint/Paintroid/build/jxl-source/lib/jxl/render_pipeline/stage_write.cc:37:
2026-10-09T15:47:19.8174111Z C/C++: In file included from /home/runner/work/AN-Paint/AN-Paint/Paintroid/build/jxl-source/third_party/highway/hwy/foreach_target.h:83:
2026-10-09T15:47:19.8234069Z C/C++: In file included from /home/runner/work/AN-Paint/AN-Paint/Paintroid/build/jxl-source/lib/jxl/render_pipeline/stage_write.cc:38:
2026-10-09T15:47:19.8263748Z C/C++: In file included from /home/runner/work/AN-Paint/AN-Paint/Paintroid/build/jxl-source/third_party/highway/hwy/highway.h:605:
2026-10-09T15:47:19.8326480Z C/C++: /home/runner/work/AN-Paint/AN-Paint/Paintroid/build/jxl-source/third_party/highway/hwy/ops/generic_ops-inl.h:1570:14: warning: stack frame size (9272) exceeds limit (5632) in 'void hwy::N_SSE4::StoreInterleaved3<hwy::N_SSE4::Simd<unsigned short, 8ul, -1>, (void*)0, (void*)0>(decltype(Zero((hwy::N_SSE4::Simd<unsigned short, 8ul, -1>)())), decltype(Zero((hwy::N_SSE4::Simd<unsigned short, 8ul, -1>)())), decltype(Zero((hwy::N_SSE4::Simd<unsigned short, 8ul, -1>)())), hwy::N_SSE4::Simd<unsigned short, 8ul, -1>, hwy::N_SSE4::Simd<unsigned short, 8ul, -1>::T*)' [-Wframe-larger-than]
2026-10-09T15:47:19.8353795Z C/C++:  1570 | HWY_API void StoreInterleaved3(VFromD<D> part0, VFromD<D> part1,
2026-10-09T15:47:19.8413438Z C/C++:       |              ^
2026-10-09T15:47:19.8438800Z C/C++: /home/runner/work/AN-Paint/AN-Paint/Paintroid/build/jxl-source/third_party/highway/hwy/ops/generic_ops-inl.h:2807:19: warning: stack frame size (8536) exceeds limit (5632) in 'decltype(Zero((hwy::N_SSE4::Simd<hwy::float16_t, 8ul, -1>)())) hwy::N_SSE4::DemoteTo<hwy::N_SSE4::Simd<hwy::float16_t, 8ul, -1>, (void*)0>(hwy::N_SSE4::Simd<hwy::float16_t, 8ul, -1>, decltype(Zero((hwy::N_SSE4::Simd<hwy::float16_t, 8ul, -1>::Rebind<float>)())))' [-Wframe-larger-than]
2026-10-09T15:47:19.8494138Z C/C++:  2807 | HWY_API VFromD<D> DemoteTo(D df16, VFromD<Rebind<float, D>> v) {
2026-10-09T15:47:19.8523354Z C/C++:       |                   ^
2026-10-09T15:47:19.8583952Z C/C++: In file included from /home/runner/work/AN-Paint/AN-Paint/Paintroid/build/jxl-source/lib/jxl/render_pipeline/stage_write.cc:37:
2026-10-09T15:47:19.8592593Z C/C++: In file included from /home/runner/work/AN-Paint/AN-Paint/Paintroid/build/jxl-source/third_party/highway/hwy/foreach_target.h:94:
2026-10-09T15:47:19.8653948Z C/C++: In file included from /home/runner/work/AN-Paint/AN-Paint/Paintroid/build/jxl-source/lib/jxl/render_pipeline/stage_write.cc:38:
2026-10-09T15:47:19.8683791Z C/C++: In file included from /home/runner/work/AN-Paint/AN-Paint/Paintroid/build/jxl-source/third_party/highway/hwy/highway.h:605:
2026-10-09T15:47:19.8746748Z C/C++: /home/runner/work/AN-Paint/AN-Paint/Paintroid/build/jxl-source/third_party/highway/hwy/ops/generic_ops-inl.h:1522:14: warning: stack frame size (9096) exceeds limit (5632) in 'void hwy::N_AVX2::StoreInterleaved3<hwy::N_AVX2::Simd<unsigned char, 32ul, -2>, (void*)0, (void*)0>(decltype(Zero((hwy::N_AVX2::Simd<unsigned char, 32ul, -2>)())), decltype(Zero((hwy::N_AVX2::Simd<unsigned char, 32ul, -2>)())), decltype(Zero((hwy::N_AVX2::Simd<unsigned char, 32ul, -2>)())), hwy::N_AVX2::Simd<unsigned char, 32ul, -2>, hwy::N_AVX2::Simd<unsigned char, 32ul, -2>::T*)' [-Wframe-larger-than]
2026-10-09T15:47:19.8773473Z C/C++:  1522 | HWY_API void StoreInterleaved3(VFromD<D> part0, VFromD<D> part1,
2026-10-09T15:47:19.8800016Z C/C++:       |              ^
2026-10-09T15:47:19.8826417Z C/C++: /home/runner/work/AN-Paint/AN-Paint/Paintroid/build/jxl-source/third_party/highway/hwy/ops/generic_ops-inl.h:1432:14: warning: stack frame size (13192) exceeds limit (5632) in 'void hwy::N_AVX2::StoreInterleaved3<hwy::N_AVX2::Simd<unsigned short, 16ul, -1>, (void*)0, (void*)0>(decltype(Zero((hwy::N_AVX2::Simd<unsigned short, 16ul, -1>)())), decltype(Zero((hwy::N_AVX2::Simd<unsigned short, 16ul, -1>)())), decltype(Zero((hwy::N_AVX2::Simd<unsigned short, 16ul, -1>)())), hwy::N_AVX2::Simd<unsigned short, 16ul, -1>, hwy::N_AVX2::Simd<unsigned short, 16ul, -1>::T*)' [-Wframe-larger-than]
2026-10-09T15:47:19.8843867Z C/C++:  1432 | HWY_API void StoreInterleaved3(VFromD<D> v0, VFromD<D> v1, VFromD<D> v2, D d,
2026-10-09T15:47:19.8873398Z C/C++:       |              ^
2026-10-09T15:47:19.8886030Z C/C++: /home/runner/work/AN-Paint/AN-Paint/Paintroid/build/jxl-source/third_party/highway/hwy/ops/generic_ops-inl.h:1482:14: warning: stack frame size (8280) exceeds limit (5632) in 'void hwy::N_AVX2::StoreInterleaved3<hwy::N_AVX2::Simd<float, 8ul, 0>, (void*)0, (void*)0>(decltype(Zero((hwy::N_AVX2::Simd<float, 8ul, 0>)())), decltype(Zero((hwy::N_AVX2::Simd<float, 8ul, 0>)())), decltype(Zero((hwy::N_AVX2::Simd<float, 8ul, 0>)())), hwy::N_AVX2::Simd<float, 8ul, 0>, hwy::N_AVX2::Simd<float, 8ul, 0>::T*)' [-Wframe-larger-than]
2026-10-09T15:47:19.8933750Z C/C++:  1482 | HWY_API void StoreInterleaved3(VFromD<D> v0, VFromD<D> v1, VFromD<D> v2, D d,
2026-10-09T15:47:19.8934790Z C/C++:       |              ^
2026-10-09T15:47:19.8966573Z C/C++: /home/runner/work/AN-Paint/AN-Paint/Paintroid/build/jxl-source/third_party/highway/hwy/ops/generic_ops-inl.h:1734:14: warning: stack frame size (8376) exceeds limit (5632) in 'void hwy::N_AVX2::StoreInterleaved4<hwy::N_AVX2::Simd<float, 8ul, 0>, (void*)0, (void*)0>(decltype(Zero((hwy::N_AVX2::Simd<float, 8ul, 0>)())), decltype(Zero((hwy::N_AVX2::Simd<float, 8ul, 0>)())), decltype(Zero((hwy::N_AVX2::Simd<float, 8ul, 0>)())), decltype(Zero((hwy::N_AVX2::Simd<float, 8ul, 0>)())), hwy::N_AVX2::Simd<float, 8ul, 0>, hwy::N_AVX2::Simd<float, 8ul, 0>::T*)' [-Wframe-larger-than]
2026-10-09T15:47:19.8993640Z C/C++:  1734 | HWY_API void StoreInterleaved4(VFromD<D> v0, VFromD<D> v1, VFromD<D> v2,
2026-10-09T15:47:19.9003356Z C/C++:       |              ^
2026-10-09T15:47:19.9026213Z C/C++: In file included from /home/runner/work/AN-Paint/AN-Paint/Paintroid/build/jxl-source/lib/jxl/render_pipeline/stage_write.cc:38:
2026-10-09T15:47:19.9053953Z C/C++: In file included from /home/runner/work/AN-Paint/AN-Paint/Paintroid/build/jxl-source/third_party/highway/hwy/highway.h:605:
2026-10-09T15:47:19.9065607Z C/C++: /home/runner/work/AN-Paint/AN-Paint/Paintroid/build/jxl-source/third_party/highway/hwy/ops/generic_ops-inl.h:1637:14: warning: stack frame size (11880) exceeds limit (5632) in 'void hwy::N_SSE2::StoreInterleaved3<hwy::N_SSE2::Simd<unsigned char, 16ul, -2>, (void*)0, (void*)0, (void*)0>(decltype(Zero((hwy::N_SSE2::Simd<unsigned char, 16ul, -2>)())), decltype(Zero((hwy::N_SSE2::Simd<unsigned char, 16ul, -2>)())), decltype(Zero((hwy::N_SSE2::Simd<unsigned char, 16ul, -2>)())), hwy::N_SSE2::Simd<unsigned char, 16ul, -2>, hwy::N_SSE2::Simd<unsigned char, 16ul, -2>::T*)' [-Wframe-larger-than]
2026-10-09T15:47:19.9069731Z C/C++:  1637 | HWY_API void StoreInterleaved3(VFromD<D> part0, VFromD<D> part1,
2026-10-09T15:47:19.9070595Z C/C++:       |              ^
2026-10-09T15:47:19.9074777Z C/C++: /home/runner/work/AN-Paint/AN-Paint/Paintroid/build/jxl-source/third_party/highway/hwy/ops/generic_ops-inl.h:1570:14: warning: stack frame size (19928) exceeds limit (5632) in 'void hwy::N_SSE2::StoreInterleaved3<hwy::N_SSE2::Simd<unsigned short, 8ul, -1>, (void*)0, (void*)0>(decltype(Zero((hwy::N_SSE2::Simd<unsigned short, 8ul, -1>)())), decltype(Zero((hwy::N_SSE2::Simd<unsigned short, 8ul, -1>)())), decltype(Zero((hwy::N_SSE2::Simd<unsigned short, 8ul, -1>)())), hwy::N_SSE2::Simd<unsigned short, 8ul, -1>, hwy::N_SSE2::Simd<unsigned short, 8ul, -1>::T*)' [-Wframe-larger-than]
2026-10-09T15:47:19.9078851Z C/C++:  1570 | HWY_API void StoreInterleaved3(VFromD<D> part0, VFromD<D> part1,
2026-10-09T15:47:19.9079717Z C/C++:       |              ^
2026-10-09T15:47:19.9082679Z C/C++: /home/runner/work/AN-Paint/AN-Paint/Paintroid/build/jxl-source/third_party/highway/hwy/ops/generic_ops-inl.h:2807:19: warning: stack frame size (8424) exceeds limit (5632) in 'decltype(Zero((hwy::N_SSE2::Simd<hwy::float16_t, 8ul, -1>)())) hwy::N_SSE2::DemoteTo<hwy::N_SSE2::Simd<hwy::float16_t, 8ul, -1>, (void*)0>(hwy::N_SSE2::Simd<hwy::float16_t, 8ul, -1>, decltype(Zero((hwy::N_SSE2::Simd<hwy::float16_t, 8ul, -1>::Rebind<float>)())))' [-Wframe-larger-than]
2026-10-09T15:47:19.9086134Z C/C++:  2807 | HWY_API VFromD<D> DemoteTo(D df16, VFromD<Rebind<float, D>> v) {
2026-10-09T15:47:19.9086992Z C/C++:       |                   ^
2026-10-09T15:47:19.9087610Z C/C++: 9 warnings generated.
2026-10-09T15:47:21.1094160Z C/C++: In file included from /home/runner/work/AN-Paint/AN-Paint/Paintroid/build/jxl-source/lib/jxl/butteraugli/butteraugli.cc:45:
2026-10-09T15:47:21.1135484Z C/C++: In file included from /home/runner/work/AN-Paint/AN-Paint/Paintroid/build/jxl-source/third_party/highway/hwy/foreach_target.h:94:
2026-10-09T15:47:21.1165425Z C/C++: /home/runner/work/AN-Paint/AN-Paint/Paintroid/build/jxl-source/lib/jxl/butteraugli/butteraugli.cc:754:8: warning: stack frame size (7320) exceeds limit (5632) in 'decltype(Zero((hwy::N_AVX2::Simd<float, 8ul, 0>)())) jxl::N_AVX2::MaltaUnit<hwy::N_AVX2::Simd<float, 8ul, 0>>(jxl::MaltaTag, hwy::N_AVX2::Simd<float, 8ul, 0>, float const*, long)' [-Wframe-larger-than]
2026-10-09T15:47:21.1178075Z C/C++:   754 | Vec<D> MaltaUnit(MaltaTag /*tag*/, const D df,
2026-10-09T15:47:21.1222386Z C/C++:       |        ^
2026-10-09T15:47:21.1223374Z C/C++: 1 warning generated.
2026-10-09T15:47:22.6124518Z C/C++: In file included from /home/runner/work/AN-Paint/AN-Paint/Paintroid/build/jxl-source/lib/jxl/enc_convolve_separable5.cc:19:
2026-10-09T15:47:22.6133979Z C/C++: In file included from /home/runner/work/AN-Paint/AN-Paint/Paintroid/build/jxl-source/third_party/highway/hwy/foreach_target.h:83:
2026-10-09T15:47:22.6164848Z C/C++: /home/runner/work/AN-Paint/AN-Paint/Paintroid/build/jxl-source/lib/jxl/enc_convolve_separable5.cc:111:21: warning: stack frame size (9864) exceeds limit (5632) in 'void jxl::N_SSE4::Separable5Impl::ConvolveRow<0ul, true>(unsigned int)' [-Wframe-larger-than]
2026-10-09T15:47:22.6191803Z C/C++:   111 |   JXL_NOINLINE void ConvolveRow(const uint32_t y) {
2026-10-09T15:47:22.6192602Z C/C++:       |                     ^
2026-10-09T15:47:22.6194892Z C/C++: /home/runner/work/AN-Paint/AN-Paint/Paintroid/build/jxl-source/lib/jxl/enc_convolve_separable5.cc:111:21: warning: stack frame size (9576) exceeds limit (5632) in 'void jxl::N_SSE4::Separable5Impl::ConvolveRow<0ul, false>(unsigned int)' [-Wframe-larger-than]
2026-10-09T15:47:22.6198249Z C/C++: /home/runner/work/AN-Paint/AN-Paint/Paintroid/build/jxl-source/lib/jxl/enc_convolve_separable5.cc:111:21: warning: stack frame size (9800) exceeds limit (5632) in 'void jxl::N_SSE4::Separable5Impl::ConvolveRow<1ul, true>(unsigned int)' [-Wframe-larger-than]
2026-10-09T15:47:22.6201613Z C/C++: /home/runner/work/AN-Paint/AN-Paint/Paintroid/build/jxl-source/lib/jxl/enc_convolve_separable5.cc:111:21: warning: stack frame size (9512) exceeds limit (5632) in 'void jxl::N_SSE4::Separable5Impl::ConvolveRow<1ul, false>(unsigned int)' [-Wframe-larger-than]
2026-10-09T15:47:22.6205359Z C/C++: /home/runner/work/AN-Paint/AN-Paint/Paintroid/build/jxl-source/lib/jxl/enc_convolve_separable5.cc:111:21: warning: stack frame size (6440) exceeds limit (5632) in 'void jxl::N_SSE4::Separable5Impl::ConvolveRow<2ul, true>(unsigned int)' [-Wframe-larger-than]
2026-10-09T15:47:22.6209032Z C/C++: /home/runner/work/AN-Paint/AN-Paint/Paintroid/build/jxl-source/lib/jxl/enc_convolve_separable5.cc:111:21: warning: stack frame size (6152) exceeds limit (5632) in 'void jxl::N_SSE4::Separable5Impl::ConvolveRow<2ul, false>(unsigned int)' [-Wframe-larger-than]
2026-10-09T15:47:22.6212436Z C/C++: /home/runner/work/AN-Paint/AN-Paint/Paintroid/build/jxl-source/lib/jxl/enc_convolve_separable5.cc:111:21: warning: stack frame size (6440) exceeds limit (5632) in 'void jxl::N_SSE4::Separable5Impl::ConvolveRow<3ul, true>(unsigned int)' [-Wframe-larger-than]
2026-10-09T15:47:22.6216074Z C/C++: /home/runner/work/AN-Paint/AN-Paint/Paintroid/build/jxl-source/lib/jxl/enc_convolve_separable5.cc:111:21: warning: stack frame size (6152) exceeds limit (5632) in 'void jxl::N_SSE4::Separable5Impl::ConvolveRow<3ul, false>(unsigned int)' [-Wframe-larger-than]
2026-10-09T15:47:22.6218663Z C/C++: In file included from /home/runner/work/AN-Paint/AN-Paint/Paintroid/build/jxl-source/lib/jxl/enc_convolve_separable5.cc:19:
2026-10-09T15:47:22.6220436Z C/C++: In file included from /home/runner/work/AN-Paint/AN-Paint/Paintroid/build/jxl-source/third_party/highway/hwy/foreach_target.h:94:
2026-10-09T15:47:22.6223570Z C/C++: /home/runner/work/AN-Paint/AN-Paint/Paintroid/build/jxl-source/lib/jxl/enc_convolve_separable5.cc:111:21: warning: stack frame size (18232) exceeds limit (5632) in 'void jxl::N_AVX2::Separable5Impl::ConvolveRow<0ul, true>(unsigned int)' [-Wframe-larger-than]
2026-10-09T15:47:22.6225728Z C/C++:   111 |   JXL_NOINLINE void ConvolveRow(const uint32_t y) {
2026-10-09T15:47:22.6226471Z C/C++:       |                     ^
2026-10-09T15:47:22.6228358Z C/C++: /home/runner/work/AN-Paint/AN-Paint/Paintroid/build/jxl-source/lib/jxl/enc_convolve_separable5.cc:111:21: warning: stack frame size (17944) exceeds limit (5632) in 'void jxl::N_AVX2::Separable5Impl::ConvolveRow<0ul, false>(unsigned int)' [-Wframe-larger-than]
2026-10-09T15:47:22.6231629Z C/C++: /home/runner/work/AN-Paint/AN-Paint/Paintroid/build/jxl-source/lib/jxl/enc_convolve_separable5.cc:111:21: warning: stack frame size (18008) exceeds limit (5632) in 'void jxl::N_AVX2::Separable5Impl::ConvolveRow<1ul, true>(unsigned int)' [-Wframe-larger-than]
2026-10-09T15:47:22.6235417Z C/C++: /home/runner/work/AN-Paint/AN-Paint/Paintroid/build/jxl-source/lib/jxl/enc_convolve_separable5.cc:111:21: warning: stack frame size (17720) exceeds limit (5632) in 'void jxl::N_AVX2::Separable5Impl::ConvolveRow<1ul, false>(unsigned int)' [-Wframe-larger-than]
2026-10-09T15:47:22.6238721Z C/C++: /home/runner/work/AN-Paint/AN-Paint/Paintroid/build/jxl-source/lib/jxl/enc_convolve_separable5.cc:111:21: warning: stack frame size (11608) exceeds limit (5632) in 'void jxl::N_AVX2::Separable5Impl::ConvolveRow<2ul, true>(unsigned int)' [-Wframe-larger-than]
2026-10-09T15:47:22.6241895Z C/C++: /home/runner/work/AN-Paint/AN-Paint/Paintroid/build/jxl-source/lib/jxl/enc_convolve_separable5.cc:111:21: warning: stack frame size (11320) exceeds limit (5632) in 'void jxl::N_AVX2::Separable5Impl::ConvolveRow<2ul, false>(unsigned int)' [-Wframe-larger-than]
2026-10-09T15:47:22.6245537Z C/C++: /home/runner/work/AN-Paint/AN-Paint/Paintroid/build/jxl-source/lib/jxl/enc_convolve_separable5.cc:111:21: warning: stack frame size (11608) exceeds limit (5632) in 'void jxl::N_AVX2::Separable5Impl::ConvolveRow<3ul, true>(unsigned int)' [-Wframe-larger-than]
2026-10-09T15:47:22.6248719Z C/C++: /home/runner/work/AN-Paint/AN-Paint/Paintroid/build/jxl-source/lib/jxl/enc_convolve_separable5.cc:111:21: warning: stack frame size (11320) exceeds limit (5632) in 'void jxl::N_AVX2::Separable5Impl::ConvolveRow<3ul, false>(unsigned int)' [-Wframe-larger-than]
2026-10-09T15:47:22.6251892Z C/C++: /home/runner/work/AN-Paint/AN-Paint/Paintroid/build/jxl-source/lib/jxl/enc_convolve_separable5.cc:111:21: warning: stack frame size (9864) exceeds limit (5632) in 'void jxl::N_SSE2::Separable5Impl::ConvolveRow<0ul, true>(unsigned int)' [-Wframe-larger-than]
2026-10-09T15:47:22.6254245Z C/C++:   111 |   JXL_NOINLINE void ConvolveRow(const uint32_t y) {
2026-10-09T15:47:22.6254899Z C/C++:       |                     ^
2026-10-09T15:47:22.6257084Z C/C++: /home/runner/work/AN-Paint/AN-Paint/Paintroid/build/jxl-source/lib/jxl/enc_convolve_separable5.cc:111:21: warning: stack frame size (9576) exceeds limit (5632) in 'void jxl::N_SSE2::Separable5Impl::ConvolveRow<0ul, false>(unsigned int)' [-Wframe-larger-than]
2026-10-09T15:47:22.6260317Z C/C++: /home/runner/work/AN-Paint/AN-Paint/Paintroid/build/jxl-source/lib/jxl/enc_convolve_separable5.cc:111:21: warning: stack frame size (9800) exceeds limit (5632) in 'void jxl::N_SSE2::Separable5Impl::ConvolveRow<1ul, true>(unsigned int)' [-Wframe-larger-than]
2026-10-09T15:47:22.6263771Z C/C++: /home/runner/work/AN-Paint/AN-Paint/Paintroid/build/jxl-source/lib/jxl/enc_convolve_separable5.cc:111:21: warning: stack frame size (9512) exceeds limit (5632) in 'void jxl::N_SSE2::Separable5Impl::ConvolveRow<1ul, false>(unsigned int)' [-Wframe-larger-than]
2026-10-09T15:47:22.6266889Z C/C++: /home/runner/work/AN-Paint/AN-Paint/Paintroid/build/jxl-source/lib/jxl/enc_convolve_separable5.cc:111:21: warning: stack frame size (6424) exceeds limit (5632) in 'void jxl::N_SSE2::Separable5Impl::ConvolveRow<2ul, true>(unsigned int)' [-Wframe-larger-than]
2026-10-09T15:47:22.6269947Z C/C++: /home/runner/work/AN-Paint/AN-Paint/Paintroid/build/jxl-source/lib/jxl/enc_convolve_separable5.cc:111:21: warning: stack frame size (6136) exceeds limit (5632) in 'void jxl::N_SSE2::Separable5Impl::ConvolveRow<2ul, false>(unsigned int)' [-Wframe-larger-than]
2026-10-09T15:47:22.6273328Z C/C++: /home/runner/work/AN-Paint/AN-Paint/Paintroid/build/jxl-source/lib/jxl/enc_convolve_separable5.cc:111:21: warning: stack frame size (6424) exceeds limit (5632) in 'void jxl::N_SSE2::Separable5Impl::ConvolveRow<3ul, true>(unsigned int)' [-Wframe-larger-than]
2026-10-09T15:47:22.6276441Z C/C++: /home/runner/work/AN-Paint/AN-Paint/Paintroid/build/jxl-source/lib/jxl/enc_convolve_separable5.cc:111:21: warning: stack frame size (6136) exceeds limit (5632) in 'void jxl::N_SSE2::Separable5Impl::ConvolveRow<3ul, false>(unsigned int)' [-Wframe-larger-than]
2026-10-09T15:47:22.6278280Z C/C++: 24 warnings generated.
2026-10-09T15:47:24.2124490Z C/C++: In file included from /home/runner/work/AN-Paint/AN-Paint/Paintroid/build/jxl-source/lib/jxl/enc_modular_simd.cc:25:
2026-10-09T15:47:24.2184138Z C/C++: In file included from /home/runner/work/AN-Paint/AN-Paint/Paintroid/build/jxl-source/third_party/highway/hwy/foreach_target.h:94:
2026-10-09T15:47:24.2244876Z C/C++: /home/runner/work/AN-Paint/AN-Paint/Paintroid/build/jxl-source/lib/jxl/enc_modular_simd.cc:62:17: warning: stack frame size (8184) exceeds limit (5632) in 'jxl::N_AVX2::EstimateCost(jxl::Image const&)' [-Wframe-larger-than]
2026-10-09T15:47:24.2293598Z C/C++:    62 | StatusOr<float> EstimateCost(const Image& img) {
2026-10-09T15:47:24.2363494Z C/C++:       |                 ^
2026-10-09T15:47:24.2413362Z C/C++: 1 warning generated.
2026-10-09T15:47:47.3104861Z 
2026-10-09T15:47:47.3128065Z > Task :Paintroid:mergeDebugJniLibFolders
2026-10-09T15:47:48.1094732Z > Task :app:validateSigningDebug
2026-10-09T15:47:48.1121285Z > Task :app:writeDebugAppMetadata
2026-10-09T15:47:48.2094507Z > Task :app:writeDebugSigningConfigVersions
2026-10-09T15:47:49.0094570Z > Task :Paintroid:mergeDebugNativeLibs
2026-10-09T15:47:50.3094936Z > Task :Paintroid:copyDebugJniLibsProjectOnly
2026-10-09T15:47:51.9094000Z > Task :app:mergeDebugNativeLibs
2026-10-09T15:47:52.5108346Z > Task :app:stripDebugDebugSymbols
2026-10-09T15:47:53.8094105Z > Task :app:packageDebug
2026-10-09T15:47:53.8094682Z > Task :app:createDebugApkListingFileRedirect
2026-10-09T15:47:53.8095229Z > Task :app:assembleDebug
2026-10-09T15:47:53.8794768Z 
2026-10-09T15:47:53.8797059Z [Incubating] Problems report is available at: file:///home/runner/work/AN-Paint/AN-Paint/build/reports/problems/problems-report.html
2026-10-09T15:47:53.8802655Z 
2026-10-09T15:47:53.8803938Z Deprecated Gradle features were used in this build, making it incompatible with Gradle 9.0.
2026-10-09T15:47:53.8804611Z 
2026-10-09T15:47:53.8805631Z You can use '--warning-mode all' to show the individual deprecation warnings and determine if they come from your own scripts or plugins.
2026-10-09T15:47:53.8806592Z 
2026-10-09T15:47:53.8807452Z For more on this, please refer to https://docs.gradle.org/8.13/userguide/command_line_interface.html#sec:command_line_warnings in the Gradle documentation.
2026-10-09T15:47:53.8808484Z 
2026-10-09T15:47:53.8808644Z BUILD SUCCESSFUL in 6m 4s
2026-10-09T15:47:53.8809069Z 70 actionable tasks: 70 executed
2026-10-09T15:47:54.2081250Z ##[group]Run if command -v ccache >/dev/null; then ccache --show-stats; fi
2026-10-09T15:47:54.2081808Z [36;1mif command -v ccache >/dev/null; then ccache --show-stats; fi[0m
2026-10-09T15:47:54.2157237Z shell: /usr/bin/bash --noprofile --norc -e -o pipefail {0}
2026-10-09T15:47:54.2157603Z env:
2026-10-09T15:47:54.2157807Z   BUILD_VARIANT: debug
2026-10-09T15:47:54.2158043Z   CCACHE_MAXSIZE: 2G
2026-10-09T15:47:54.2158285Z   CCACHE_COMPILERCHECK: content
2026-10-09T15:47:54.2158566Z   CCACHE_SLOPPINESS: 
2026-10-09T15:47:54.2158800Z   CCACHE_NODEPEND: 1
2026-10-09T15:47:54.2159021Z   CCACHE_NODIRECT: 1
2026-10-09T15:47:54.2159286Z   CMAKE_C_COMPILER_LAUNCHER: ccache
2026-10-09T15:47:54.2159578Z   CMAKE_CXX_COMPILER_LAUNCHER: ccache
2026-10-09T15:47:54.2159917Z   CCACHE_DIR: /home/runner/work/_temp/anpaint-ccache
2026-10-09T15:47:54.2160280Z   JAVA_HOME: /usr/lib/jvm/temurin-17-jdk-amd64
2026-10-09T15:47:54.2160591Z ##[endgroup]
2026-10-09T15:47:54.2301163Z Summary:
2026-10-09T15:47:54.2301603Z   Hits:            3246 / 3762 (86.28 %)
2026-10-09T15:47:54.2302099Z     Direct:           0 /    0
2026-10-09T15:47:54.2302557Z     Preprocessed:  3246 / 3812 (85.15 %)
2026-10-09T15:47:54.2303422Z   Misses:           516
2026-10-09T15:47:54.2303744Z     Direct:           0
2026-10-09T15:47:54.2303992Z     Preprocessed:   566
2026-10-09T15:47:54.2304235Z   Uncacheable:      152
2026-10-09T15:47:54.2304464Z Primary storage:
2026-10-09T15:47:54.2304696Z   Hits:            3246 / 3812 (85.15 %)
2026-10-09T15:47:54.2304969Z   Misses:           566
2026-10-09T15:47:54.2305209Z   Cache size (GB): 0.32 / 2.00 (16.17 %)
2026-10-09T15:47:54.2306060Z 
2026-10-09T15:47:54.2306301Z Use the -v/--verbose option for more details.
2026-10-09T15:47:54.2335266Z ##[group]Run python3 - <<'PY'
2026-10-09T15:47:54.2335607Z [36;1mpython3 - <<'PY'[0m
2026-10-09T15:47:54.2335921Z [36;1mimport hashlib, json, os, pathlib, zipfile[0m
2026-10-09T15:47:54.2336283Z [36;1mvariant = os.environ['BUILD_VARIANT'][0m
2026-10-09T15:47:54.2336715Z [36;1mapk = pathlib.Path(f'app/build/outputs/apk/{variant}/app-{variant}.apk')[0m
2026-10-09T15:47:54.2337264Z [36;1mout = pathlib.Path('build/delivery'); out.mkdir(parents=True, exist_ok=True)[0m
2026-10-09T15:47:54.2337720Z [36;1mwith zipfile.ZipFile(apk) as z:[0m
2026-10-09T15:47:54.2338096Z [36;1m    source = z.read('assets/local-source/AN-Paint-source.zip')[0m
2026-10-09T15:47:54.2338529Z [36;1m(out/'AN-Paint-source.zip').write_bytes(source)[0m
2026-10-09T15:47:54.2338899Z [36;1m(out/'build-info.json').write_text(json.dumps({[0m
2026-10-09T15:47:54.2339338Z [36;1m    'commit': os.environ['GITHUB_SHA'], 'run_id': os.environ['GITHUB_RUN_ID'],[0m
2026-10-09T15:47:54.2339784Z [36;1m    'build_variant': variant,[0m
2026-10-09T15:47:54.2340152Z [36;1m    'apk_sha256': hashlib.sha256(apk.read_bytes()).hexdigest(),[0m
2026-10-09T15:47:54.2340586Z [36;1m    'source_sha256': hashlib.sha256(source).hexdigest(),[0m
2026-10-09T15:47:54.2341121Z [36;1m    'test_status': 'Reported separately; artifact availability does not imply tests passed.',[0m
2026-10-09T15:47:54.2352757Z [36;1m    'signing': 'CI debug key. Upgrade signing remains a separate private packaging step.'[0m
2026-10-09T15:47:54.2353770Z [36;1m}, indent=2)+'\n')[0m
2026-10-09T15:47:54.2354084Z [36;1mPY[0m
2026-10-09T15:47:54.2415951Z shell: /usr/bin/bash --noprofile --norc -e -o pipefail {0}
2026-10-09T15:47:54.2416315Z env:
2026-10-09T15:47:54.2416514Z   BUILD_VARIANT: debug
2026-10-09T15:47:54.2416750Z   CCACHE_MAXSIZE: 2G
2026-10-09T15:47:54.2416977Z   CCACHE_COMPILERCHECK: content
2026-10-09T15:47:54.2417232Z   CCACHE_SLOPPINESS: 
2026-10-09T15:47:54.2417464Z   CCACHE_NODEPEND: 1
2026-10-09T15:47:54.2417677Z   CCACHE_NODIRECT: 1
2026-10-09T15:47:54.2417895Z   CMAKE_C_COMPILER_LAUNCHER: ccache
2026-10-09T15:47:54.2418183Z   CMAKE_CXX_COMPILER_LAUNCHER: ccache
2026-10-09T15:47:54.2418499Z   CCACHE_DIR: /home/runner/work/_temp/anpaint-ccache
2026-10-09T15:47:54.2418855Z   JAVA_HOME: /usr/lib/jvm/temurin-17-jdk-amd64
2026-10-09T15:47:54.2419158Z ##[endgroup]
2026-10-09T15:47:54.8259033Z ##[group]Run actions/upload-artifact@043fb46d1a93c77aae656e7c1c64a875d1fc6a0a
2026-10-09T15:47:54.8259485Z with:
2026-10-09T15:47:54.8259682Z   archive: true
2026-10-09T15:47:54.8259991Z   name: apk-and-source-f8ca8d865dcbd31f270610b4b80c2b10008a83ac
2026-10-09T15:47:54.8260351Z   retention-days: 14
2026-10-09T15:47:54.8260576Z   if-no-files-found: error
2026-10-09T15:47:54.8261698Z   path: app/build/outputs/apk/debug/app-debug.apk
build/delivery/
app/build/runtime-dependencies.json
build/reports/native-runtime-notices.json
Paintroid/src/main/assets/legal/THIRD_PARTY_NOTICES.txt
Paintroid/src/main/assets/legal/NATIVE_RUNTIME_NOTICES.txt
verification-tools/

2026-10-09T15:47:54.8263172Z   compression-level: 6
2026-10-09T15:47:54.8263430Z   overwrite: false
2026-10-09T15:47:54.8263660Z   include-hidden-files: false
2026-10-09T15:47:54.8263906Z env:
2026-10-09T15:47:54.8264099Z   BUILD_VARIANT: debug
2026-10-09T15:47:54.8264318Z   CCACHE_MAXSIZE: 2G
2026-10-09T15:47:54.8264579Z   CCACHE_COMPILERCHECK: content
2026-10-09T15:47:54.8264837Z   CCACHE_SLOPPINESS: 
2026-10-09T15:47:54.8265070Z   CCACHE_NODEPEND: 1
2026-10-09T15:47:54.8265281Z   CCACHE_NODIRECT: 1
2026-10-09T15:47:54.8265499Z   CMAKE_C_COMPILER_LAUNCHER: ccache
2026-10-09T15:47:54.8265775Z   CMAKE_CXX_COMPILER_LAUNCHER: ccache
2026-10-09T15:47:54.8266080Z   CCACHE_DIR: /home/runner/work/_temp/anpaint-ccache
2026-10-09T15:47:54.8266420Z   JAVA_HOME: /usr/lib/jvm/temurin-17-jdk-amd64
2026-10-09T15:47:54.8266714Z ##[endgroup]
2026-10-09T15:47:54.9916565Z Multiple search paths detected. Calculating the least common ancestor of all paths
2026-10-09T15:47:54.9920378Z The least common ancestor is /home/runner/work/AN-Paint/AN-Paint. This will be the root directory of the artifact
2026-10-09T15:47:54.9921570Z With the provided path, there will be 11 files uploaded
2026-10-09T15:47:54.9926880Z Artifact name is valid!
2026-10-09T15:47:54.9927455Z Root directory input is valid!
2026-10-09T15:47:55.1909735Z Uploading artifact: apk-and-source-f8ca8d865dcbd31f270610b4b80c2b10008a83ac.zip
2026-10-09T15:47:55.1955491Z Beginning upload of artifact content to blob storage
2026-10-09T15:47:55.9378320Z Uploaded bytes 8388608
2026-10-09T15:47:56.4980188Z Uploaded bytes 16777216
2026-10-09T15:47:57.4137123Z Uploaded bytes 25165824
2026-10-09T15:47:58.2608468Z Uploaded bytes 33554432
2026-10-09T15:47:58.6288474Z Uploaded bytes 41943040
2026-10-09T15:47:58.8167796Z Uploaded bytes 50331648
2026-10-09T15:47:59.0792535Z Uploaded bytes 58720256
2026-10-09T15:47:59.3039952Z Uploaded bytes 67108864
2026-10-09T15:47:59.5297365Z Uploaded bytes 75497472
2026-10-09T15:47:59.7501971Z Uploaded bytes 83886080
2026-10-09T15:48:00.1549888Z Uploaded bytes 92274688
2026-10-09T15:48:00.3729643Z Uploaded bytes 100663296
2026-10-09T15:48:00.6189716Z Uploaded bytes 109051904
2026-10-09T15:48:00.8891378Z Uploaded bytes 117440512
2026-10-09T15:48:01.1296164Z Uploaded bytes 125829120
2026-10-09T15:48:01.3962977Z Uploaded bytes 134217728
2026-10-09T15:48:01.8468270Z Uploaded bytes 142591763
2026-10-09T15:48:01.8635250Z Finished uploading artifact content to blob storage!
2026-10-09T15:48:01.8639084Z SHA256 digest of uploaded artifact is 7ed7048fcd7cf7ec3ada51cdefaa76bf5646d1cfce66db6d1a540f2749f95322
2026-10-09T15:48:01.8640979Z Finalizing artifact upload
2026-10-09T15:48:02.1274015Z Artifact apk-and-source-f8ca8d865dcbd31f270610b4b80c2b10008a83ac successfully finalized. Artifact ID 11627347465
2026-10-09T15:48:02.1275832Z Artifact apk-and-source-f8ca8d865dcbd31f270610b4b80c2b10008a83ac has been successfully uploaded! Final size is 142591763 bytes. Artifact ID is 11627347465
2026-10-09T15:48:02.1280294Z Artifact download URL: https://github.com/c933103/AN-Paint/actions/runs/37953314026/artifacts/11627347465
2026-10-09T15:48:02.1466229Z ##[group]Run ./gradlew --no-daemon --max-workers=2 --console=plain :Paintroid:assemble${BUILD_VARIANT^}AndroidTest :app:assemble${BUILD_VARIANT^}AndroidTest -PciReleaseSigning
2026-10-09T15:48:02.1467515Z [36;1m./gradlew --no-daemon --max-workers=2 --console=plain :Paintroid:assemble${BUILD_VARIANT^}AndroidTest :app:assemble${BUILD_VARIANT^}AndroidTest -PciReleaseSigning[0m
2026-10-09T15:48:02.1538252Z shell: /usr/bin/bash --noprofile --norc -e -o pipefail {0}
2026-10-09T15:48:02.1538610Z env:
2026-10-09T15:48:02.1538807Z   BUILD_VARIANT: debug
2026-10-09T15:48:02.1539040Z   CCACHE_MAXSIZE: 2G
2026-10-09T15:48:02.1539269Z   CCACHE_COMPILERCHECK: content
2026-10-09T15:48:02.1539537Z   CCACHE_SLOPPINESS: 
2026-10-09T15:48:02.1539765Z   CCACHE_NODEPEND: 1
2026-10-09T15:48:02.1539975Z   CCACHE_NODIRECT: 1
2026-10-09T15:48:02.1540225Z   CMAKE_C_COMPILER_LAUNCHER: ccache
2026-10-09T15:48:02.1540507Z   CMAKE_CXX_COMPILER_LAUNCHER: ccache
2026-10-09T15:48:02.1540855Z   CCACHE_DIR: /home/runner/work/_temp/anpaint-ccache
2026-10-09T15:48:02.1541220Z   JAVA_HOME: /usr/lib/jvm/temurin-17-jdk-amd64
2026-10-09T15:48:02.1541531Z ##[endgroup]
2026-10-09T15:48:02.8934267Z To honour the JVM settings for this build a single-use Daemon process will be forked. For more on this, please refer to https://docs.gradle.org/8.13/userguide/gradle_daemon.html#sec:disabling_the_daemon in the Gradle documentation.
2026-10-09T15:48:04.0944724Z Daemon will be stopped at the end of the build 
2026-10-09T15:48:15.0926343Z > Task :Paintroid:checkKotlinGradlePluginConfigurationErrors
2026-10-09T15:48:15.0927354Z > Task :Paintroid:fetchHeifSources
2026-10-09T15:48:15.1930994Z > Task :Paintroid:fetchJxlSources
2026-10-09T15:48:15.2925240Z > Task :Paintroid:fetchTiffSources
2026-10-09T15:48:15.3923978Z > Task :Paintroid:fetchWebpSources
2026-10-09T15:48:16.1954133Z > Task :Paintroid:bundleCorrespondingSource UP-TO-DATE
2026-10-09T15:48:16.1964411Z > Task :Paintroid:preBuild UP-TO-DATE
2026-10-09T15:48:16.1973528Z > Task :Paintroid:preDebugBuild UP-TO-DATE
2026-10-09T15:48:16.1987349Z > Task :Paintroid:generateDebugBuildConfig UP-TO-DATE
2026-10-09T15:48:16.1988336Z > Task :Paintroid:generateDebugResValues UP-TO-DATE
2026-10-09T15:48:16.1989163Z > Task :Paintroid:generateDebugResources UP-TO-DATE
2026-10-09T15:48:16.2943390Z > Task :Paintroid:packageDebugResources UP-TO-DATE
2026-10-09T15:48:16.2967306Z > Task :Paintroid:processDebugNavigationResources UP-TO-DATE
2026-10-09T15:48:16.2968234Z > Task :Paintroid:parseDebugLocalResources UP-TO-DATE
2026-10-09T15:48:16.4946026Z > Task :Paintroid:generateDebugRFile UP-TO-DATE
2026-10-09T15:48:16.6918994Z > Task :Paintroid:compileDebugKotlin UP-TO-DATE
2026-10-09T15:48:16.6925330Z > Task :Paintroid:javaPreCompileDebug UP-TO-DATE
2026-10-09T15:48:16.6975170Z > Task :Paintroid:compileDebugJavaWithJavac UP-TO-DATE
2026-10-09T15:48:16.6994226Z > Task :Paintroid:bundleLibCompileToJarDebug UP-TO-DATE
2026-10-09T15:48:16.7003617Z > Task :Paintroid:preDebugAndroidTestBuild UP-TO-DATE
2026-10-09T15:48:16.7012223Z > Task :Paintroid:extractDeepLinksDebug UP-TO-DATE
2026-10-09T15:48:16.7013735Z > Task :Paintroid:processDebugManifest UP-TO-DATE
2026-10-09T15:48:17.1983919Z 
2026-10-09T15:48:17.2014132Z > Task :Paintroid:processDebugAndroidTestManifest
2026-10-09T15:48:17.2044574Z [androidx.vectordrawable:vectordrawable-animated:1.0.0] /home/runner/.gradle/caches/8.13/transforms/4c0c74693644e94e33bc27c89cbf9cd0/transformed/vectordrawable-animated-1.0.0/AndroidManifest.xml Warning:
2026-10-09T15:48:17.2048520Z 	Namespace 'androidx.vectordrawable' is used in multiple modules and/or libraries: androidx.vectordrawable:vectordrawable-animated:1.0.0, androidx.vectordrawable:vectordrawable:1.0.0. Please ensure that all modules and libraries have a unique namespace. For more information, See https://developer.android.com/studio/build/configure-app-module#set-namespace
2026-10-09T15:48:17.2073370Z 
2026-10-09T15:48:17.2103742Z > Task :Paintroid:generateDebugAndroidTestBuildConfig
2026-10-09T15:48:17.2114069Z > Task :Paintroid:writeDebugAarMetadata UP-TO-DATE
2026-10-09T15:48:17.2940072Z > Task :Paintroid:processDebugAndroidTestNavigationResources
2026-10-09T15:48:17.2944754Z > Task :Paintroid:checkDebugAndroidTestAarMetadata
2026-10-09T15:48:17.2945757Z > Task :Paintroid:compileDebugAndroidTestNavigationResources
2026-10-09T15:48:17.2946709Z > Task :Paintroid:compileDebugLibraryResources UP-TO-DATE
2026-10-09T15:48:17.2947577Z > Task :Paintroid:generateDebugAndroidTestResValues
2026-10-09T15:48:17.3914035Z > Task :Paintroid:mapDebugAndroidTestSourceSetPaths
2026-10-09T15:48:17.3914810Z > Task :Paintroid:generateDebugAndroidTestResources
2026-10-09T15:48:21.3944109Z > Task :Paintroid:javaPreCompileDebugAndroidTest
2026-10-09T15:48:21.3973534Z > Task :Paintroid:mergeDebugAndroidTestShaders
2026-10-09T15:48:21.4003595Z > Task :Paintroid:compileDebugAndroidTestShaders NO-SOURCE
2026-10-09T15:48:21.4033685Z > Task :Paintroid:generateDebugAndroidTestAssets UP-TO-DATE
2026-10-09T15:48:21.4063485Z > Task :Paintroid:mergeDebugShaders UP-TO-DATE
2026-10-09T15:48:21.4064275Z > Task :Paintroid:compileDebugShaders NO-SOURCE
2026-10-09T15:48:21.4064958Z > Task :Paintroid:generateDebugAssets UP-TO-DATE
2026-10-09T15:48:21.4065575Z > Task :Paintroid:mergeDebugAssets UP-TO-DATE
2026-10-09T15:48:21.6934319Z > Task :Paintroid:mergeDebugAndroidTestResources
2026-10-09T15:48:21.6963830Z > Task :Paintroid:mergeDebugAndroidTestAssets
2026-10-09T15:48:23.0933940Z > Task :Paintroid:processDebugAndroidTestResources
2026-10-09T15:48:24.2937879Z > Task :Paintroid:compressDebugAndroidTestAssets
2026-10-09T15:48:25.4934131Z > Task :Paintroid:bundleLibRuntimeToJarDebug UP-TO-DATE
2026-10-09T15:48:43.0921135Z > Task :Paintroid:desugarDebugAndroidTestFileDependencies
2026-10-09T15:48:43.1922291Z > Task :Paintroid:processDebugJavaRes UP-TO-DATE
2026-10-09T15:48:43.4924057Z > Task :Paintroid:checkDebugAndroidTestDuplicateClasses
2026-10-09T15:48:53.0923895Z > Task :Paintroid:compileDebugAndroidTestKotlin
2026-10-09T15:49:10.4913777Z > Task :Paintroid:mergeExtDexDebugAndroidTest
2026-10-09T15:49:10.5913878Z > Task :Paintroid:compileDebugAndroidTestJavaWithJavac
2026-10-09T15:49:11.0924177Z > Task :Paintroid:dexBuilderDebugAndroidTest
2026-10-09T15:49:11.1914349Z > Task :Paintroid:mergeDebugAndroidTestGlobalSynthetics
2026-10-09T15:49:11.1930463Z > Task :Paintroid:processDebugAndroidTestJavaRes
2026-10-09T15:49:11.6929848Z > Task :Paintroid:mergeLibDexDebugAndroidTest
2026-10-09T15:49:11.7937278Z > Task :Paintroid:mergeDebugAndroidTestJavaResource
2026-10-09T15:49:11.7938582Z > Task :Paintroid:mergeProjectDexDebugAndroidTest
2026-10-09T15:49:12.1913875Z > Task :Paintroid:configureCMakeDebug[arm64-v8a]
2026-10-09T15:49:12.2913999Z > Task :Paintroid:buildCMakeDebug[arm64-v8a][anpaint_heif,anpaint_jxl,etc]
2026-10-09T15:49:12.2915182Z > Task :Paintroid:configureCMakeDebug[armeabi-v7a]
2026-10-09T15:49:12.3915504Z > Task :Paintroid:buildCMakeDebug[armeabi-v7a][anpaint_heif,anpaint_jxl,etc]
2026-10-09T15:49:12.3918029Z > Task :Paintroid:configureCMakeDebug[x86]
2026-10-09T15:49:12.4921839Z > Task :Paintroid:buildCMakeDebug[x86][anpaint_heif,anpaint_jxl,etc]
2026-10-09T15:49:12.4941021Z > Task :Paintroid:configureCMakeDebug[x86_64]
2026-10-09T15:49:12.5927605Z > Task :Paintroid:buildCMakeDebug[x86_64][anpaint_heif,anpaint_jxl,etc]
2026-10-09T15:49:12.5944142Z > Task :Paintroid:mergeDebugJniLibFolders UP-TO-DATE
2026-10-09T15:49:12.5948928Z > Task :Paintroid:mergeDebugNativeLibs UP-TO-DATE
2026-10-09T15:49:12.6003773Z > Task :Paintroid:copyDebugJniLibsProjectOnly UP-TO-DATE
2026-10-09T15:49:12.6964423Z > Task :Paintroid:mergeDebugAndroidTestJniLibFolders
2026-10-09T15:49:12.6993708Z > Task :Paintroid:validateSigningDebugAndroidTest
2026-10-09T15:49:12.7918930Z > Task :Paintroid:writeDebugAndroidTestSigningConfigVersions
2026-10-09T15:49:12.7925352Z > Task :app:checkKotlinGradlePluginConfigurationErrors
2026-10-09T15:49:12.7926534Z > Task :app:preBuild UP-TO-DATE
2026-10-09T15:49:12.7927282Z > Task :app:preDebugBuild UP-TO-DATE
2026-10-09T15:49:12.7928374Z > Task :app:checkDebugAarMetadata UP-TO-DATE
2026-10-09T15:49:12.7929241Z > Task :app:processDebugNavigationResources UP-TO-DATE
2026-10-09T15:49:12.7930158Z > Task :app:compileDebugNavigationResources UP-TO-DATE
2026-10-09T15:49:12.7930996Z > Task :app:generateDebugResValues UP-TO-DATE
2026-10-09T15:49:12.7931785Z > Task :app:mapDebugSourceSetPaths UP-TO-DATE
2026-10-09T15:49:12.7932568Z > Task :app:generateDebugResources UP-TO-DATE
2026-10-09T15:49:12.8914846Z > Task :app:mergeDebugResources UP-TO-DATE
2026-10-09T15:49:12.8944323Z > Task :app:createDebugCompatibleScreenManifests UP-TO-DATE
2026-10-09T15:49:12.8975036Z > Task :app:extractDeepLinksDebug UP-TO-DATE
2026-10-09T15:49:12.8977236Z > Task :app:processDebugMainManifest UP-TO-DATE
2026-10-09T15:49:12.8977856Z > Task :app:processDebugManifest UP-TO-DATE
2026-10-09T15:49:12.8978561Z > Task :app:processDebugManifestForPackage UP-TO-DATE
2026-10-09T15:49:12.8979249Z > Task :app:processDebugResources UP-TO-DATE
2026-10-09T15:49:12.8979831Z > Task :app:compileDebugKotlin NO-SOURCE
2026-10-09T15:49:12.8980387Z > Task :app:javaPreCompileDebug UP-TO-DATE
2026-10-09T15:49:12.8980967Z > Task :app:compileDebugJavaWithJavac NO-SOURCE
2026-10-09T15:49:12.9915594Z > Task :app:bundleDebugClassesToCompileJar
2026-10-09T15:49:12.9943569Z > Task :app:preDebugAndroidTestBuild SKIPPED
2026-10-09T15:49:13.0914034Z > Task :app:checkDebugAndroidTestAarMetadata
2026-10-09T15:49:13.0973690Z > Task :app:processDebugAndroidTestNavigationResources
2026-10-09T15:49:13.1003605Z > Task :app:compileDebugAndroidTestNavigationResources
2026-10-09T15:49:13.1033715Z > Task :app:generateDebugAndroidTestResValues
2026-10-09T15:49:13.1063571Z > Task :app:mapDebugAndroidTestSourceSetPaths
2026-10-09T15:49:13.1088736Z > Task :app:generateDebugAndroidTestResources
2026-10-09T15:49:13.3974125Z > Task :app:mergeDebugAndroidTestResources
2026-10-09T15:49:13.3997053Z > Task :app:processDebugAndroidTestManifest
2026-10-09T15:49:13.5913906Z > Task :app:processDebugAndroidTestResources
2026-10-09T15:49:14.4957393Z > Task :Paintroid:mergeDebugAndroidTestNativeLibs
2026-10-09T15:49:15.7924398Z > Task :Paintroid:stripDebugAndroidTestDebugSymbols
2026-10-09T15:49:19.9916851Z > Task :Paintroid:packageDebugAndroidTest
2026-10-09T15:49:19.9943800Z > Task :Paintroid:createDebugAndroidTestApkListingFileRedirect
2026-10-09T15:49:19.9957489Z > Task :Paintroid:assembleDebugAndroidTest
2026-10-09T15:49:19.9983873Z > Task :app:javaPreCompileDebugAndroidTest
2026-10-09T15:49:20.0013032Z > Task :app:mergeDebugAndroidTestShaders
2026-10-09T15:49:20.0043621Z > Task :app:compileDebugAndroidTestShaders NO-SOURCE
2026-10-09T15:49:20.0044765Z > Task :app:generateDebugAndroidTestAssets UP-TO-DATE
2026-10-09T15:49:20.0913982Z > Task :app:mergeDebugAndroidTestAssets
2026-10-09T15:49:20.0973970Z > Task :app:compressDebugAndroidTestAssets
2026-10-09T15:49:20.1934252Z > Task :app:desugarDebugAndroidTestFileDependencies
2026-10-09T15:49:20.2924179Z > Task :app:checkDebugAndroidTestDuplicateClasses
2026-10-09T15:49:30.7944083Z > Task :app:mergeExtDexDebugAndroidTest
2026-10-09T15:49:30.8003437Z > Task :app:mergeLibDexDebugAndroidTest
2026-10-09T15:49:30.8029154Z > Task :app:mergeDebugAndroidTestJniLibFolders
2026-10-09T15:49:30.8103522Z > Task :app:mergeDebugJniLibFolders UP-TO-DATE
2026-10-09T15:49:30.8159220Z > Task :app:mergeDebugNativeLibs UP-TO-DATE
2026-10-09T15:49:30.8213609Z > Task :app:mergeDebugAndroidTestNativeLibs NO-SOURCE
2026-10-09T15:49:30.8253689Z > Task :app:stripDebugAndroidTestDebugSymbols NO-SOURCE
2026-10-09T15:49:30.8254928Z > Task :app:validateSigningDebugAndroidTest
2026-10-09T15:49:30.8276965Z > Task :app:writeDebugAndroidTestSigningConfigVersions
2026-10-09T15:49:31.1913115Z 
2026-10-09T15:49:31.1916923Z > Task :app:compileDebugAndroidTestKotlin
2026-10-09T15:49:31.1923846Z w: file:///home/runner/work/AN-Paint/AN-Paint/app/src/androidTest/java/paint/anpaint/android/EditorDeviceTest.kt:196:26 'getParcelableExtra(String!): T?' is deprecated. Deprecated in Java
2026-10-09T15:49:31.1927330Z w: file:///home/runner/work/AN-Paint/AN-Paint/app/src/androidTest/java/paint/anpaint/android/EditorDeviceTest.kt:199:25 'getParcelableExtra(String!): T?' is deprecated. Deprecated in Java
2026-10-09T15:49:31.6925095Z 
2026-10-09T15:49:31.6926097Z > Task :app:compileDebugAndroidTestJavaWithJavac
2026-10-09T15:49:32.0912477Z > Task :app:dexBuilderDebugAndroidTest
2026-10-09T15:49:32.1920502Z > Task :app:mergeDebugAndroidTestGlobalSynthetics
2026-10-09T15:49:32.1944060Z > Task :app:processDebugAndroidTestJavaRes
2026-10-09T15:49:32.2914587Z > Task :app:mergeDebugAndroidTestJavaResource
2026-10-09T15:49:32.2915106Z > Task :app:mergeProjectDexDebugAndroidTest
2026-10-09T15:49:32.3913142Z > Task :app:packageDebugAndroidTest
2026-10-09T15:49:32.3914105Z > Task :app:createDebugAndroidTestApkListingFileRedirect
2026-10-09T15:49:32.3915032Z > Task :app:assembleDebugAndroidTest
2026-10-09T15:49:32.4837614Z 
2026-10-09T15:49:32.4855253Z [Incubating] Problems report is available at: file:///home/runner/work/AN-Paint/AN-Paint/build/reports/problems/problems-report.html
2026-10-09T15:49:32.4856352Z 
2026-10-09T15:49:32.4857053Z Deprecated Gradle features were used in this build, making it incompatible with Gradle 9.0.
2026-10-09T15:49:32.4857814Z 
2026-10-09T15:49:32.4858723Z You can use '--warning-mode all' to show the individual deprecation warnings and determine if they come from your own scripts or plugins.
2026-10-09T15:49:32.4859670Z 
2026-10-09T15:49:32.4860559Z For more on this, please refer to https://docs.gradle.org/8.13/userguide/command_line_interface.html#sec:command_line_warnings in the Gradle documentation.
2026-10-09T15:49:32.4861605Z 
2026-10-09T15:49:32.4861780Z BUILD SUCCESSFUL in 1m 30s
2026-10-09T15:49:32.4862274Z 115 actionable tasks: 76 executed, 39 up-to-date
2026-10-09T15:49:32.8196092Z ##[group]Run actions/upload-artifact@043fb46d1a93c77aae656e7c1c64a875d1fc6a0a
2026-10-09T15:49:32.8197155Z with:
2026-10-09T15:49:32.8197500Z   archive: true
2026-10-09T15:49:32.8198103Z   name: instrumentation-apks-f8ca8d865dcbd31f270610b4b80c2b10008a83ac
2026-10-09T15:49:32.8198817Z   retention-days: 14
2026-10-09T15:49:32.8199234Z   if-no-files-found: error
2026-10-09T15:49:32.8200098Z   path: Paintroid/build/outputs/apk/androidTest/debug/*.apk
app/build/outputs/apk/androidTest/debug/*.apk

2026-10-09T15:49:32.8201036Z   compression-level: 6
2026-10-09T15:49:32.8201461Z   overwrite: false
2026-10-09T15:49:32.8201847Z   include-hidden-files: false
2026-10-09T15:49:32.8202288Z env:
2026-10-09T15:49:32.8202621Z   BUILD_VARIANT: debug
2026-10-09T15:49:32.8203319Z   CCACHE_MAXSIZE: 2G
2026-10-09T15:49:32.8203734Z   CCACHE_COMPILERCHECK: content
2026-10-09T15:49:32.8204204Z   CCACHE_SLOPPINESS: 
2026-10-09T15:49:32.8204601Z   CCACHE_NODEPEND: 1
2026-10-09T15:49:32.8205028Z   CCACHE_NODIRECT: 1
2026-10-09T15:49:32.8205413Z   CMAKE_C_COMPILER_LAUNCHER: ccache
2026-10-09T15:49:32.8205899Z   CMAKE_CXX_COMPILER_LAUNCHER: ccache
2026-10-09T15:49:32.8206463Z   CCACHE_DIR: /home/runner/work/_temp/anpaint-ccache
2026-10-09T15:49:32.8207081Z   JAVA_HOME: /usr/lib/jvm/temurin-17-jdk-amd64
2026-10-09T15:49:32.8207598Z ##[endgroup]
2026-10-09T15:49:32.9867922Z Multiple search paths detected. Calculating the least common ancestor of all paths
2026-10-09T15:49:32.9870363Z The least common ancestor is /home/runner/work/AN-Paint/AN-Paint. This will be the root directory of the artifact
2026-10-09T15:49:32.9871592Z With the provided path, there will be 2 files uploaded
2026-10-09T15:49:32.9874327Z Artifact name is valid!
2026-10-09T15:49:32.9874949Z Root directory input is valid!
2026-10-09T15:49:33.1913648Z Uploading artifact: instrumentation-apks-f8ca8d865dcbd31f270610b4b80c2b10008a83ac.zip
2026-10-09T15:49:33.1958928Z Beginning upload of artifact content to blob storage
2026-10-09T15:49:33.7153565Z Uploaded bytes 8388608
2026-10-09T15:49:33.9119690Z Uploaded bytes 16777216
2026-10-09T15:49:34.1703069Z Uploaded bytes 25165824
2026-10-09T15:49:34.4623711Z Uploaded bytes 33554432
2026-10-09T15:49:34.7016129Z Uploaded bytes 41943040
2026-10-09T15:49:34.9529125Z Uploaded bytes 50331648
2026-10-09T15:49:35.1911140Z Uploaded bytes 58720256
2026-10-09T15:49:35.3815633Z Uploaded bytes 67108864
2026-10-09T15:49:35.6397223Z Uploaded bytes 75497472
2026-10-09T15:49:35.8689543Z Uploaded bytes 83886080
2026-10-09T15:49:36.0986828Z Uploaded bytes 92274688
2026-10-09T15:49:36.2902246Z Uploaded bytes 96025180
2026-10-09T15:49:36.3072300Z Finished uploading artifact content to blob storage!
2026-10-09T15:49:36.3079271Z SHA256 digest of uploaded artifact is e4c709debc38836951e00472bae32014294a9d39ea80af2cfea160f5abbb6e05
2026-10-09T15:49:36.3081438Z Finalizing artifact upload
2026-10-09T15:49:36.5491634Z Artifact instrumentation-apks-f8ca8d865dcbd31f270610b4b80c2b10008a83ac successfully finalized. Artifact ID 11627631292
2026-10-09T15:49:36.5493980Z Artifact instrumentation-apks-f8ca8d865dcbd31f270610b4b80c2b10008a83ac has been successfully uploaded! Final size is 96025180 bytes. Artifact ID is 11627631292
2026-10-09T15:49:36.5498880Z Artifact download URL: https://github.com/c933103/AN-Paint/actions/runs/37953314026/artifacts/11627631292
2026-10-09T15:49:36.7602688Z Post job cleanup.
2026-10-09T15:49:36.8955290Z Cache hit occurred on the primary key native-ccache-v1-ubuntu22-4.5.1-1900042d713270d9be79884fed5090e06c758cf5a7dbb0dafff05a1471f66488-f6748c512abb37bc571029f4530f88f37ff4e2bf9f52af568a2d57f91e736130, not saving cache.
2026-10-09T15:49:40.0933582Z Post job cleanup.
2026-10-09T15:49:40.2208772Z Cache hit occurred on the primary key android-deps-v1-Linux-3e89dbc8caa9f4c204ec67d5edbc4e22b75fcdfbf3a4bb344dfc355672ee7ee2-build, not saving cache.
2026-10-09T15:49:40.2372148Z Post job cleanup.
2026-10-09T15:49:40.3313920Z [command]/usr/bin/git version
2026-10-09T15:49:40.3363563Z git version 2.55.0
2026-10-09T15:49:40.3405008Z Temporarily overriding HOME='/home/runner/work/_temp/9916acc3-3eb2-477f-9900-ad2dac2f19eb' before making global git config changes
2026-10-09T15:49:40.3407112Z Adding repository directory to the temporary git global config as a safe directory
2026-10-09T15:49:40.3410255Z [command]/usr/bin/git config --global --add safe.directory /home/runner/work/AN-Paint/AN-Paint
2026-10-09T15:49:40.3448274Z Removing SSH command configuration
2026-10-09T15:49:40.3455024Z [command]/usr/bin/git config --local --name-only --get-regexp core\.sshCommand
2026-10-09T15:49:40.3505966Z [command]/usr/bin/git submodule foreach --recursive sh -c "git config --local --name-only --get-regexp 'core\.sshCommand' && git config --local --unset-all 'core.sshCommand' || :"
2026-10-09T15:49:40.3790115Z Removing HTTP extra header
2026-10-09T15:49:40.3796510Z [command]/usr/bin/git config --local --name-only --get-regexp http\.https\:\/\/github\.com\/\.extraheader
2026-10-09T15:49:40.3841049Z [command]/usr/bin/git submodule foreach --recursive sh -c "git config --local --name-only --get-regexp 'http\.https\:\/\/github\.com\/\.extraheader' && git config --local --unset-all 'http.https://github.com/.extraheader' || :"
2026-10-09T15:49:40.4123807Z Removing includeIf entries pointing to credentials config files
2026-10-09T15:49:40.4131258Z [command]/usr/bin/git config --local --name-only --get-regexp ^includeIf\.gitdir:
2026-10-09T15:49:40.4174182Z [command]/usr/bin/git submodule foreach --recursive git config --local --show-origin --name-only --get-regexp remote.origin.url
2026-10-09T15:49:40.4697880Z Cleaning up orphan processes

