2026-10-09T15:40:27.9405093Z Current runner version: '2.337.0'
2026-10-09T15:40:27.9434678Z ##[group]Runner Image Provisioner
2026-10-09T15:40:27.9436189Z Hosted Compute Agent
2026-10-09T15:40:27.9437055Z Version: 20261002.596
2026-10-09T15:40:27.9438060Z Commit: c3d12f3313a95f25162a1503be624f3b0617f8c0
2026-10-09T15:40:27.9439063Z Build Date: 2026-10-02T22:28:27Z
2026-10-09T15:40:27.9440007Z Worker ID: {99e4edf3-85e9-4960-979a-07a0c0cb950d}
2026-10-09T15:40:27.9441339Z Region: eastus
2026-10-09T15:40:27.9442114Z Cloud: Azure
2026-10-09T15:40:27.9442936Z ##[endgroup]
2026-10-09T15:40:27.9444945Z ##[group]Operating System
2026-10-09T15:40:27.9445943Z Ubuntu
2026-10-09T15:40:27.9446668Z 22.04.5
2026-10-09T15:40:27.9447345Z LTS
2026-10-09T15:40:27.9448143Z ##[endgroup]
2026-10-09T15:40:27.9448917Z ##[group]Runner Image
2026-10-09T15:40:27.9449717Z Image: ubuntu-22.04
2026-10-09T15:40:27.9450852Z Version: 20261004.315.1
2026-10-09T15:40:27.9452731Z Included Software: https://github.com/actions/runner-images/blob/ubuntu22/20261004.315/images/ubuntu/Ubuntu2204-Readme.md
2026-10-09T15:40:27.9455057Z Image Release: https://github.com/actions/runner-images/releases/tag/ubuntu22%2F20261004.315
2026-10-09T15:40:27.9456573Z ##[endgroup]
2026-10-09T15:40:27.9458104Z ##[group]GITHUB_TOKEN Permissions
2026-10-09T15:40:27.9460855Z Contents: read
2026-10-09T15:40:27.9461688Z Metadata: read
2026-10-09T15:40:27.9462469Z ##[endgroup]
2026-10-09T15:40:27.9465289Z Secret source: Actions
2026-10-09T15:40:27.9466487Z Cache mode: write
2026-10-09T15:40:27.9467577Z Prepare workflow directory
2026-10-09T15:40:28.0216220Z Prepare all required actions
2026-10-09T15:40:28.0286073Z Getting action download info
2026-10-09T15:40:28.2153675Z Download action repository 'actions/checkout@3d3c42e5aac5ba805825da76410c181273ba90b1' (SHA:3d3c42e5aac5ba805825da76410c181273ba90b1)
2026-10-09T15:40:28.6632925Z Download action repository 'actions/cache@55cc8345863c7cc4c66a329aec7e433d2d1c52a9' (SHA:55cc8345863c7cc4c66a329aec7e433d2d1c52a9)
2026-10-09T15:40:29.1077469Z Download action repository 'actions/upload-artifact@043fb46d1a93c77aae656e7c1c64a875d1fc6a0a' (SHA:043fb46d1a93c77aae656e7c1c64a875d1fc6a0a)
2026-10-09T15:40:29.3955799Z Complete job name: Regression tests and lint
2026-10-09T15:40:29.4790100Z ##[group]Run actions/checkout@3d3c42e5aac5ba805825da76410c181273ba90b1
2026-10-09T15:40:29.4792157Z with:
2026-10-09T15:40:29.4793023Z   persist-credentials: false
2026-10-09T15:40:29.4794055Z   repository: c933103/AN-Paint
2026-10-09T15:40:29.4802039Z   token: ***
2026-10-09T15:40:29.4802904Z   ssh-strict: true
2026-10-09T15:40:29.4803782Z   ssh-user: git
2026-10-09T15:40:29.4804632Z   clean: true
2026-10-09T15:40:29.4805522Z   sparse-checkout-cone-mode: true
2026-10-09T15:40:29.4806571Z   fetch-depth: 1
2026-10-09T15:40:29.4807431Z   fetch-tags: false
2026-10-09T15:40:29.4808322Z   show-progress: true
2026-10-09T15:40:29.4809225Z   lfs: false
2026-10-09T15:40:29.4810052Z   submodules: false
2026-10-09T15:40:29.4811072Z   set-safe-directory: true
2026-10-09T15:40:29.4812081Z   allow-unsafe-pr-checkout: false
2026-10-09T15:40:29.4813379Z env:
2026-10-09T15:40:29.4814254Z   BUILD_VARIANT: debug
2026-10-09T15:40:29.4815152Z ##[endgroup]
2026-10-09T15:40:29.5901523Z Syncing repository: c933103/AN-Paint
2026-10-09T15:40:29.5905227Z ##[group]Getting Git version info
2026-10-09T15:40:29.5907229Z Working directory is '/home/runner/work/AN-Paint/AN-Paint'
2026-10-09T15:40:29.5910146Z [command]/usr/bin/git version
2026-10-09T15:40:29.5911843Z git version 2.55.0
2026-10-09T15:40:29.5924800Z ##[endgroup]
2026-10-09T15:40:29.5937130Z Temporarily overriding HOME='/home/runner/work/_temp/f7d55acc-280a-49d9-ae38-61a1c2534a98' before making global git config changes
2026-10-09T15:40:29.5941860Z Adding repository directory to the temporary git global config as a safe directory
2026-10-09T15:40:29.5947163Z [command]/usr/bin/git config --global --add safe.directory /home/runner/work/AN-Paint/AN-Paint
2026-10-09T15:40:29.5981926Z Deleting the contents of '/home/runner/work/AN-Paint/AN-Paint'
2026-10-09T15:40:29.5985879Z ##[group]Determining repository object format
2026-10-09T15:40:29.5988474Z ##[endgroup]
2026-10-09T15:40:29.5990783Z ##[group]Initializing the repository
2026-10-09T15:40:29.5992851Z [command]/usr/bin/git init /home/runner/work/AN-Paint/AN-Paint
2026-10-09T15:40:29.6074200Z hint: Using 'master' as the name for the initial branch. This default branch name
2026-10-09T15:40:29.6077444Z hint: will change to "main" in Git 3.0. To configure the initial branch name
2026-10-09T15:40:29.6080763Z hint: to use in all of your new repositories, which will suppress this warning,
2026-10-09T15:40:29.6083022Z hint: call:
2026-10-09T15:40:29.6084170Z hint:
2026-10-09T15:40:29.6085584Z hint: 	git config --global init.defaultBranch <name>
2026-10-09T15:40:29.6087324Z hint:
2026-10-09T15:40:29.6088960Z hint: Names commonly chosen instead of 'master' are 'main', 'trunk' and
2026-10-09T15:40:29.6091767Z hint: 'development'. The just-created branch can be renamed via this command:
2026-10-09T15:40:29.6093922Z hint:
2026-10-09T15:40:29.6095130Z hint: 	git branch -m <name>
2026-10-09T15:40:29.6096503Z hint:
2026-10-09T15:40:29.6098308Z hint: Disable this message with "git config set advice.defaultBranchName false"
2026-10-09T15:40:29.6101391Z Initialized empty Git repository in /home/runner/work/AN-Paint/AN-Paint/.git/
2026-10-09T15:40:29.6105939Z [command]/usr/bin/git remote add origin https://github.com/c933103/AN-Paint
2026-10-09T15:40:29.6125777Z ##[endgroup]
2026-10-09T15:40:29.6128254Z ##[group]Disabling automatic garbage collection
2026-10-09T15:40:29.6130099Z [command]/usr/bin/git config --local gc.auto 0
2026-10-09T15:40:29.6165890Z ##[endgroup]
2026-10-09T15:40:29.6167346Z ##[group]Setting up auth
2026-10-09T15:40:29.6168389Z Removing SSH command configuration
2026-10-09T15:40:29.6193663Z [command]/usr/bin/git config --local --name-only --get-regexp core\.sshCommand
2026-10-09T15:40:29.6233246Z [command]/usr/bin/git submodule foreach --recursive sh -c "git config --local --name-only --get-regexp 'core\.sshCommand' && git config --local --unset-all 'core.sshCommand' || :"
2026-10-09T15:40:29.6625741Z Removing HTTP extra header
2026-10-09T15:40:29.6629179Z [command]/usr/bin/git config --local --name-only --get-regexp http\.https\:\/\/github\.com\/\.extraheader
2026-10-09T15:40:29.6670555Z [command]/usr/bin/git submodule foreach --recursive sh -c "git config --local --name-only --get-regexp 'http\.https\:\/\/github\.com\/\.extraheader' && git config --local --unset-all 'http.https://github.com/.extraheader' || :"
2026-10-09T15:40:29.6961453Z Removing includeIf entries pointing to credentials config files
2026-10-09T15:40:29.6966799Z [command]/usr/bin/git config --local --name-only --get-regexp ^includeIf\.gitdir:
2026-10-09T15:40:29.7009742Z [command]/usr/bin/git submodule foreach --recursive git config --local --show-origin --name-only --get-regexp remote.origin.url
2026-10-09T15:40:29.7265604Z [command]/usr/bin/git config --file /home/runner/work/_temp/git-credentials-ba6df2db-9224-484a-8aee-150c13c07c73.config http.https://github.com/.extraheader AUTHORIZATION: basic ***
2026-10-09T15:40:29.7307492Z [command]/usr/bin/git config --local includeIf.gitdir:/home/runner/work/AN-Paint/AN-Paint/.git.path /home/runner/work/_temp/git-credentials-ba6df2db-9224-484a-8aee-150c13c07c73.config
2026-10-09T15:40:29.7346812Z [command]/usr/bin/git config --local includeIf.gitdir:/home/runner/work/AN-Paint/AN-Paint/.git/worktrees/*.path /home/runner/work/_temp/git-credentials-ba6df2db-9224-484a-8aee-150c13c07c73.config
2026-10-09T15:40:29.7386457Z [command]/usr/bin/git config --local includeIf.gitdir:/github/workspace/.git.path /github/runner_temp/git-credentials-ba6df2db-9224-484a-8aee-150c13c07c73.config
2026-10-09T15:40:29.7870518Z [command]/usr/bin/git config --local includeIf.gitdir:/github/workspace/.git/worktrees/*.path /github/runner_temp/git-credentials-ba6df2db-9224-484a-8aee-150c13c07c73.config
2026-10-09T15:40:29.7905337Z ##[endgroup]
2026-10-09T15:40:29.7906692Z ##[group]Fetching the repository
2026-10-09T15:40:29.7911684Z [command]/usr/bin/git -c protocol.version=2 fetch --no-tags --prune --no-recurse-submodules --depth=1 origin +f8ca8d865dcbd31f270610b4b80c2b10008a83ac:refs/remotes/pull/32/merge
2026-10-09T15:40:30.9164002Z From https://github.com/c933103/AN-Paint
2026-10-09T15:40:30.9165265Z  * [new ref]         f8ca8d865dcbd31f270610b4b80c2b10008a83ac -> pull/32/merge
2026-10-09T15:40:30.9174108Z ##[endgroup]
2026-10-09T15:40:30.9174892Z ##[group]Determining the checkout info
2026-10-09T15:40:30.9175468Z ##[endgroup]
2026-10-09T15:40:30.9175762Z [command]/usr/bin/git sparse-checkout disable
2026-10-09T15:40:30.9221012Z [command]/usr/bin/git config --local --unset-all extensions.worktreeConfig
2026-10-09T15:40:30.9255809Z ##[group]Checking out the ref
2026-10-09T15:40:30.9259607Z [command]/usr/bin/git checkout --progress --force refs/remotes/pull/32/merge
2026-10-09T15:40:31.1001967Z Note: switching to 'refs/remotes/pull/32/merge'.
2026-10-09T15:40:31.1002518Z 
2026-10-09T15:40:31.1002890Z You are in 'detached HEAD' state. You can look around, make experimental
2026-10-09T15:40:31.1003816Z changes and commit them, and you can discard any commits you make in this
2026-10-09T15:40:31.1004688Z state without impacting any branches by switching back to a branch.
2026-10-09T15:40:31.1005194Z 
2026-10-09T15:40:31.1005572Z If you want to create a new branch to retain commits you create, you may
2026-10-09T15:40:31.1006346Z do so (now or later) by using -c with the switch command. Example:
2026-10-09T15:40:31.1006786Z 
2026-10-09T15:40:31.1006982Z   git switch -c <new-branch-name>
2026-10-09T15:40:31.1007293Z 
2026-10-09T15:40:31.1007482Z Or undo this operation with:
2026-10-09T15:40:31.1007782Z 
2026-10-09T15:40:31.1007951Z   git switch -
2026-10-09T15:40:31.1008511Z 
2026-10-09T15:40:31.1009075Z Turn off this advice by setting config variable advice.detachedHead to false
2026-10-09T15:40:31.1009633Z 
2026-10-09T15:40:31.1010399Z HEAD is now at f8ca8d8 Merge 80914c9e86111ead4f24bf8463dbdeddd0e43646 into 0b3d737e19448c47d36deee8cebfffd5d40c1ea3
2026-10-09T15:40:31.1017646Z ##[endgroup]
2026-10-09T15:40:31.1069704Z [command]/usr/bin/git log -1 --format=%H
2026-10-09T15:40:31.1104612Z f8ca8d865dcbd31f270610b4b80c2b10008a83ac
2026-10-09T15:40:31.1119689Z ##[group]Removing auth
2026-10-09T15:40:31.1120404Z Removing SSH command configuration
2026-10-09T15:40:31.1121127Z [command]/usr/bin/git config --local --name-only --get-regexp core\.sshCommand
2026-10-09T15:40:31.1161474Z [command]/usr/bin/git submodule foreach --recursive sh -c "git config --local --name-only --get-regexp 'core\.sshCommand' && git config --local --unset-all 'core.sshCommand' || :"
2026-10-09T15:40:31.1429286Z Removing HTTP extra header
2026-10-09T15:40:31.1432501Z [command]/usr/bin/git config --local --name-only --get-regexp http\.https\:\/\/github\.com\/\.extraheader
2026-10-09T15:40:31.1473092Z [command]/usr/bin/git submodule foreach --recursive sh -c "git config --local --name-only --get-regexp 'http\.https\:\/\/github\.com\/\.extraheader' && git config --local --unset-all 'http.https://github.com/.extraheader' || :"
2026-10-09T15:40:31.1735499Z Removing includeIf entries pointing to credentials config files
2026-10-09T15:40:31.1738663Z [command]/usr/bin/git config --local --name-only --get-regexp ^includeIf\.gitdir:
2026-10-09T15:40:31.1771532Z includeif.gitdir:/home/runner/work/AN-Paint/AN-Paint/.git.path
2026-10-09T15:40:31.1772965Z includeif.gitdir:/home/runner/work/AN-Paint/AN-Paint/.git/worktrees/*.path
2026-10-09T15:40:31.1773581Z includeif.gitdir:/github/workspace/.git.path
2026-10-09T15:40:31.1859238Z includeif.gitdir:/github/workspace/.git/worktrees/*.path
2026-10-09T15:40:31.1861052Z [command]/usr/bin/git config --local --get-all includeif.gitdir:/home/runner/work/AN-Paint/AN-Paint/.git.path
2026-10-09T15:40:31.1861966Z /home/runner/work/_temp/git-credentials-ba6df2db-9224-484a-8aee-150c13c07c73.config
2026-10-09T15:40:31.1863662Z [command]/usr/bin/git config --local --unset includeif.gitdir:/home/runner/work/AN-Paint/AN-Paint/.git.path \/home\/runner\/work\/_temp\/git\-credentials\-ba6df2db\-9224\-484a\-8aee\-150c13c07c73\.config
2026-10-09T15:40:31.1866067Z [command]/usr/bin/git config --local --get-all includeif.gitdir:/home/runner/work/AN-Paint/AN-Paint/.git/worktrees/*.path
2026-10-09T15:40:31.1899338Z /home/runner/work/_temp/git-credentials-ba6df2db-9224-484a-8aee-150c13c07c73.config
2026-10-09T15:40:31.1915080Z [command]/usr/bin/git config --local --unset includeif.gitdir:/home/runner/work/AN-Paint/AN-Paint/.git/worktrees/*.path \/home\/runner\/work\/_temp\/git\-credentials\-ba6df2db\-9224\-484a\-8aee\-150c13c07c73\.config
2026-10-09T15:40:31.1958076Z [command]/usr/bin/git config --local --get-all includeif.gitdir:/github/workspace/.git.path
2026-10-09T15:40:31.1991352Z /github/runner_temp/git-credentials-ba6df2db-9224-484a-8aee-150c13c07c73.config
2026-10-09T15:40:31.2000568Z [command]/usr/bin/git config --local --unset includeif.gitdir:/github/workspace/.git.path \/github\/runner_temp\/git\-credentials\-ba6df2db\-9224\-484a\-8aee\-150c13c07c73\.config
2026-10-09T15:40:31.2041122Z [command]/usr/bin/git config --local --get-all includeif.gitdir:/github/workspace/.git/worktrees/*.path
2026-10-09T15:40:31.2073196Z /github/runner_temp/git-credentials-ba6df2db-9224-484a-8aee-150c13c07c73.config
2026-10-09T15:40:31.2123695Z [command]/usr/bin/git config --local --unset includeif.gitdir:/github/workspace/.git/worktrees/*.path \/github\/runner_temp\/git\-credentials\-ba6df2db\-9224\-484a\-8aee\-150c13c07c73\.config
2026-10-09T15:40:31.2166035Z [command]/usr/bin/git submodule foreach --recursive git config --local --show-origin --name-only --get-regexp remote.origin.url
2026-10-09T15:40:31.2429754Z Removing credentials config '/home/runner/work/_temp/git-credentials-ba6df2db-9224-484a-8aee-150c13c07c73.config'
2026-10-09T15:40:31.2438169Z ##[endgroup]
2026-10-09T15:40:31.6329588Z ##[group]Run actions/cache@55cc8345863c7cc4c66a329aec7e433d2d1c52a9
2026-10-09T15:40:31.6329948Z with:
2026-10-09T15:40:31.6331018Z   path: ~/.gradle/caches/modules-2
~/.gradle/wrapper/dists
Paintroid/build/jxl-source
Paintroid/build/webp-source
Paintroid/build/heif-source
Paintroid/build/tiff-source

2026-10-09T15:40:31.6331903Z   key: android-deps-v1-Linux-3e89dbc8caa9f4c204ec67d5edbc4e22b75fcdfbf3a4bb344dfc355672ee7ee2-checks
2026-10-09T15:40:31.6332576Z   restore-keys: android-deps-v1-Linux-3e89dbc8caa9f4c204ec67d5edbc4e22b75fcdfbf3a4bb344dfc355672ee7ee2-
2026-10-09T15:40:31.6333055Z   enableCrossOsArchive: false
2026-10-09T15:40:31.6333297Z   fail-on-cache-miss: false
2026-10-09T15:40:31.6333526Z   lookup-only: false
2026-10-09T15:40:31.6333728Z   save-always: false
2026-10-09T15:40:31.6333918Z env:
2026-10-09T15:40:31.6334096Z   BUILD_VARIANT: debug
2026-10-09T15:40:31.6334298Z ##[endgroup]
2026-10-09T15:40:31.8087939Z Cache hit for: android-deps-v1-Linux-3e89dbc8caa9f4c204ec67d5edbc4e22b75fcdfbf3a4bb344dfc355672ee7ee2-checks
2026-10-09T15:40:32.8616250Z Received 104857600 of 776575795 (13.5%), 99.9 MBs/sec
2026-10-09T15:40:33.8631934Z Received 109051904 of 776575795 (14.0%), 51.9 MBs/sec
2026-10-09T15:40:34.8645031Z Received 109051904 of 776575795 (14.0%), 34.6 MBs/sec
2026-10-09T15:40:35.8657312Z Received 109051904 of 776575795 (14.0%), 26.0 MBs/sec
2026-10-09T15:40:36.8670662Z Received 109051904 of 776575795 (14.0%), 20.8 MBs/sec
2026-10-09T15:40:37.8667991Z Received 314572800 of 776575795 (40.5%), 50.0 MBs/sec
2026-10-09T15:40:38.8672385Z Received 536870912 of 776575795 (69.1%), 73.1 MBs/sec
2026-10-09T15:40:39.7602447Z Received 776575795 of 776575795 (100.0%), 93.8 MBs/sec
2026-10-09T15:40:39.7608639Z Cache Size: ~741 MB (776575795 B)
2026-10-09T15:40:39.7660102Z [command]/usr/bin/tar -xf /home/runner/work/_temp/e11b909c-c354-4039-a72a-3e65697081b4/cache.tzst -P -C /home/runner/work/AN-Paint/AN-Paint --use-compress-program unzstd
2026-10-09T15:40:41.4682090Z Cache restored successfully
2026-10-09T15:40:41.6449010Z Cache restored from key: android-deps-v1-Linux-3e89dbc8caa9f4c204ec67d5edbc4e22b75fcdfbf3a4bb344dfc355672ee7ee2-checks
2026-10-09T15:40:41.6707645Z ##[group]Run bash tools/ci_prepare_build.sh
2026-10-09T15:40:41.6708257Z [36;1mbash tools/ci_prepare_build.sh[0m
2026-10-09T15:40:41.7015469Z shell: /usr/bin/bash --noprofile --norc -e -o pipefail {0}
2026-10-09T15:40:41.7015816Z env:
2026-10-09T15:40:41.7016017Z   BUILD_VARIANT: debug
2026-10-09T15:40:41.7016237Z ##[endgroup]
2026-10-09T15:40:47.6058354Z Loading package information...                                                  
2026-10-09T15:40:47.6888066Z Loading local repository...                                                     
2026-10-09T15:40:47.6890900Z [                                       ] 3% Loading local repository...        
2026-10-09T15:40:48.0403917Z [                                       ] 3% Fetch remote repository...         
2026-10-09T15:40:48.5599360Z [=                                      ] 3% Fetch remote repository...         
2026-10-09T15:40:48.6458707Z [=                                      ] 4% Fetch remote repository...         
2026-10-09T15:40:48.6822635Z [=                                      ] 5% Fetch remote repository...         
2026-10-09T15:40:48.7552014Z [==                                     ] 5% Fetch remote repository...         
2026-10-09T15:40:48.8225064Z [==                                     ] 6% Fetch remote repository...         
2026-10-09T15:40:49.0331792Z [==                                     ] 7% Fetch remote repository...         
2026-10-09T15:40:49.0332987Z [==                                     ] 7% Computing updates...               
2026-10-09T15:40:49.0437077Z [===                                    ] 8% Computing updates...               
2026-10-09T15:40:49.1029565Z [===                                    ] 10% Computing updates...              
2026-10-09T15:40:49.1787356Z [===                                    ] 10% Installing NDK (Side by side) 27.2
2026-10-09T15:40:49.3546216Z [===                                    ] 10% Downloading android-ndk-r27c-linux
2026-10-09T15:40:49.4621244Z [====                                   ] 10% Downloading android-ndk-r27c-linux
2026-10-09T15:40:49.6552310Z [====                                   ] 11% Downloading android-ndk-r27c-linux
2026-10-09T15:40:49.8021517Z [====                                   ] 12% Downloading android-ndk-r27c-linux
2026-10-09T15:40:49.8589172Z [=====                                  ] 13% Downloading android-ndk-r27c-linux
2026-10-09T15:40:49.9380431Z [=====                                  ] 14% Downloading android-ndk-r27c-linux
2026-10-09T15:40:49.9892885Z [=====                                  ] 15% Downloading android-ndk-r27c-linux
2026-10-09T15:40:50.0221371Z [======                                 ] 15% Downloading android-ndk-r27c-linux
2026-10-09T15:40:50.0918448Z [======                                 ] 16% Downloading android-ndk-r27c-linux
2026-10-09T15:40:50.1808496Z [======                                 ] 17% Downloading android-ndk-r27c-linux
2026-10-09T15:40:50.2546961Z [=======                                ] 18% Downloading android-ndk-r27c-linux
2026-10-09T15:40:50.3525039Z [=======                                ] 19% Downloading android-ndk-r27c-linux
2026-10-09T15:40:50.3862649Z [=======                                ] 20% Downloading android-ndk-r27c-linux
2026-10-09T15:40:50.4203091Z [========                               ] 20% Downloading android-ndk-r27c-linux
2026-10-09T15:40:50.5215201Z [========                               ] 21% Downloading android-ndk-r27c-linux
2026-10-09T15:40:50.5946561Z [========                               ] 22% Downloading android-ndk-r27c-linux
2026-10-09T15:40:50.6669177Z [=========                              ] 23% Downloading android-ndk-r27c-linux
2026-10-09T15:40:50.7522057Z [=========                              ] 24% Downloading android-ndk-r27c-linux
2026-10-09T15:40:50.7965716Z [=========                              ] 25% Downloading android-ndk-r27c-linux
2026-10-09T15:40:50.8299019Z [==========                             ] 25% Downloading android-ndk-r27c-linux
2026-10-09T15:40:50.9229568Z [==========                             ] 26% Downloading android-ndk-r27c-linux
2026-10-09T15:40:50.9968576Z [==========                             ] 27% Downloading android-ndk-r27c-linux
2026-10-09T15:40:51.0990641Z [===========                            ] 28% Downloading android-ndk-r27c-linux
2026-10-09T15:40:51.1759861Z [===========                            ] 29% Downloading android-ndk-r27c-linux
2026-10-09T15:40:51.2089884Z [===========                            ] 30% Downloading android-ndk-r27c-linux
2026-10-09T15:40:51.2627466Z [============                           ] 30% Downloading android-ndk-r27c-linux
2026-10-09T15:40:51.3346486Z [============                           ] 31% Downloading android-ndk-r27c-linux
2026-10-09T15:40:51.4068011Z [============                           ] 32% Downloading android-ndk-r27c-linux
2026-10-09T15:40:51.4071786Z [============                           ] 33% Downloading android-ndk-r27c-linux
2026-10-09T15:40:51.9283644Z [============                           ] 33% Unzipping...                      
2026-10-09T15:40:51.9284662Z [============                           ] 33% Unzipping... android-ndk-r27c/    
2026-10-09T15:40:51.9326017Z [============                           ] 33% Unzipping... android-ndk-r27c/READ
2026-10-09T15:40:51.9328780Z [=============                          ] 33% Unzipping... android-ndk-r27c/READ
2026-10-09T15:40:51.9329599Z [=============                          ] 33% Unzipping... android-ndk-r27c/meta
2026-10-09T15:40:52.1561103Z [=============                          ] 33% Unzipping... android-ndk-r27c/shad
2026-10-09T15:40:52.1591056Z [=============                          ] 33% Unzipping... android-ndk-r27c/ndk-
2026-10-09T15:40:52.1594168Z [=============                          ] 33% Unzipping... android-ndk-r27c/wrap
2026-10-09T15:40:52.1595019Z [=============                          ] 33% Unzipping... android-ndk-r27c/ndk-
2026-10-09T15:40:52.5348723Z [=============                          ] 33% Unzipping... android-ndk-r27c/tool
2026-10-09T15:40:53.4221128Z [=============                          ] 34% Unzipping... android-ndk-r27c/tool
2026-10-09T15:40:53.6910731Z [=============                          ] 35% Unzipping... android-ndk-r27c/tool
2026-10-09T15:40:53.8395199Z [==============                         ] 35% Unzipping... android-ndk-r27c/tool
2026-10-09T15:40:55.1964305Z [==============                         ] 36% Unzipping... android-ndk-r27c/tool
2026-10-09T15:40:55.8325879Z [==============                         ] 37% Unzipping... android-ndk-r27c/tool
2026-10-09T15:40:56.5697784Z [===============                        ] 38% Unzipping... android-ndk-r27c/tool
2026-10-09T15:40:57.1795040Z [===============                        ] 39% Unzipping... android-ndk-r27c/tool
2026-10-09T15:40:57.5012530Z [===============                        ] 40% Unzipping... android-ndk-r27c/tool
2026-10-09T15:40:57.9498564Z [================                       ] 40% Unzipping... android-ndk-r27c/tool
2026-10-09T15:40:58.6818120Z [================                       ] 41% Unzipping... android-ndk-r27c/tool
2026-10-09T15:40:59.2355045Z [================                       ] 42% Unzipping... android-ndk-r27c/tool
2026-10-09T15:41:00.2678643Z [=================                      ] 43% Unzipping... android-ndk-r27c/tool
2026-10-09T15:41:01.0340465Z [=================                      ] 44% Unzipping... android-ndk-r27c/tool
2026-10-09T15:41:01.6422822Z [=================                      ] 45% Unzipping... android-ndk-r27c/tool
2026-10-09T15:41:01.8506561Z [==================                     ] 45% Unzipping... android-ndk-r27c/tool
2026-10-09T15:41:02.4849455Z [==================                     ] 46% Unzipping... android-ndk-r27c/tool
2026-10-09T15:41:03.4865660Z [==================                     ] 47% Unzipping... android-ndk-r27c/tool
2026-10-09T15:41:04.1533375Z [===================                    ] 48% Unzipping... android-ndk-r27c/tool
2026-10-09T15:41:04.7733447Z [===================                    ] 49% Unzipping... android-ndk-r27c/tool
2026-10-09T15:41:04.9759846Z [===================                    ] 50% Unzipping... android-ndk-r27c/tool
2026-10-09T15:41:05.1902483Z [====================                   ] 50% Unzipping... android-ndk-r27c/tool
2026-10-09T15:41:06.2830659Z [====================                   ] 51% Unzipping... android-ndk-r27c/tool
2026-10-09T15:41:06.8309354Z [====================                   ] 52% Unzipping... android-ndk-r27c/tool
2026-10-09T15:41:07.7079830Z [=====================                  ] 53% Unzipping... android-ndk-r27c/tool
2026-10-09T15:41:08.0509796Z [=====================                  ] 54% Unzipping... android-ndk-r27c/tool
2026-10-09T15:41:08.1453465Z [=====================                  ] 54% Unzipping... android-ndk-r27c/buil
2026-10-09T15:41:08.5168427Z [=====================                  ] 54% Unzipping... android-ndk-r27c/sour
2026-10-09T15:41:08.5191969Z [=====================                  ] 54% Unzipping... android-ndk-r27c/NOTI
2026-10-09T15:41:08.5193345Z [=====================                  ] 54% Unzipping... android-ndk-r27c/ndk-
2026-10-09T15:41:08.5208268Z [=====================                  ] 54% Unzipping... android-ndk-r27c/NOTI
2026-10-09T15:41:08.5239481Z [=====================                  ] 54% Unzipping... android-ndk-r27c/pyth
2026-10-09T15:41:08.5676151Z [=====================                  ] 54% Unzipping... android-ndk-r27c/preb
2026-10-09T15:41:08.5677744Z [=====================                  ] 54% Unzipping... android-ndk-r27c/ndk-
2026-10-09T15:41:08.5679042Z [=====================                  ] 54% Unzipping... android-ndk-r27c/sour
2026-10-09T15:41:08.6397225Z [=====================                  ] 54% Unzipping... android-ndk-r27c/simp
2026-10-09T15:41:08.7915456Z [=====================                  ] 55% Unzipping... android-ndk-r27c/simp
2026-10-09T15:41:08.9377667Z [=====================                  ] 55% Unzipping... android-ndk-r27c/CHAN
2026-10-09T15:41:08.9378302Z [=======================================] 100% Unzipping... android-ndk-r27c/CHA
2026-10-09T15:41:09.0879240Z 
2026-10-09T15:41:09.7514558Z 
2026-10-09T15:41:09.7516188Z Welcome to Gradle 8.13!
2026-10-09T15:41:09.7516499Z 
2026-10-09T15:41:09.7518075Z Here are the highlights of this release:
2026-10-09T15:41:09.7518694Z  - Daemon JVM auto-provisioning
2026-10-09T15:41:09.7532162Z  - Enhancements for Scala plugin and JUnit testing
2026-10-09T15:41:09.7540669Z  - Improvements for build authors and plugin developers
2026-10-09T15:41:09.7541090Z 
2026-10-09T15:41:09.7541423Z For more details see https://docs.gradle.org/8.13/release-notes.html
2026-10-09T15:41:09.7541803Z 
2026-10-09T15:41:09.8507878Z To honour the JVM settings for this build a single-use Daemon process will be forked. For more on this, please refer to https://docs.gradle.org/8.13/userguide/gradle_daemon.html#sec:disabling_the_daemon in the Gradle documentation.
2026-10-09T15:41:11.1508364Z Daemon will be stopped at the end of the build 
2026-10-09T15:41:39.0551525Z > Task :app:writeDependencyInventory
2026-10-09T15:41:39.1503393Z 
2026-10-09T15:41:39.1504878Z [Incubating] Problems report is available at: file:///home/runner/work/AN-Paint/AN-Paint/build/reports/problems/problems-report.html
2026-10-09T15:41:39.1505718Z 
2026-10-09T15:41:39.1508554Z Deprecated Gradle features were used in this build, making it incompatible with Gradle 9.0.
2026-10-09T15:41:39.1509148Z 
2026-10-09T15:41:39.1509780Z You can use '--warning-mode all' to show the individual deprecation warnings and determine if they come from your own scripts or plugins.
2026-10-09T15:41:39.1510555Z 
2026-10-09T15:41:39.1511057Z For more on this, please refer to https://docs.gradle.org/8.13/userguide/command_line_interface.html#sec:command_line_warnings in the Gradle documentation.
2026-10-09T15:41:39.1517535Z 
2026-10-09T15:41:39.1517697Z BUILD SUCCESSFUL in 29s
2026-10-09T15:41:39.1518049Z 1 actionable task: 1 executed
2026-10-09T15:41:39.3911012Z Preserved Android NDK 27.2.12479018 LLVM runtime notices: 130424 bytes, SHA-256 f96f763beb66a7ba7a667647fc64c0226ace875e590c831fdd9579ec1c1d91e1
2026-10-09T15:41:39.4488157Z Preserved TIFF codec notices and source hashes.
2026-10-09T15:41:39.5375376Z Wrote /home/runner/work/AN-Paint/AN-Paint/Paintroid/src/main/assets/legal/THIRD_PARTY_NOTICES.txt: 35 resolved components, 0 packaged notices.
2026-10-09T15:41:39.9150959Z ##[group]Run bash tools/ci_run_timed.sh python python3 -m unittest discover -s tools -p 'test_*.py'
2026-10-09T15:41:39.9151734Z [36;1mbash tools/ci_run_timed.sh python python3 -m unittest discover -s tools -p 'test_*.py'[0m
2026-10-09T15:41:39.9230688Z shell: /usr/bin/bash --noprofile --norc -e -o pipefail {0}
2026-10-09T15:41:39.9231028Z env:
2026-10-09T15:41:39.9231236Z   BUILD_VARIANT: debug
2026-10-09T15:41:39.9231501Z   JAVA_HOME: /usr/lib/jvm/temurin-17-jdk-amd64
2026-10-09T15:41:39.9231798Z ##[endgroup]
2026-10-09T15:42:42.4774541Z ..................................................................................................................................................................s..s.....................................................................................................................................................................................
2026-10-09T15:42:42.4776157Z ----------------------------------------------------------------------
2026-10-09T15:42:42.4776659Z Ran 347 tests in 62.281s
2026-10-09T15:42:42.4776878Z 
2026-10-09T15:42:42.4776992Z OK (skipped=2)
2026-10-09T15:42:42.4777260Z {
2026-10-09T15:42:42.4777516Z   "success": true,
2026-10-09T15:42:42.4777802Z   "expected_tests": 1,
2026-10-09T15:42:42.4778108Z   "completed_tests": 1,
2026-10-09T15:42:42.4778409Z   "errors": []
2026-10-09T15:42:42.4778679Z }
2026-10-09T15:42:42.4778899Z {
2026-10-09T15:42:42.4779127Z   "success": true,
2026-10-09T15:42:42.4779421Z   "expected_tests": 1,
2026-10-09T15:42:42.4779720Z   "completed_tests": 1,
2026-10-09T15:42:42.4780017Z   "errors": []
2026-10-09T15:42:42.4780465Z }
2026-10-09T15:42:42.4780694Z {
2026-10-09T15:42:42.4780948Z   "success": false,
2026-10-09T15:42:42.4781248Z   "expected_tests": 1,
2026-10-09T15:42:42.4781541Z   "completed_tests": 1,
2026-10-09T15:42:42.4781831Z   "errors": [
2026-10-09T15:42:42.4782198Z     "Missing or unsuccessful final instrumentation result: []"
2026-10-09T15:42:42.4782652Z   ]
2026-10-09T15:42:42.4782975Z }
2026-10-09T15:42:42.4783238Z {
2026-10-09T15:42:42.4783497Z   "success": false,
2026-10-09T15:42:42.4783817Z   "expected_tests": 3,
2026-10-09T15:42:42.4784159Z   "completed_tests": 0,
2026-10-09T15:42:42.4784469Z   "errors": [
2026-10-09T15:42:42.4784999Z     "--leave-target-running is restricted to the one-method accepted-credit seed",
2026-10-09T15:42:42.4785577Z     "adb exited with status None",
2026-10-09T15:42:42.4786050Z     "Missing or unsuccessful final instrumentation result: []",
2026-10-09T15:42:42.4786535Z     "No tests completed",
2026-10-09T15:42:42.4786945Z     "Runner test counts [] do not match 3 declared methods",
2026-10-09T15:42:42.4787432Z     "3 declared test method(s) did not complete"
2026-10-09T15:42:42.4787842Z   ]
2026-10-09T15:42:42.4788091Z }
2026-10-09T15:42:42.4788326Z {
2026-10-09T15:42:42.4788567Z   "success": false,
2026-10-09T15:42:42.4788852Z   "expected_tests": 1,
2026-10-09T15:42:42.4789171Z   "completed_tests": 0,
2026-10-09T15:42:42.4789483Z   "errors": [
2026-10-09T15:42:42.4790032Z     "Command '['adb', 'shell', 'pidof', 'paint.anpaint.android']' returned non-zero exit status 1.",
2026-10-09T15:42:42.4790827Z     "adb exited with status None",
2026-10-09T15:42:42.4791319Z     "Missing or unsuccessful final instrumentation result: []",
2026-10-09T15:42:42.4791805Z     "No tests completed",
2026-10-09T15:42:42.4792214Z     "Runner test counts [] do not match 1 declared methods",
2026-10-09T15:42:42.4792692Z     "1 declared test method(s) did not complete"
2026-10-09T15:42:42.4793085Z   ]
2026-10-09T15:42:42.4793320Z }
2026-10-09T15:42:42.4793550Z {
2026-10-09T15:42:42.4793790Z   "success": false,
2026-10-09T15:42:42.4794082Z   "expected_tests": 1,
2026-10-09T15:42:42.4794821Z   "completed_tests": 0,
2026-10-09T15:42:42.4795111Z   "errors": [
2026-10-09T15:42:42.4795558Z     "Accepted-credit seed requires exactly one already-running target PID",
2026-10-09T15:42:42.4796092Z     "adb exited with status None",
2026-10-09T15:42:42.4796886Z     "Missing or unsuccessful final instrumentation result: []",
2026-10-09T15:42:42.4797350Z     "No tests completed",
2026-10-09T15:42:42.4797752Z     "Runner test counts [] do not match 1 declared methods",
2026-10-09T15:42:42.4798241Z     "1 declared test method(s) did not complete"
2026-10-09T15:42:42.4798686Z   ]
2026-10-09T15:42:42.4798941Z }
2026-10-09T15:42:42.5086826Z ##[group]Run bash tools/ci_run_timed.sh jvm ./gradlew --no-daemon --max-workers=2 --console=plain --continue --profile -PnativeAbis=x86_64 :Paintroid:test${BUILD_VARIANT^}UnitTest
2026-10-09T15:42:42.5087980Z [36;1mbash tools/ci_run_timed.sh jvm ./gradlew --no-daemon --max-workers=2 --console=plain --continue --profile -PnativeAbis=x86_64 :Paintroid:test${BUILD_VARIANT^}UnitTest[0m
2026-10-09T15:42:42.5162745Z shell: /usr/bin/bash --noprofile --norc -e -o pipefail {0}
2026-10-09T15:42:42.5163115Z env:
2026-10-09T15:42:42.5163320Z   BUILD_VARIANT: debug
2026-10-09T15:42:42.5163577Z   JAVA_HOME: /usr/lib/jvm/temurin-17-jdk-amd64
2026-10-09T15:42:42.5163868Z ##[endgroup]
2026-10-09T15:42:43.2601162Z To honour the JVM settings for this build a single-use Daemon process will be forked. For more on this, please refer to https://docs.gradle.org/8.13/userguide/gradle_daemon.html#sec:disabling_the_daemon in the Gradle documentation.
2026-10-09T15:42:44.3586557Z Daemon will be stopped at the end of the build 
2026-10-09T15:42:54.8602430Z > Task :Paintroid:checkKotlinGradlePluginConfigurationErrors
2026-10-09T15:42:54.9585729Z > Task :Paintroid:fetchHeifSources
2026-10-09T15:42:55.0589623Z > Task :Paintroid:fetchJxlSources
2026-10-09T15:42:55.0590580Z > Task :Paintroid:fetchTiffSources
2026-10-09T15:42:55.1611611Z > Task :Paintroid:fetchWebpSources
2026-10-09T15:43:01.2602325Z > Task :Paintroid:bundleCorrespondingSource
2026-10-09T15:43:01.2603165Z > Task :Paintroid:preBuild
2026-10-09T15:43:01.3631890Z > Task :Paintroid:preDebugBuild
2026-10-09T15:43:01.3632835Z > Task :Paintroid:generateDebugBuildConfig
2026-10-09T15:43:01.3661556Z > Task :Paintroid:generateDebugResValues
2026-10-09T15:43:01.3691603Z > Task :Paintroid:generateDebugResources
2026-10-09T15:43:03.5587019Z > Task :Paintroid:packageDebugResources
2026-10-09T15:43:03.5587664Z > Task :Paintroid:processDebugNavigationResources
2026-10-09T15:43:04.4601451Z > Task :Paintroid:javaPreCompileDebug
2026-10-09T15:43:04.4618360Z > Task :Paintroid:preDebugUnitTestBuild
2026-10-09T15:43:04.4658921Z > Task :Paintroid:writeDebugAarMetadata
2026-10-09T15:43:04.9589257Z > Task :Paintroid:parseDebugLocalResources
2026-10-09T15:43:05.4621758Z > Task :Paintroid:checkDebugUnitTestAarMetadata
2026-10-09T15:43:05.6611438Z > Task :Paintroid:generateDebugRFile
2026-10-09T15:43:06.3597177Z > Task :Paintroid:compileDebugLibraryResources
2026-10-09T15:43:09.7611793Z > Task :Paintroid:generateDebugUnitTestResValues
2026-10-09T15:43:09.9651873Z > Task :Paintroid:mapDebugUnitTestSourceSetPaths
2026-10-09T15:43:09.9701017Z > Task :Paintroid:generateDebugUnitTestResources
2026-10-09T15:43:14.8601937Z > Task :Paintroid:mergeDebugUnitTestResources
2026-10-09T15:43:14.8662731Z > Task :Paintroid:extractDeepLinksDebug
2026-10-09T15:43:15.0593000Z > Task :Paintroid:processDebugManifest
2026-10-09T15:43:15.3631654Z 
2026-10-09T15:43:15.3679601Z > Task :Paintroid:processDebugUnitTestManifest
2026-10-09T15:43:15.3752238Z [androidx.vectordrawable:vectordrawable-animated:1.0.0] /home/runner/.gradle/caches/8.13/transforms/4c0c74693644e94e33bc27c89cbf9cd0/transformed/vectordrawable-animated-1.0.0/AndroidManifest.xml Warning:
2026-10-09T15:43:15.3812962Z 	Namespace 'androidx.vectordrawable' is used in multiple modules and/or libraries: androidx.vectordrawable:vectordrawable-animated:1.0.0, androidx.vectordrawable:vectordrawable:1.0.0. Please ensure that all modules and libraries have a unique namespace. For more information, See https://developer.android.com/studio/build/configure-app-module#set-namespace
2026-10-09T15:43:18.0640993Z 
2026-10-09T15:43:18.0671290Z > Task :Paintroid:processDebugUnitTestResources
2026-10-09T15:43:18.0744884Z > Task :Paintroid:javaPreCompileDebugUnitTest
2026-10-09T15:43:18.0758997Z > Task :Paintroid:generateDebugUnitTestAssets UP-TO-DATE
2026-10-09T15:43:18.1631230Z > Task :Paintroid:mergeDebugShaders
2026-10-09T15:43:18.1671304Z > Task :Paintroid:compileDebugShaders NO-SOURCE
2026-10-09T15:43:18.1751705Z > Task :Paintroid:generateDebugAssets UP-TO-DATE
2026-10-09T15:43:18.4605515Z > Task :Paintroid:mergeDebugAssets
2026-10-09T15:43:18.9612038Z > Task :Paintroid:mergeDebugUnitTestAssets
2026-10-09T15:43:21.1612263Z > Task :Paintroid:packageDebugUnitTestForUnitTest
2026-10-09T15:43:21.1612938Z > Task :Paintroid:generateDebugUnitTestConfig
2026-10-09T15:43:35.6585980Z > Task :Paintroid:compileDebugKotlin
2026-10-09T15:44:00.8585191Z w: file:///home/runner/work/AN-Paint/AN-Paint/Paintroid/src/main/java/org/catrobat/paintroid/classic/AssemblyRenderer.kt:141:23 Unnecessary non-null assertion (!!) on a non-null receiver of type Bitmap
2026-10-09T15:44:00.8586765Z w: file:///home/runner/work/AN-Paint/AN-Paint/Paintroid/src/main/java/org/catrobat/paintroid/classic/ClassicPaintActivity.kt:154:29 'getParcelableArrayList(String?): ArrayList<T!>?' is deprecated. Deprecated in Java
2026-10-09T15:44:00.8588068Z w: file:///home/runner/work/AN-Paint/AN-Paint/Paintroid/src/main/java/org/catrobat/paintroid/classic/ClassicPaintActivity.kt:260:61 'getParcelable(String?): T?' is deprecated. Deprecated in Java
2026-10-09T15:44:00.8625718Z w: file:///home/runner/work/AN-Paint/AN-Paint/Paintroid/src/main/java/org/catrobat/paintroid/classic/ClassicPaintActivity.kt:261:96 'getParcelable(String?): T?' is deprecated. Deprecated in Java
2026-10-09T15:44:00.8628001Z w: file:///home/runner/work/AN-Paint/AN-Paint/Paintroid/src/main/java/org/catrobat/paintroid/classic/ClassicPaintActivity.kt:1128:40 'getParcelableExtra(String!): T?' is deprecated. Deprecated in Java
2026-10-09T15:44:00.8630415Z w: file:///home/runner/work/AN-Paint/AN-Paint/Paintroid/src/main/java/org/catrobat/paintroid/classic/ClassicPaintActivity.kt:1205:39 Condition 'returnedSession!=null' is always 'true'
2026-10-09T15:44:00.8632527Z w: file:///home/runner/work/AN-Paint/AN-Paint/Paintroid/src/main/java/org/catrobat/paintroid/classic/ClassicPaintActivity.kt:1229:21 Unnecessary safe call on a non-null receiver of type Intent?
2026-10-09T15:44:00.8634741Z w: file:///home/runner/work/AN-Paint/AN-Paint/Paintroid/src/main/java/org/catrobat/paintroid/classic/ClassicPaintActivity.kt:1230:21 Unnecessary safe call on a non-null receiver of type Intent?
2026-10-09T15:44:00.8636879Z w: file:///home/runner/work/AN-Paint/AN-Paint/Paintroid/src/main/java/org/catrobat/paintroid/classic/ClassicPaintActivity.kt:1231:21 Unnecessary safe call on a non-null receiver of type Intent?
2026-10-09T15:44:00.8639092Z w: file:///home/runner/work/AN-Paint/AN-Paint/Paintroid/src/main/java/org/catrobat/paintroid/classic/ClassicPaintActivity.kt:1574:26 'setter for systemUiVisibility: Int' is deprecated. Deprecated in Java
2026-10-09T15:44:00.8641456Z w: file:///home/runner/work/AN-Paint/AN-Paint/Paintroid/src/main/java/org/catrobat/paintroid/classic/ClassicPaintActivity.kt:1574:65 'SYSTEM_UI_FLAG_FULLSCREEN: Int' is deprecated. Deprecated in Java
2026-10-09T15:44:00.8643564Z w: file:///home/runner/work/AN-Paint/AN-Paint/Paintroid/src/main/java/org/catrobat/paintroid/classic/ClassicPaintActivity.kt:1574:101 'SYSTEM_UI_FLAG_VISIBLE: Int' is deprecated. Deprecated in Java
2026-10-09T15:44:00.8645648Z w: file:///home/runner/work/AN-Paint/AN-Paint/Paintroid/src/main/java/org/catrobat/paintroid/classic/ColourStatusButton.kt:49:112 'scaledDensity: Float' is deprecated. Deprecated in Java
2026-10-09T15:44:00.8648347Z w: file:///home/runner/work/AN-Paint/AN-Paint/Paintroid/src/main/java/org/catrobat/paintroid/classic/LegalInfo.kt:130:26 This declaration overrides deprecated member but not marked as deprecated itself. Please add @Deprecated annotation or suppress. See https://youtrack.jetbrains.com/issue/KT-47902 for details
2026-10-09T15:44:00.8652292Z w: file:///home/runner/work/AN-Paint/AN-Paint/Paintroid/src/main/java/org/catrobat/paintroid/classic/MediaGalleryActivity.kt:164:30 This declaration overrides deprecated member but not marked as deprecated itself. Please add @Deprecated annotation or suppress. See https://youtrack.jetbrains.com/issue/KT-47902 for details
2026-10-09T15:44:00.8655417Z w: file:///home/runner/work/AN-Paint/AN-Paint/Paintroid/src/main/java/org/catrobat/paintroid/classic/MediaGalleryActivity.kt:377:102 'onBackPressed(): Unit' is deprecated. Deprecated in Java
2026-10-09T15:44:00.8657489Z w: file:///home/runner/work/AN-Paint/AN-Paint/Paintroid/src/main/java/org/catrobat/paintroid/classic/PaintCanvas.kt:578:113 'scaledDensity: Float' is deprecated. Deprecated in Java
2026-10-09T15:44:00.8659485Z w: file:///home/runner/work/AN-Paint/AN-Paint/Paintroid/src/main/java/org/catrobat/paintroid/classic/PaintCanvas.kt:584:113 'scaledDensity: Float' is deprecated. Deprecated in Java
2026-10-09T15:44:00.8661681Z w: file:///home/runner/work/AN-Paint/AN-Paint/Paintroid/src/main/java/org/catrobat/paintroid/classic/PaintCanvas.kt:815:143 'computeBounds(RectF, Boolean): Unit' is deprecated. Deprecated in Java
2026-10-09T15:44:00.8665157Z w: file:///home/runner/work/AN-Paint/AN-Paint/Paintroid/src/main/java/org/catrobat/paintroid/classic/RibbonWidgets.kt:40:15 'setColorFilter(Int, PorterDuff.Mode): Unit' is deprecated. Deprecated in Java
2026-10-09T15:44:06.7604326Z 
2026-10-09T15:44:06.7605371Z > Task :Paintroid:compileDebugJavaWithJavac
2026-10-09T15:44:06.8586583Z > Task :Paintroid:bundleLibCompileToJarDebug
2026-10-09T15:44:06.8612357Z > Task :Paintroid:bundleLibRuntimeToJarDebug
2026-10-09T15:44:10.3618348Z > Task :Paintroid:processDebugJavaRes
2026-10-09T15:44:34.3584853Z 
2026-10-09T15:44:34.3601550Z > Task :Paintroid:compileDebugUnitTestKotlin
2026-10-09T15:44:34.3630755Z w: file:///home/runner/work/AN-Paint/AN-Paint/Paintroid/src/test/java/org/catrobat/paintroid/local/ANPaintControlsTest.kt:268:66 Unsafe use of a nullable receiver of type File?
2026-10-09T15:44:34.3632717Z w: file:///home/runner/work/AN-Paint/AN-Paint/Paintroid/src/test/java/org/catrobat/paintroid/local/AppLanguageTest.kt:184:159 Unsafe use of a nullable receiver of type File?
2026-10-09T15:44:34.3634474Z w: file:///home/runner/work/AN-Paint/AN-Paint/Paintroid/src/test/java/org/catrobat/paintroid/local/AssemblyActivityTest.kt:242:62 Unsafe use of a nullable receiver of type File?
2026-10-09T15:44:34.3636363Z w: file:///home/runner/work/AN-Paint/AN-Paint/Paintroid/src/test/java/org/catrobat/paintroid/local/AutosaveQueuedRecoveryTest.kt:106:38 Variable 'result' initializer is redundant
2026-10-09T15:44:34.3638257Z w: file:///home/runner/work/AN-Paint/AN-Paint/Paintroid/src/test/java/org/catrobat/paintroid/local/CanvasEditingControlsTest.kt:79:61 Unsafe use of a nullable receiver of type File?
2026-10-09T15:44:34.3661747Z w: file:///home/runner/work/AN-Paint/AN-Paint/Paintroid/src/test/java/org/catrobat/paintroid/local/ClassicStartupRecoveryTest.kt:171:82 'getParcelableArrayList(String?): ArrayList<T!>?' is deprecated. Deprecated in Java
2026-10-09T15:44:34.3674439Z w: file:///home/runner/work/AN-Paint/AN-Paint/Paintroid/src/test/java/org/catrobat/paintroid/local/ClassicStartupRecoveryTest.kt:178:82 'getParcelableArrayList(String?): ArrayList<T!>?' is deprecated. Deprecated in Java
2026-10-09T15:44:34.3676036Z w: file:///home/runner/work/AN-Paint/AN-Paint/Paintroid/src/test/java/org/catrobat/paintroid/local/ClassicStartupRecoveryTest.kt:204:44 'getParcelableArrayList(String?): ArrayList<T!>?' is deprecated. Deprecated in Java
2026-10-09T15:44:34.3677415Z w: file:///home/runner/work/AN-Paint/AN-Paint/Paintroid/src/test/java/org/catrobat/paintroid/local/ClassicStartupRecoveryTest.kt:204:104 'getParcelable(String?): T?' is deprecated. Deprecated in Java
2026-10-09T15:44:34.3679116Z w: file:///home/runner/work/AN-Paint/AN-Paint/Paintroid/src/test/java/org/catrobat/paintroid/local/ClassicStartupRecoveryTest.kt:238:38 'getParcelableArrayList(String?): ArrayList<T!>?' is deprecated. Deprecated in Java
2026-10-09T15:44:34.3681040Z w: file:///home/runner/work/AN-Paint/AN-Paint/Paintroid/src/test/java/org/catrobat/paintroid/local/ClassicStartupRecoveryTest.kt:251:42 'getParcelableArrayList(String?): ArrayList<T!>?' is deprecated. Deprecated in Java
2026-10-09T15:44:34.3683311Z w: file:///home/runner/work/AN-Paint/AN-Paint/Paintroid/src/test/java/org/catrobat/paintroid/local/ClassicStartupRecoveryTest.kt:276:57 'getParcelableArrayList(String?): ArrayList<T!>?' is deprecated. Deprecated in Java
2026-10-09T15:44:34.3685101Z w: file:///home/runner/work/AN-Paint/AN-Paint/Paintroid/src/test/java/org/catrobat/paintroid/local/ClassicStartupRecoveryTest.kt:276:117 'getParcelable(String?): T?' is deprecated. Deprecated in Java
2026-10-09T15:44:34.3686923Z w: file:///home/runner/work/AN-Paint/AN-Paint/Paintroid/src/test/java/org/catrobat/paintroid/local/ClassicStartupRecoveryTest.kt:311:30 'getParcelableArrayList(String?): ArrayList<T!>?' is deprecated. Deprecated in Java
2026-10-09T15:44:34.3688304Z w: file:///home/runner/work/AN-Paint/AN-Paint/Paintroid/src/test/java/org/catrobat/paintroid/local/ClassicStartupRecoveryTest.kt:313:61 'getParcelable(String?): T?' is deprecated. Deprecated in Java
2026-10-09T15:44:34.3689777Z w: file:///home/runner/work/AN-Paint/AN-Paint/Paintroid/src/test/java/org/catrobat/paintroid/local/ClassicStartupRecoveryTest.kt:314:62 'getParcelable(String?): T?' is deprecated. Deprecated in Java
2026-10-09T15:44:34.3691642Z w: file:///home/runner/work/AN-Paint/AN-Paint/Paintroid/src/test/java/org/catrobat/paintroid/local/ClassicStartupRecoveryTest.kt:319:71 'getParcelableArrayList(String?): ArrayList<T!>?' is deprecated. Deprecated in Java
2026-10-09T15:44:34.3693404Z w: file:///home/runner/work/AN-Paint/AN-Paint/Paintroid/src/test/java/org/catrobat/paintroid/local/ClassicWorkspaceTest.kt:447:67 Unsafe use of a nullable receiver of type File?
2026-10-09T15:44:34.3694984Z w: file:///home/runner/work/AN-Paint/AN-Paint/Paintroid/src/test/java/org/catrobat/paintroid/local/CommonsBlankMapsTest.kt:222:52 'shouldOverrideUrlLoading(WebView!, String!): Boolean' is deprecated. Deprecated in Java
2026-10-09T15:44:34.3696373Z w: file:///home/runner/work/AN-Paint/AN-Paint/Paintroid/src/test/java/org/catrobat/paintroid/local/CommonsBlankMapsTest.kt:253:52 'shouldOverrideUrlLoading(WebView!, String!): Boolean' is deprecated. Deprecated in Java
2026-10-09T15:44:34.3697712Z w: file:///home/runner/work/AN-Paint/AN-Paint/Paintroid/src/test/java/org/catrobat/paintroid/local/CommonsCreditFlowTest.kt:113:48 'shouldOverrideUrlLoading(WebView!, String!): Boolean' is deprecated. Deprecated in Java
2026-10-09T15:44:34.3698994Z w: file:///home/runner/work/AN-Paint/AN-Paint/Paintroid/src/test/java/org/catrobat/paintroid/local/CommonsCreditFlowTest.kt:160:64 Unnecessary non-null assertion (!!) on a non-null receiver of type Bitmap
2026-10-09T15:44:34.3700492Z w: file:///home/runner/work/AN-Paint/AN-Paint/Paintroid/src/test/java/org/catrobat/paintroid/local/CommonsCreditFlowTest.kt:161:64 Unnecessary non-null assertion (!!) on a non-null receiver of type Bitmap
2026-10-09T15:44:34.3701846Z w: file:///home/runner/work/AN-Paint/AN-Paint/Paintroid/src/test/java/org/catrobat/paintroid/local/CommonsCreditSessionIntegrationTest.kt:78:52 'shouldOverrideUrlLoading(WebView!, String!): Boolean' is deprecated. Deprecated in Java
2026-10-09T15:44:34.3703294Z w: file:///home/runner/work/AN-Paint/AN-Paint/Paintroid/src/test/java/org/catrobat/paintroid/local/CommonsHelpProviderTranslationTest.kt:109:42 Unnecessary safe call on a non-null receiver of type LocaleManager?
2026-10-09T15:44:34.3704657Z w: file:///home/runner/work/AN-Paint/AN-Paint/Paintroid/src/test/java/org/catrobat/paintroid/local/CommonsSvgErrorReadabilityTest.kt:150:68 'shouldOverrideUrlLoading(WebView!, String!): Boolean' is deprecated. Deprecated in Java
2026-10-09T15:44:34.3706542Z w: file:///home/runner/work/AN-Paint/AN-Paint/Paintroid/src/test/java/org/catrobat/paintroid/local/CommonsSvgErrorTranslationTest.kt:131:48 'shouldOverrideUrlLoading(WebView!, String!): Boolean' is deprecated. Deprecated in Java
2026-10-09T15:44:34.3707786Z w: file:///home/runner/work/AN-Paint/AN-Paint/Paintroid/src/test/java/org/catrobat/paintroid/local/CursorDrawingTest.kt:130:85 Unsafe use of a nullable receiver of type File?
2026-10-09T15:44:34.3709011Z w: file:///home/runner/work/AN-Paint/AN-Paint/Paintroid/src/test/java/org/catrobat/paintroid/local/DeviceLanguagePickerTest.kt:111:25 'recycle(): Unit' is deprecated. Deprecated in Java
2026-10-09T15:44:34.3710145Z w: file:///home/runner/work/AN-Paint/AN-Paint/Paintroid/src/test/java/org/catrobat/paintroid/local/EdgeSelectionControlsTest.kt:84:61 Unsafe use of a nullable receiver of type File?
2026-10-09T15:44:34.3711571Z w: file:///home/runner/work/AN-Paint/AN-Paint/Paintroid/src/test/java/org/catrobat/paintroid/local/EdgeSelectionControlsTest.kt:112:56 'computeBounds(RectF, Boolean): Unit' is deprecated. Deprecated in Java
2026-10-09T15:44:34.3712758Z w: file:///home/runner/work/AN-Paint/AN-Paint/Paintroid/src/test/java/org/catrobat/paintroid/local/ExportFormatDialogTest.kt:333:65 Unsafe use of a nullable receiver of type File?
2026-10-09T15:44:34.3713916Z w: file:///home/runner/work/AN-Paint/AN-Paint/Paintroid/src/test/java/org/catrobat/paintroid/local/GalleryControlReachabilityTest.kt:291:41 'getRectSize(Rect!): Unit' is deprecated. Deprecated in Java
2026-10-09T15:44:34.3715174Z w: file:///home/runner/work/AN-Paint/AN-Paint/Paintroid/src/test/java/org/catrobat/paintroid/local/GalleryControlReachabilityTest.kt:309:29 'recycle(): Unit' is deprecated. Deprecated in Java
2026-10-09T15:44:34.3716333Z w: file:///home/runner/work/AN-Paint/AN-Paint/Paintroid/src/test/java/org/catrobat/paintroid/local/GalleryControlsLayoutTest.kt:153:25 'recycle(): Unit' is deprecated. Deprecated in Java
2026-10-09T15:44:34.3717523Z w: file:///home/runner/work/AN-Paint/AN-Paint/Paintroid/src/test/java/org/catrobat/paintroid/local/GalleryCreditBoundsTest.kt:93:69 Unnecessary non-null assertion (!!) on a non-null receiver of type String
2026-10-09T15:44:34.3718782Z w: file:///home/runner/work/AN-Paint/AN-Paint/Paintroid/src/test/java/org/catrobat/paintroid/local/GalleryCreditBoundsTest.kt:94:82 Unnecessary non-null assertion (!!) on a non-null receiver of type String
2026-10-09T15:44:34.3720060Z w: file:///home/runner/work/AN-Paint/AN-Paint/Paintroid/src/test/java/org/catrobat/paintroid/local/GalleryImportTest.kt:88:48 'shouldOverrideUrlLoading(WebView!, String!): Boolean' is deprecated. Deprecated in Java
2026-10-09T15:44:34.3721536Z w: file:///home/runner/work/AN-Paint/AN-Paint/Paintroid/src/test/java/org/catrobat/paintroid/local/GalleryImportTest.kt:148:48 'shouldOverrideUrlLoading(WebView!, String!): Boolean' is deprecated. Deprecated in Java
2026-10-09T15:44:34.3722881Z w: file:///home/runner/work/AN-Paint/AN-Paint/Paintroid/src/test/java/org/catrobat/paintroid/local/GalleryImportTest.kt:169:52 'shouldOverrideUrlLoading(WebView!, String!): Boolean' is deprecated. Deprecated in Java
2026-10-09T15:44:34.3723988Z w: file:///home/runner/work/AN-Paint/AN-Paint/Paintroid/src/test/java/org/catrobat/paintroid/local/ImageResizeFlowTest.kt:59:51 No cast needed
2026-10-09T15:44:34.3724963Z w: file:///home/runner/work/AN-Paint/AN-Paint/Paintroid/src/test/java/org/catrobat/paintroid/local/ImageResizeFlowTest.kt:183:64 Unsafe use of a nullable receiver of type File?
2026-10-09T15:44:34.3726013Z w: file:///home/runner/work/AN-Paint/AN-Paint/Paintroid/src/test/java/org/catrobat/paintroid/local/LegacyBitmapCodecTest.kt:26:52 Parameter 'path' is never used
2026-10-09T15:44:34.3727262Z w: file:///home/runner/work/AN-Paint/AN-Paint/Paintroid/src/test/java/org/catrobat/paintroid/local/LegacyBitmapCodecTest.kt:26:65 Parameter 'shareable' is never used
2026-10-09T15:44:34.3728236Z w: file:///home/runner/work/AN-Paint/AN-Paint/Paintroid/src/test/java/org/catrobat/paintroid/local/LegacyBitmapCodecTest.kt:111:17 Unreachable code
2026-10-09T15:44:34.3729392Z w: file:///home/runner/work/AN-Paint/AN-Paint/Paintroid/src/test/java/org/catrobat/paintroid/local/PixelRegionDecoderShadow.kt:23:65 Parameter 'shareable' is never used
2026-10-09T15:44:34.3730940Z w: file:///home/runner/work/AN-Paint/AN-Paint/Paintroid/src/test/java/org/catrobat/paintroid/local/ResponsiveToolboxTest.kt:131:28 'updateConfiguration(Configuration!, DisplayMetrics!): Unit' is deprecated. Deprecated in Java
2026-10-09T15:44:34.3732586Z w: file:///home/runner/work/AN-Paint/AN-Paint/Paintroid/src/test/java/org/catrobat/paintroid/local/ResponsiveToolboxTest.kt:400:61 Unsafe use of a nullable receiver of type File?
2026-10-09T15:44:34.3734320Z w: file:///home/runner/work/AN-Paint/AN-Paint/Paintroid/src/test/java/org/catrobat/paintroid/local/SizingAndTrimTest.kt:205:62 Unsafe use of a nullable receiver of type File?
2026-10-09T15:44:34.3736127Z w: file:///home/runner/work/AN-Paint/AN-Paint/Paintroid/src/test/java/org/catrobat/paintroid/local/UnifiedEditorTest.kt:206:26 'getParcelableExtra(String!): T?' is deprecated. Deprecated in Java
2026-10-09T15:44:34.3738163Z w: file:///home/runner/work/AN-Paint/AN-Paint/Paintroid/src/test/java/org/catrobat/paintroid/local/VerticalCanvasCaptionTest.kt:296:84 'scaledDensity: Float' is deprecated. Deprecated in Java
2026-10-09T15:44:34.3740081Z w: file:///home/runner/work/AN-Paint/AN-Paint/Paintroid/src/test/java/org/catrobat/paintroid/local/VerticalCanvasCaptionTest.kt:372:77 'scaledDensity: Float' is deprecated. Deprecated in Java
2026-10-09T15:44:34.3741818Z w: file:///home/runner/work/AN-Paint/AN-Paint/Paintroid/src/test/java/org/catrobat/paintroid/local/VerticalRibbonTest.kt:46:194 Unsafe use of a nullable receiver of type File?
2026-10-09T15:44:34.3742943Z w: file:///home/runner/work/AN-Paint/AN-Paint/Paintroid/src/test/java/org/catrobat/paintroid/local/WorkspaceRefinementTest.kt:84:60 Unsafe use of a nullable receiver of type File?
2026-10-09T15:44:34.3744215Z w: file:///home/runner/work/AN-Paint/AN-Paint/Paintroid/src/test/java/org/catrobat/paintroid/local/WorkspaceRefinementTest.kt:289:28 'updateConfiguration(Configuration!, DisplayMetrics!): Unit' is deprecated. Deprecated in Java
2026-10-09T15:44:38.1605858Z 
2026-10-09T15:44:38.1607092Z > Task :Paintroid:compileDebugUnitTestJavaWithJavac
2026-10-09T15:44:38.1633411Z > Task :Paintroid:processDebugUnitTestJavaRes
2026-10-09T15:45:08.1589744Z > Task :Paintroid:testDebugUnitTest
2026-10-09T15:46:02.7583896Z 
2026-10-09T15:46:02.7584710Z --- Failed to create image decoder with message 'unimplemented'
2026-10-09T15:46:07.4584627Z --- Failed to create image decoder with message 'unimplemented'
2026-10-09T15:48:08.6585015Z --- Failed to create image decoder with message 'unimplemented'
2026-10-09T15:48:15.0584125Z --- Failed to create image decoder with message 'unimplemented'
2026-10-09T15:49:20.7585742Z 
2026-10-09T15:49:20.7599826Z [Incubating] Problems report is available at: file:///home/runner/work/AN-Paint/AN-Paint/build/reports/problems/problems-report.html
2026-10-09T15:49:20.7601431Z 
2026-10-09T15:49:20.7601981Z Deprecated Gradle features were used in this build, making it incompatible with Gradle 9.0.
2026-10-09T15:49:20.7602624Z 
2026-10-09T15:49:20.7603316Z You can use '--warning-mode all' to show the individual deprecation warnings and determine if they come from your own scripts or plugins.
2026-10-09T15:49:20.7604141Z 
2026-10-09T15:49:20.7604977Z For more on this, please refer to https://docs.gradle.org/8.13/userguide/command_line_interface.html#sec:command_line_warnings in the Gradle documentation.
2026-10-09T15:49:20.7605906Z 
2026-10-09T15:49:20.7606224Z BUILD SUCCESSFUL in 6m 38s
2026-10-09T15:49:20.7606745Z 40 actionable tasks: 40 executed
2026-10-09T15:49:20.8205169Z 
2026-10-09T15:49:20.8248247Z See the profiling report at: file:///home/runner/work/AN-Paint/AN-Paint/build/reports/profile/profile-2026-10-09-15-42-45.html
2026-10-09T15:49:20.8251176Z A fine-grained performance profile is available: use the --scan option.
2026-10-09T15:49:21.1677529Z ##[group]Run bash tools/ci_run_timed.sh lint ./gradlew --no-daemon --max-workers=2 --console=plain --continue --profile -PnativeAbis=x86_64 :app:lint${BUILD_VARIANT^}
2026-10-09T15:49:21.1678453Z [36;1mbash tools/ci_run_timed.sh lint ./gradlew --no-daemon --max-workers=2 --console=plain --continue --profile -PnativeAbis=x86_64 :app:lint${BUILD_VARIANT^}[0m
2026-10-09T15:49:21.1782699Z shell: /usr/bin/bash --noprofile --norc -e -o pipefail {0}
2026-10-09T15:49:21.1782990Z env:
2026-10-09T15:49:21.1783167Z   BUILD_VARIANT: debug
2026-10-09T15:49:21.1783402Z   JAVA_HOME: /usr/lib/jvm/temurin-17-jdk-amd64
2026-10-09T15:49:21.1783650Z ##[endgroup]
2026-10-09T15:49:21.8141939Z To honour the JVM settings for this build a single-use Daemon process will be forked. For more on this, please refer to https://docs.gradle.org/8.13/userguide/gradle_daemon.html#sec:disabling_the_daemon in the Gradle documentation.
2026-10-09T15:49:22.7094390Z Daemon will be stopped at the end of the build 
2026-10-09T15:49:31.7131510Z > Task :Paintroid:fetchHeifSources
2026-10-09T15:49:31.8096263Z > Task :Paintroid:fetchJxlSources
2026-10-09T15:49:31.9094882Z > Task :Paintroid:fetchTiffSources
2026-10-09T15:49:31.9097647Z > Task :Paintroid:fetchWebpSources
2026-10-09T15:49:32.5097439Z > Task :Paintroid:bundleCorrespondingSource UP-TO-DATE
2026-10-09T15:49:32.5098520Z > Task :Paintroid:preBuild UP-TO-DATE
2026-10-09T15:49:32.5099143Z > Task :Paintroid:preDebugBuild UP-TO-DATE
2026-10-09T15:49:32.8107061Z > Task :Paintroid:checkDebugAarMetadata
2026-10-09T15:49:36.2097311Z 
2026-10-09T15:49:36.2098305Z > Task :Paintroid:configureCMakeDebug[x86_64]
2026-10-09T15:49:36.2098774Z C/C++: -- Compiler is not EMSCRIPTEN
2026-10-09T15:49:38.5093750Z C/C++: --- aom_configure: Detected CPU: generic
2026-10-09T15:49:38.5094497Z C/C++: Running C compiler test: pie_check
2026-10-09T15:49:38.5095276Z C/C++: CONFIG_PIC enabled for position independent executable (PIE) build
2026-10-09T15:49:38.5095980Z C/C++: Running C compiler test: unistd_check
2026-10-09T15:49:38.6093768Z C/C++: Running CXX compiler test: unistd_check
2026-10-09T15:49:38.7096673Z C/C++: Running C compiler test: fenv_check
2026-10-09T15:49:38.7097138Z C/C++: Checking C compiler flag support for: -std=c11
2026-10-09T15:49:38.7097460Z C/C++: Checking C++ compiler flag support for: -std=c++17
2026-10-09T15:49:38.8092378Z C/C++: Checking C compiler flag support for: -Wall
2026-10-09T15:49:38.8093184Z C/C++: Checking C++ compiler flag support for: -Wall
2026-10-09T15:49:38.9092071Z C/C++: Checking C compiler flag support for: -Wdisabled-optimization
2026-10-09T15:49:38.9094741Z C/C++: Checking C++ compiler flag support for: -Wdisabled-optimization
2026-10-09T15:49:38.9095330Z C/C++: Checking C compiler flag support for: -Wextra
2026-10-09T15:49:39.0098938Z C/C++: Checking C++ compiler flag support for: -Wextra
2026-10-09T15:49:39.0099352Z C/C++: Checking C compiler flag support for: -Wextra-semi
2026-10-09T15:49:39.1093098Z C/C++: Checking C++ compiler flag support for: -Wextra-semi
2026-10-09T15:49:39.1093984Z C/C++: Checking C compiler flag support for: -Wextra-semi-stmt
2026-10-09T15:49:39.2093590Z C/C++: Checking C++ compiler flag support for: -Wextra-semi-stmt
2026-10-09T15:49:39.2094032Z C/C++: Checking C compiler flag support for: -Wfloat-conversion
2026-10-09T15:49:39.3092374Z C/C++: Checking C++ compiler flag support for: -Wfloat-conversion
2026-10-09T15:49:39.3108383Z C/C++: Checking C compiler flag support for: -Wformat=2
2026-10-09T15:49:39.3108956Z C/C++: Checking C++ compiler flag support for: -Wformat=2
2026-10-09T15:49:39.4093135Z C/C++: Checking C compiler flag support for: -Wimplicit-function-declaration
2026-10-09T15:49:39.4093839Z C/C++: Checking C compiler flag support for: -Wlogical-op
2026-10-09T15:49:39.5093796Z C/C++: Checking C++ compiler flag support for: -Wlogical-op
2026-10-09T15:49:39.5094425Z C/C++: Checking C compiler flag support for: -Wmissing-declarations
2026-10-09T15:49:39.6093102Z C/C++: Checking C++ compiler flag support for: -Wmissing-declarations
2026-10-09T15:49:39.6093958Z C/C++: Checking C compiler flag support for: -Wmissing-prototypes
2026-10-09T15:49:39.6094548Z C/C++: Checking C++ compiler flag support for: -Wmissing-prototypes
2026-10-09T15:49:39.7093156Z C/C++: Checking C compiler flag support for: -Wpointer-arith
2026-10-09T15:49:39.7094066Z C/C++: Checking C++ compiler flag support for: -Wpointer-arith
2026-10-09T15:49:39.8093825Z C/C++: Checking C compiler flag support for: -Wshadow
2026-10-09T15:49:39.8094320Z C/C++: Checking C++ compiler flag support for: -Wshadow
2026-10-09T15:49:39.8094645Z C/C++: Checking C compiler flag support for: -Wshorten-64-to-32
2026-10-09T15:49:39.9091977Z C/C++: Checking C++ compiler flag support for: -Wshorten-64-to-32
2026-10-09T15:49:39.9092567Z C/C++: Checking C compiler flag support for: -Wsign-compare
2026-10-09T15:49:40.0092980Z C/C++: Checking C++ compiler flag support for: -Wsign-compare
2026-10-09T15:49:40.0093622Z C/C++: Checking C compiler flag support for: -Wstring-conversion
2026-10-09T15:49:40.1092531Z C/C++: Checking C++ compiler flag support for: -Wstring-conversion
2026-10-09T15:49:40.1093330Z C/C++: Checking C compiler flag support for: -Wtype-limits
2026-10-09T15:49:40.2093160Z C/C++: Checking C++ compiler flag support for: -Wtype-limits
2026-10-09T15:49:40.2093858Z C/C++: Checking C compiler flag support for: -Wundef
2026-10-09T15:49:40.2094551Z C/C++: Checking C++ compiler flag support for: -Wundef
2026-10-09T15:49:40.3092807Z C/C++: Checking C compiler flag support for: -Wuninitialized
2026-10-09T15:49:40.3093597Z C/C++: Checking C++ compiler flag support for: -Wuninitialized
2026-10-09T15:49:40.4092202Z C/C++: Checking C compiler flag support for: -Wunreachable-code-aggressive
2026-10-09T15:49:40.4092928Z C/C++: Checking C++ compiler flag support for: -Wunreachable-code-aggressive
2026-10-09T15:49:40.4093499Z C/C++: Checking C compiler flag support for: -Wunused
2026-10-09T15:49:40.5092605Z C/C++: Checking C++ compiler flag support for: -Wunused
2026-10-09T15:49:40.5093631Z C/C++: Checking C compiler flag support for: -Wvla
2026-10-09T15:49:40.6092710Z C/C++: Checking C++ compiler flag support for: -Wvla
2026-10-09T15:49:40.6093264Z C/C++: Checking C compiler flag support for: -Wc23-extensions
2026-10-09T15:49:40.7092365Z C/C++: Checking C++ compiler flag support for: -Wc++20-extensions
2026-10-09T15:49:40.7093174Z C/C++: Checking C++ compiler flag support for: -Wc++23-extensions
2026-10-09T15:49:40.7093776Z C/C++: Checking C compiler flag support for: -Wstack-usage=100000
2026-10-09T15:49:40.8093060Z C/C++: Checking C++ compiler flag support for: -Wstack-usage=240000
2026-10-09T15:49:40.8093897Z C/C++: Checking C compiler flag support for: -D_LARGEFILE_SOURCE
2026-10-09T15:49:40.9093017Z C/C++: Checking C++ compiler flag support for: -D_LARGEFILE_SOURCE
2026-10-09T15:49:40.9093849Z C/C++: Checking C compiler flag support for: -D_FILE_OFFSET_BITS=64
2026-10-09T15:49:41.0093265Z C/C++: Checking C++ compiler flag support for: -D_FILE_OFFSET_BITS=64
2026-10-09T15:49:41.0094294Z C/C++: Checking C compiler flag support for: -flax-vector-conversions=none
2026-10-09T15:49:41.1096350Z C/C++: Checking C++ compiler flag support for: -flax-vector-conversions=none
2026-10-09T15:49:41.5092950Z C/C++: === Summary of compiled codecs ===
2026-10-09T15:49:41.5093536Z C/C++: libde265 HEVC decoder                 : + built-in
2026-10-09T15:49:41.5100845Z C/C++: FFMPEG HEVC decoder (HW acc)          : - disabled
2026-10-09T15:49:41.5101581Z C/C++: WebCodecs HEVC decoder (experimental) : - disabled
2026-10-09T15:49:41.5102327Z C/C++: x265 HEVC encoder                     : - disabled
2026-10-09T15:49:41.5102890Z C/C++: Kvazaar HEVC encoder                  : + built-in
2026-10-09T15:49:41.5103611Z C/C++: AOM AV1 decoder                       : + built-in
2026-10-09T15:49:41.5104170Z C/C++: AOM AV1 encoder                       : + built-in
2026-10-09T15:49:41.5104719Z C/C++: Dav1d AV1 decoder                     : - disabled
2026-10-09T15:49:41.5105645Z C/C++: SVT AV1 encoder                       : - disabled
2026-10-09T15:49:41.5106500Z C/C++: Rav1e AV1 encoder                     : - disabled
2026-10-09T15:49:41.5107058Z C/C++: JPEG decoder                          : - disabled
2026-10-09T15:49:41.5107593Z C/C++: JPEG encoder                          : - disabled
2026-10-09T15:49:41.5107991Z C/C++: x264 AVC encoder                      : - disabled
2026-10-09T15:49:41.5108434Z C/C++: OpenH264 decoder                      : - disabled
2026-10-09T15:49:41.5108822Z C/C++: OpenJPEG J2K decoder                  : - disabled
2026-10-09T15:49:41.5109214Z C/C++: OpenJPEG J2K encoder                  : - disabled
2026-10-09T15:49:41.5109608Z C/C++: OpenJPH HT-J2K encoder                : - disabled
2026-10-09T15:49:41.5110126Z C/C++: uvg266 VVC encoder                    : - disabled
2026-10-09T15:49:41.5110958Z C/C++: vvenc VVC encoder                     : - disabled
2026-10-09T15:49:41.5111634Z C/C++: vvdec VVC decoder                     : - disabled
2026-10-09T15:49:41.5112160Z C/C++: === Supported formats ===
2026-10-09T15:49:41.5112636Z C/C++: format        decoding   encoding
2026-10-09T15:49:41.5113146Z C/C++: AVC             NO         NO 
2026-10-09T15:49:41.5113655Z C/C++: AVIF            YES        YES
2026-10-09T15:49:41.5114110Z C/C++: HEIC            YES        YES
2026-10-09T15:49:41.5114579Z C/C++: JPEG            NO         NO 
2026-10-09T15:49:41.5115042Z C/C++: JPEG2000        NO         NO 
2026-10-09T15:49:41.5128045Z C/C++: JPEG2000-HT     NO         NO 
2026-10-09T15:49:41.5129686Z C/C++: Uncompressed    NO         NO 
2026-10-09T15:49:41.5132577Z C/C++: VVC             NO         NO 
2026-10-09T15:49:41.5133104Z C/C++: libsharpyuv: disabled
2026-10-09T15:49:41.6092806Z C/C++: === Active input formats for heif-enc ===
2026-10-09T15:49:41.6096356Z C/C++: JPEG: ------ (libjpeg not found)
2026-10-09T15:49:41.6096770Z C/C++: PNG:  ------ (libpng not found)
2026-10-09T15:49:41.6097122Z C/C++: WEBP:  ------ (libwebp not found)
2026-10-09T15:49:41.6097486Z C/C++: TIFF: ------ (libtiff not found)
2026-10-09T15:49:41.6097853Z C/C++: Not compiling 'x265' backend
2026-10-09T15:49:41.6098174Z C/C++: Compiling 'libde265' as built-in backend
2026-10-09T15:49:41.6098552Z C/C++: Not compiling 'dav1d' backend
2026-10-09T15:49:41.6098911Z C/C++: Compiling 'aomdec' as built-in backend
2026-10-09T15:49:41.6099284Z C/C++: Compiling 'aomenc' as built-in backend
2026-10-09T15:49:41.6099647Z C/C++: Not compiling 'svtenc' backend
2026-10-09T15:49:41.6099975Z C/C++: Not compiling 'rav1e' backend
2026-10-09T15:49:41.6100512Z C/C++: Not compiling 'jpegdec' backend
2026-10-09T15:49:41.6100851Z C/C++: Not compiling 'jpegenc' backend
2026-10-09T15:49:41.6101174Z C/C++: Not compiling 'j2kdec' backend
2026-10-09T15:49:41.6101499Z C/C++: Not compiling 'j2kenc' backend
2026-10-09T15:49:41.6101866Z C/C++: Compiling 'kvazaar' as built-in backend
2026-10-09T15:49:41.6102251Z C/C++: Not compiling 'ffmpegdec' backend
2026-10-09T15:49:41.6102614Z C/C++: Not compiling 'jphenc' backend
2026-10-09T15:49:41.6108784Z C/C++: Not compiling 'uvg266' backend
2026-10-09T15:49:41.6111973Z C/C++: Not compiling 'vvdec' backend
2026-10-09T15:49:41.6112698Z C/C++: Not compiling 'vvenc' backend
2026-10-09T15:49:41.6113071Z C/C++: Not compiling 'x264' backend
2026-10-09T15:49:41.6113428Z C/C++: Not compiling 'openh264dec' backend
2026-10-09T15:49:41.6113762Z C/C++: Not compiling 'libsharpyuv'
2026-10-09T15:49:50.1109834Z 
2026-10-09T15:49:50.1141779Z > Task :Paintroid:buildCMakeDebug[x86_64][anpaint_heif,anpaint_jxl,etc]
2026-10-09T15:49:50.1151279Z C/C++: ninja: Entering directory `/home/runner/work/AN-Paint/AN-Paint/Paintroid/.cxx/Debug/68am3368/x86_64'
2026-10-09T15:49:50.1181268Z C/C++: In file included from /home/runner/work/AN-Paint/AN-Paint/Paintroid/build/jxl-source/third_party/skcms/src/skcms_TransformBaseline.cc:47:
2026-10-09T15:49:50.1322600Z C/C++: /home/runner/work/AN-Paint/AN-Paint/Paintroid/build/jxl-source/third_party/skcms/src/Transform_inl.h:1165:1: warning: stack frame size (5944) exceeds limit (5632) in 'skcms_private::baseline::Exec_xyz_to_lab(skcms_private::baseline::StageList, void const**, char const*, char*, float vector[4], float vector[4], float vector[4], float vector[4], int)' [-Wframe-larger-than]
2026-10-09T15:49:50.1324730Z C/C++:  1165 | STAGE(xyz_to_lab, NoCtx) {
2026-10-09T15:49:50.1340697Z C/C++:       | ^
2026-10-09T15:49:50.1371172Z C/C++: /home/runner/work/AN-Paint/AN-Paint/Paintroid/build/jxl-source/third_party/skcms/src/Transform_inl.h:818:9: note: expanded from macro 'STAGE'
2026-10-09T15:49:50.1381037Z C/C++:   818 |         DECLARE_STAGE(name, arg, [[clang::musttail]] return (*list.fn)(list, ctx, src, dst, \
2026-10-09T15:49:50.1410812Z C/C++:       |         ^
2026-10-09T15:49:50.1431248Z C/C++: /home/runner/work/AN-Paint/AN-Paint/Paintroid/build/jxl-source/third_party/skcms/src/Transform_inl.h:809:17: note: expanded from macro 'DECLARE_STAGE'
2026-10-09T15:49:50.1460901Z C/C++:   809 |         SI void Exec_##name(StageList list, const void** ctx, STAGE_PARAMS()) { \
2026-10-09T15:49:50.1470966Z C/C++:       |                 ^
2026-10-09T15:49:50.1501062Z C/C++: /home/runner/work/AN-Paint/AN-Paint/Paintroid/.cxx/Debug/68am3368/x86_64/<scratch space>:64:1: note: expanded from here
2026-10-09T15:49:50.1520701Z C/C++:    64 | Exec_xyz_to_lab
2026-10-09T15:49:50.1541702Z C/C++:       | ^
2026-10-09T15:49:50.1561322Z C/C++: In file included from /home/runner/work/AN-Paint/AN-Paint/Paintroid/build/jxl-source/third_party/skcms/src/skcms_TransformBaseline.cc:47:
2026-10-09T15:49:50.1592445Z C/C++: /home/runner/work/AN-Paint/AN-Paint/Paintroid/build/jxl-source/third_party/skcms/src/Transform_inl.h:1188:1: warning: stack frame size (6104) exceeds limit (5632) in 'skcms_private::baseline::Exec_gamma_rgb(skcms_private::baseline::StageList, void const**, char const*, char*, float vector[4], float vector[4], float vector[4], float vector[4], int)' [-Wframe-larger-than]
2026-10-09T15:49:50.1610822Z C/C++:  1188 | STAGE(gamma_rgb, const skcms_TransferFunction* tf) {
2026-10-09T15:49:50.1640682Z C/C++:       | ^
2026-10-09T15:49:50.1651357Z C/C++: /home/runner/work/AN-Paint/AN-Paint/Paintroid/build/jxl-source/third_party/skcms/src/Transform_inl.h:818:9: note: expanded from macro 'STAGE'
2026-10-09T15:49:50.1681166Z C/C++:   818 |         DECLARE_STAGE(name, arg, [[clang::musttail]] return (*list.fn)(list, ctx, src, dst, \
2026-10-09T15:49:50.1700668Z C/C++:       |         ^
2026-10-09T15:49:50.1731199Z C/C++: /home/runner/work/AN-Paint/AN-Paint/Paintroid/build/jxl-source/third_party/skcms/src/Transform_inl.h:809:17: note: expanded from macro 'DECLARE_STAGE'
2026-10-09T15:49:50.1740996Z C/C++:   809 |         SI void Exec_##name(StageList list, const void** ctx, STAGE_PARAMS()) { \
2026-10-09T15:49:50.1760888Z C/C++:       |                 ^
2026-10-09T15:49:50.1791099Z C/C++: /home/runner/work/AN-Paint/AN-Paint/Paintroid/.cxx/Debug/68am3368/x86_64/<scratch space>:99:1: note: expanded from here
2026-10-09T15:49:50.1820671Z C/C++:    99 | Exec_gamma_rgb
2026-10-09T15:49:50.1850662Z C/C++:       | ^
2026-10-09T15:49:50.1851668Z C/C++: In file included from /home/runner/work/AN-Paint/AN-Paint/Paintroid/build/jxl-source/third_party/skcms/src/skcms_TransformBaseline.cc:47:
2026-10-09T15:49:50.1882133Z C/C++: /home/runner/work/AN-Paint/AN-Paint/Paintroid/build/jxl-source/third_party/skcms/src/Transform_inl.h:1199:1: warning: stack frame size (7208) exceeds limit (5632) in 'skcms_private::baseline::Exec_tf_rgb(skcms_private::baseline::StageList, void const**, char const*, char*, float vector[4], float vector[4], float vector[4], float vector[4], int)' [-Wframe-larger-than]
2026-10-09T15:49:50.1884113Z C/C++:  1199 | STAGE(tf_rgb, const skcms_TransferFunction* tf) {
2026-10-09T15:49:50.1910666Z C/C++:       | ^
2026-10-09T15:49:50.1911456Z C/C++: /home/runner/work/AN-Paint/AN-Paint/Paintroid/build/jxl-source/third_party/skcms/src/Transform_inl.h:818:9: note: expanded from macro 'STAGE'
2026-10-09T15:49:50.1912580Z C/C++:   818 |         DECLARE_STAGE(name, arg, [[clang::musttail]] return (*list.fn)(list, ctx, src, dst, \
2026-10-09T15:49:50.1913664Z C/C++:       |         ^
2026-10-09T15:49:50.1914715Z C/C++: /home/runner/work/AN-Paint/AN-Paint/Paintroid/build/jxl-source/third_party/skcms/src/Transform_inl.h:809:17: note: expanded from macro 'DECLARE_STAGE'
2026-10-09T15:49:50.1915803Z C/C++:   809 |         SI void Exec_##name(StageList list, const void** ctx, STAGE_PARAMS()) { \
2026-10-09T15:49:50.1940724Z C/C++:       |                 ^
2026-10-09T15:49:50.1941470Z C/C++: /home/runner/work/AN-Paint/AN-Paint/Paintroid/.cxx/Debug/68am3368/x86_64/<scratch space>:134:1: note: expanded from here
2026-10-09T15:49:50.1942205Z C/C++:   134 | Exec_tf_rgb
2026-10-09T15:49:50.1942519Z C/C++:       | ^
2026-10-09T15:49:50.1943257Z C/C++: In file included from /home/runner/work/AN-Paint/AN-Paint/Paintroid/build/jxl-source/third_party/skcms/src/skcms_TransformBaseline.cc:47:
2026-10-09T15:49:50.1945541Z C/C++: /home/runner/work/AN-Paint/AN-Paint/Paintroid/build/jxl-source/third_party/skcms/src/Transform_inl.h:1205:1: warning: stack frame size (5640) exceeds limit (5632) in 'skcms_private::baseline::Exec_pq_r(skcms_private::baseline::StageList, void const**, char const*, char*, float vector[4], float vector[4], float vector[4], float vector[4], int)' [-Wframe-larger-than]
2026-10-09T15:49:50.1947500Z C/C++:  1205 | STAGE(pq_r, const skcms_TransferFunction* tf) { r = apply_pq(tf, r); }
2026-10-09T15:49:50.1948026Z C/C++:       | ^
2026-10-09T15:49:50.1948792Z C/C++: /home/runner/work/AN-Paint/AN-Paint/Paintroid/build/jxl-source/third_party/skcms/src/Transform_inl.h:818:9: note: expanded from macro 'STAGE'
2026-10-09T15:49:50.1949873Z C/C++:   818 |         DECLARE_STAGE(name, arg, [[clang::musttail]] return (*list.fn)(list, ctx, src, dst, \
2026-10-09T15:49:50.1950641Z C/C++:       |         ^
2026-10-09T15:49:50.1951434Z C/C++: /home/runner/work/AN-Paint/AN-Paint/Paintroid/build/jxl-source/third_party/skcms/src/Transform_inl.h:809:17: note: expanded from macro 'DECLARE_STAGE'
2026-10-09T15:49:50.1952465Z C/C++:   809 |         SI void Exec_##name(StageList list, const void** ctx, STAGE_PARAMS()) { \
2026-10-09T15:49:50.1953048Z C/C++:       |                 ^
2026-10-09T15:49:50.1953731Z C/C++: /home/runner/work/AN-Paint/AN-Paint/Paintroid/.cxx/Debug/68am3368/x86_64/<scratch space>:141:1: note: expanded from here
2026-10-09T15:49:50.1954468Z C/C++:   141 | Exec_pq_r
2026-10-09T15:49:50.1954774Z C/C++:       | ^
2026-10-09T15:49:50.1955531Z C/C++: In file included from /home/runner/work/AN-Paint/AN-Paint/Paintroid/build/jxl-source/third_party/skcms/src/skcms_TransformBaseline.cc:47:
2026-10-09T15:49:50.1957677Z C/C++: /home/runner/work/AN-Paint/AN-Paint/Paintroid/build/jxl-source/third_party/skcms/src/Transform_inl.h:1206:1: warning: stack frame size (5640) exceeds limit (5632) in 'skcms_private::baseline::Exec_pq_g(skcms_private::baseline::StageList, void const**, char const*, char*, float vector[4], float vector[4], float vector[4], float vector[4], int)' [-Wframe-larger-than]
2026-10-09T15:49:50.1959475Z C/C++:  1206 | STAGE(pq_g, const skcms_TransferFunction* tf) { g = apply_pq(tf, g); }
2026-10-09T15:49:50.1959993Z C/C++:       | ^
2026-10-09T15:49:50.1960906Z C/C++: /home/runner/work/AN-Paint/AN-Paint/Paintroid/build/jxl-source/third_party/skcms/src/Transform_inl.h:818:9: note: expanded from macro 'STAGE'
2026-10-09T15:49:50.1961920Z C/C++:   818 |         DECLARE_STAGE(name, arg, [[clang::musttail]] return (*list.fn)(list, ctx, src, dst, \
2026-10-09T15:49:50.1962500Z C/C++:       |         ^
2026-10-09T15:49:50.1963306Z C/C++: /home/runner/work/AN-Paint/AN-Paint/Paintroid/build/jxl-source/third_party/skcms/src/Transform_inl.h:809:17: note: expanded from macro 'DECLARE_STAGE'
2026-10-09T15:49:50.1964277Z C/C++:   809 |         SI void Exec_##name(StageList list, const void** ctx, STAGE_PARAMS()) { \
2026-10-09T15:49:50.1964787Z C/C++:       |                 ^
2026-10-09T15:49:50.1965463Z C/C++: /home/runner/work/AN-Paint/AN-Paint/Paintroid/.cxx/Debug/68am3368/x86_64/<scratch space>:148:1: note: expanded from here
2026-10-09T15:49:50.1966172Z C/C++:   148 | Exec_pq_g
2026-10-09T15:49:50.1966904Z C/C++:       | ^
2026-10-09T15:49:50.1967579Z C/C++: In file included from /home/runner/work/AN-Paint/AN-Paint/Paintroid/build/jxl-source/third_party/skcms/src/skcms_TransformBaseline.cc:47:
2026-10-09T15:49:50.1969716Z C/C++: /home/runner/work/AN-Paint/AN-Paint/Paintroid/build/jxl-source/third_party/skcms/src/Transform_inl.h:1207:1: warning: stack frame size (5640) exceeds limit (5632) in 'skcms_private::baseline::Exec_pq_b(skcms_private::baseline::StageList, void const**, char const*, char*, float vector[4], float vector[4], float vector[4], float vector[4], int)' [-Wframe-larger-than]
2026-10-09T15:49:50.2002094Z C/C++:  1207 | STAGE(pq_b, const skcms_TransferFunction* tf) { b = apply_pq(tf, b); }
2026-10-09T15:49:50.2002639Z C/C++:       | ^
2026-10-09T15:49:50.2003422Z C/C++: /home/runner/work/AN-Paint/AN-Paint/Paintroid/build/jxl-source/third_party/skcms/src/Transform_inl.h:818:9: note: expanded from macro 'STAGE'
2026-10-09T15:49:50.2004499Z C/C++:   818 |         DECLARE_STAGE(name, arg, [[clang::musttail]] return (*list.fn)(list, ctx, src, dst, \
2026-10-09T15:49:50.2005062Z C/C++:       |         ^
2026-10-09T15:49:50.2005852Z C/C++: /home/runner/work/AN-Paint/AN-Paint/Paintroid/build/jxl-source/third_party/skcms/src/Transform_inl.h:809:17: note: expanded from macro 'DECLARE_STAGE'
2026-10-09T15:49:50.2006884Z C/C++:   809 |         SI void Exec_##name(StageList list, const void** ctx, STAGE_PARAMS()) { \
2026-10-09T15:49:50.2007408Z C/C++:       |                 ^
2026-10-09T15:49:50.2106115Z C/C++: /home/runner/work/AN-Paint/AN-Paint/Paintroid/.cxx/Debug/68am3368/x86_64/<scratch space>:155:1: note: expanded from here
2026-10-09T15:49:50.2120764Z C/C++:   155 | Exec_pq_b
2026-10-09T15:49:50.2121087Z C/C++:       | ^
2026-10-09T15:49:50.2121879Z C/C++: In file included from /home/runner/work/AN-Paint/AN-Paint/Paintroid/build/jxl-source/third_party/skcms/src/skcms_TransformBaseline.cc:47:
2026-10-09T15:49:50.2124092Z C/C++: /home/runner/work/AN-Paint/AN-Paint/Paintroid/build/jxl-source/third_party/skcms/src/Transform_inl.h:1208:1: warning: stack frame size (5640) exceeds limit (5632) in 'skcms_private::baseline::Exec_pq_a(skcms_private::baseline::StageList, void const**, char const*, char*, float vector[4], float vector[4], float vector[4], float vector[4], int)' [-Wframe-larger-than]
2026-10-09T15:49:50.2126011Z C/C++:  1208 | STAGE(pq_a, const skcms_TransferFunction* tf) { a = apply_pq(tf, a); }
2026-10-09T15:49:50.2126522Z C/C++:       | ^
2026-10-09T15:49:50.2127270Z C/C++: /home/runner/work/AN-Paint/AN-Paint/Paintroid/build/jxl-source/third_party/skcms/src/Transform_inl.h:818:9: note: expanded from macro 'STAGE'
2026-10-09T15:49:50.2128327Z C/C++:   818 |         DECLARE_STAGE(name, arg, [[clang::musttail]] return (*list.fn)(list, ctx, src, dst, \
2026-10-09T15:49:50.2128893Z C/C++:       |         ^
2026-10-09T15:49:50.2129782Z C/C++: /home/runner/work/AN-Paint/AN-Paint/Paintroid/build/jxl-source/third_party/skcms/src/Transform_inl.h:809:17: note: expanded from macro 'DECLARE_STAGE'
2026-10-09T15:49:50.2150976Z C/C++:   809 |         SI void Exec_##name(StageList list, const void** ctx, STAGE_PARAMS()) { \
2026-10-09T15:49:50.2160675Z C/C++:       |                 ^
2026-10-09T15:49:50.2191093Z C/C++: /home/runner/work/AN-Paint/AN-Paint/Paintroid/.cxx/Debug/68am3368/x86_64/<scratch space>:162:1: note: expanded from here
2026-10-09T15:49:50.2220680Z C/C++:   162 | Exec_pq_a
2026-10-09T15:49:50.2240795Z C/C++:       | ^
2026-10-09T15:49:50.2251175Z C/C++: In file included from /home/runner/work/AN-Paint/AN-Paint/Paintroid/build/jxl-source/third_party/skcms/src/skcms_TransformBaseline.cc:47:
2026-10-09T15:49:50.2282597Z C/C++: /home/runner/work/AN-Paint/AN-Paint/Paintroid/build/jxl-source/third_party/skcms/src/Transform_inl.h:1210:1: warning: stack frame size (15800) exceeds limit (5632) in 'skcms_private::baseline::Exec_pq_rgb(skcms_private::baseline::StageList, void const**, char const*, char*, float vector[4], float vector[4], float vector[4], float vector[4], int)' [-Wframe-larger-than]
2026-10-09T15:49:50.2300571Z C/C++:  1210 | STAGE(pq_rgb, const skcms_TransferFunction* tf) {
2026-10-09T15:49:50.2310733Z C/C++:       | ^
2026-10-09T15:49:50.2341193Z C/C++: /home/runner/work/AN-Paint/AN-Paint/Paintroid/build/jxl-source/third_party/skcms/src/Transform_inl.h:818:9: note: expanded from macro 'STAGE'
2026-10-09T15:49:50.2370978Z C/C++:   818 |         DECLARE_STAGE(name, arg, [[clang::musttail]] return (*list.fn)(list, ctx, src, dst, \
2026-10-09T15:49:50.2390901Z C/C++:       |         ^
2026-10-09T15:49:50.2401226Z C/C++: /home/runner/work/AN-Paint/AN-Paint/Paintroid/build/jxl-source/third_party/skcms/src/Transform_inl.h:809:17: note: expanded from macro 'DECLARE_STAGE'
2026-10-09T15:49:50.2430916Z C/C++:   809 |         SI void Exec_##name(StageList list, const void** ctx, STAGE_PARAMS()) { \
2026-10-09T15:49:50.2450827Z C/C++:       |                 ^
2026-10-09T15:49:50.2461097Z C/C++: /home/runner/work/AN-Paint/AN-Paint/Paintroid/.cxx/Debug/68am3368/x86_64/<scratch space>:169:1: note: expanded from here
2026-10-09T15:49:50.2490752Z C/C++:   169 | Exec_pq_rgb
2026-10-09T15:49:50.2512286Z C/C++:       | ^
2026-10-09T15:49:50.2541354Z C/C++: In file included from /home/runner/work/AN-Paint/AN-Paint/Paintroid/build/jxl-source/third_party/skcms/src/skcms_TransformBaseline.cc:47:
2026-10-09T15:49:50.2552101Z C/C++: /home/runner/work/AN-Paint/AN-Paint/Paintroid/build/jxl-source/third_party/skcms/src/Transform_inl.h:1221:1: warning: stack frame size (9752) exceeds limit (5632) in 'skcms_private::baseline::Exec_hlg_rgb(skcms_private::baseline::StageList, void const**, char const*, char*, float vector[4], float vector[4], float vector[4], float vector[4], int)' [-Wframe-larger-than]
2026-10-09T15:49:50.2580981Z C/C++:  1221 | STAGE(hlg_rgb, const skcms_TransferFunction* tf) {
2026-10-09T15:49:50.2600795Z C/C++:       | ^
2026-10-09T15:49:50.2611153Z C/C++: /home/runner/work/AN-Paint/AN-Paint/Paintroid/build/jxl-source/third_party/skcms/src/Transform_inl.h:818:9: note: expanded from macro 'STAGE'
2026-10-09T15:49:50.2640979Z C/C++:   818 |         DECLARE_STAGE(name, arg, [[clang::musttail]] return (*list.fn)(list, ctx, src, dst, \
2026-10-09T15:49:50.2670703Z C/C++:       |         ^
2026-10-09T15:49:50.2691312Z C/C++: /home/runner/work/AN-Paint/AN-Paint/Paintroid/build/jxl-source/third_party/skcms/src/Transform_inl.h:809:17: note: expanded from macro 'DECLARE_STAGE'
2026-10-09T15:49:50.2700899Z C/C++:   809 |         SI void Exec_##name(StageList list, const void** ctx, STAGE_PARAMS()) { \
2026-10-09T15:49:50.2730701Z C/C++:       |                 ^
2026-10-09T15:49:50.2751151Z C/C++: /home/runner/work/AN-Paint/AN-Paint/Paintroid/.cxx/Debug/68am3368/x86_64/<scratch space>:204:1: note: expanded from here
2026-10-09T15:49:50.2760713Z C/C++:   204 | Exec_hlg_rgb
2026-10-09T15:49:50.2790672Z C/C++:       | ^
2026-10-09T15:49:50.2821171Z C/C++: In file included from /home/runner/work/AN-Paint/AN-Paint/Paintroid/build/jxl-source/third_party/skcms/src/skcms_TransformBaseline.cc:47:
2026-10-09T15:49:50.2842121Z C/C++: /home/runner/work/AN-Paint/AN-Paint/Paintroid/build/jxl-source/third_party/skcms/src/Transform_inl.h:1253:1: warning: stack frame size (7928) exceeds limit (5632) in 'skcms_private::baseline::Exec_hlginv_rgb(skcms_private::baseline::StageList, void const**, char const*, char*, float vector[4], float vector[4], float vector[4], float vector[4], int)' [-Wframe-larger-than]
2026-10-09T15:49:50.2844292Z C/C++:  1253 | STAGE(hlginv_rgb, const skcms_TransferFunction* tf) {
2026-10-09T15:49:50.2880717Z C/C++:       | ^
2026-10-09T15:49:50.2911176Z C/C++: /home/runner/work/AN-Paint/AN-Paint/Paintroid/build/jxl-source/third_party/skcms/src/Transform_inl.h:818:9: note: expanded from macro 'STAGE'
2026-10-09T15:49:50.2930934Z C/C++:   818 |         DECLARE_STAGE(name, arg, [[clang::musttail]] return (*list.fn)(list, ctx, src, dst, \
2026-10-09T15:49:50.2940672Z C/C++:       |         ^
2026-10-09T15:49:50.2971655Z C/C++: /home/runner/work/AN-Paint/AN-Paint/Paintroid/build/jxl-source/third_party/skcms/src/Transform_inl.h:809:17: note: expanded from macro 'DECLARE_STAGE'
2026-10-09T15:49:50.2990959Z C/C++:   809 |         SI void Exec_##name(StageList list, const void** ctx, STAGE_PARAMS()) { \
2026-10-09T15:49:50.3020796Z C/C++:       |                 ^
2026-10-09T15:49:50.3031050Z C/C++: /home/runner/work/AN-Paint/AN-Paint/Paintroid/.cxx/Debug/68am3368/x86_64/<scratch space>:246:1: note: expanded from here
2026-10-09T15:49:50.3060688Z C/C++:   246 | Exec_hlginv_rgb
2026-10-09T15:49:50.3080640Z C/C++:       | ^
2026-10-09T15:49:50.3090678Z C/C++: 10 warnings generated.
2026-10-09T15:49:55.1098249Z C/C++: In file included from /home/runner/work/AN-Paint/AN-Paint/Paintroid/build/jxl-source/lib/jxl/compressed_dc.cc:22:
2026-10-09T15:49:55.1161556Z C/C++: In file included from /home/runner/work/AN-Paint/AN-Paint/Paintroid/build/jxl-source/third_party/highway/hwy/foreach_target.h:83:
2026-10-09T15:49:55.1166180Z C/C++: /home/runner/work/AN-Paint/AN-Paint/Paintroid/build/jxl-source/lib/jxl/compressed_dc.cc:149:22: warning: stack frame size (10136) exceeds limit (5632) in 'jxl::N_SSE4::AdaptiveDCSmoothing(JxlMemoryManagerStruct*, float const*, jxl::Image3<float>*, jxl::ThreadPool*)::$_0::operator()(unsigned int, unsigned long) const' [-Wframe-larger-than]
2026-10-09T15:49:55.1211103Z C/C++:   149 |   auto process_row = [&](const uint32_t y, size_t /*thread*/) -> Status {
2026-10-09T15:49:55.1264131Z C/C++:       |                      ^
2026-10-09T15:49:55.1331261Z C/C++: In file included from /home/runner/work/AN-Paint/AN-Paint/Paintroid/build/jxl-source/lib/jxl/compressed_dc.cc:22:
2026-10-09T15:49:55.1391269Z C/C++: In file included from /home/runner/work/AN-Paint/AN-Paint/Paintroid/build/jxl-source/third_party/highway/hwy/foreach_target.h:94:
2026-10-09T15:49:55.1442528Z C/C++: /home/runner/work/AN-Paint/AN-Paint/Paintroid/build/jxl-source/lib/jxl/compressed_dc.cc:149:22: warning: stack frame size (12888) exceeds limit (5632) in 'jxl::N_AVX2::AdaptiveDCSmoothing(JxlMemoryManagerStruct*, float const*, jxl::Image3<float>*, jxl::ThreadPool*)::$_0::operator()(unsigned int, unsigned long) const' [-Wframe-larger-than]
2026-10-09T15:49:55.1444739Z C/C++:   149 |   auto process_row = [&](const uint32_t y, size_t /*thread*/) -> Status {
2026-10-09T15:49:55.1445333Z C/C++:       |                      ^
2026-10-09T15:49:55.1447256Z C/C++: /home/runner/work/AN-Paint/AN-Paint/Paintroid/build/jxl-source/lib/jxl/compressed_dc.cc:149:22: warning: stack frame size (10136) exceeds limit (5632) in 'jxl::N_SSE2::AdaptiveDCSmoothing(JxlMemoryManagerStruct*, float const*, jxl::Image3<float>*, jxl::ThreadPool*)::$_0::operator()(unsigned int, unsigned long) const' [-Wframe-larger-than]
2026-10-09T15:49:55.1449320Z C/C++:   149 |   auto process_row = [&](const uint32_t y, size_t /*thread*/) -> Status {
2026-10-09T15:49:55.1449867Z C/C++:       |                      ^
2026-10-09T15:49:55.1465509Z C/C++: 3 warnings generated.
2026-10-09T15:49:56.4141893Z C/C++: In file included from /home/runner/work/AN-Paint/AN-Paint/Paintroid/build/jxl-source/lib/jxl/dec_external_image.cc:28:
2026-10-09T15:49:56.4171431Z C/C++: In file included from /home/runner/work/AN-Paint/AN-Paint/Paintroid/build/jxl-source/third_party/highway/hwy/foreach_target.h:83:
2026-10-09T15:49:56.4172658Z C/C++: In file included from /home/runner/work/AN-Paint/AN-Paint/Paintroid/build/jxl-source/lib/jxl/dec_external_image.cc:29:
2026-10-09T15:49:56.4173774Z C/C++: In file included from /home/runner/work/AN-Paint/AN-Paint/Paintroid/build/jxl-source/third_party/highway/hwy/highway.h:605:
2026-10-09T15:49:56.4176406Z C/C++: /home/runner/work/AN-Paint/AN-Paint/Paintroid/build/jxl-source/third_party/highway/hwy/ops/generic_ops-inl.h:2807:19: warning: stack frame size (8440) exceeds limit (5632) in 'decltype(Zero((hwy::N_SSE4::Simd<hwy::float16_t, 8ul, -1>)())) hwy::N_SSE4::DemoteTo<hwy::N_SSE4::Simd<hwy::float16_t, 8ul, -1>, (void*)0>(hwy::N_SSE4::Simd<hwy::float16_t, 8ul, -1>, decltype(Zero((hwy::N_SSE4::Simd<hwy::float16_t, 8ul, -1>::Rebind<float>)())))' [-Wframe-larger-than]
2026-10-09T15:49:56.4179242Z C/C++:  2807 | HWY_API VFromD<D> DemoteTo(D df16, VFromD<Rebind<float, D>> v) {
2026-10-09T15:49:56.4179783Z C/C++:       |                   ^
2026-10-09T15:49:56.4180717Z C/C++: In file included from /home/runner/work/AN-Paint/AN-Paint/Paintroid/build/jxl-source/lib/jxl/dec_external_image.cc:29:
2026-10-09T15:49:56.4181957Z C/C++: In file included from /home/runner/work/AN-Paint/AN-Paint/Paintroid/build/jxl-source/third_party/highway/hwy/highway.h:605:
2026-10-09T15:49:56.4184575Z C/C++: /home/runner/work/AN-Paint/AN-Paint/Paintroid/build/jxl-source/third_party/highway/hwy/ops/generic_ops-inl.h:2807:19: warning: stack frame size (8408) exceeds limit (5632) in 'decltype(Zero((hwy::N_SSE2::Simd<hwy::float16_t, 8ul, -1>)())) hwy::N_SSE2::DemoteTo<hwy::N_SSE2::Simd<hwy::float16_t, 8ul, -1>, (void*)0>(hwy::N_SSE2::Simd<hwy::float16_t, 8ul, -1>, decltype(Zero((hwy::N_SSE2::Simd<hwy::float16_t, 8ul, -1>::Rebind<float>)())))' [-Wframe-larger-than]
2026-10-09T15:49:56.4186865Z C/C++:  2807 | HWY_API VFromD<D> DemoteTo(D df16, VFromD<Rebind<float, D>> v) {
2026-10-09T15:49:56.4187411Z C/C++:       |                   ^
2026-10-09T15:49:56.4187769Z C/C++: 2 warnings generated.
2026-10-09T15:50:05.8096610Z C/C++: /home/runner/work/AN-Paint/AN-Paint/Paintroid/build/jxl-source/lib/jxl/modular/encoding/encoding.cc:149:8: warning: stack frame size (8040) exceeds limit (5632) in 'jxl::Status jxl::detail::DecodeModularChannelMAANS<true>(jxl::BitReader*, jxl::ANSSymbolReader*, std::__ndk1::vector<unsigned char, std::__ndk1::allocator<unsigned char>> const&, std::__ndk1::vector<jxl::PropertyDecisionNode, std::__ndk1::allocator<jxl::PropertyDecisionNode>> const&, jxl::weighted::Header const&, int, unsigned long, jxl::TreeLut<unsigned char, false, false>&, jxl::Image*, unsigned int&, unsigned int&)' [-Wframe-larger-than]
2026-10-09T15:50:05.8171129Z C/C++:   149 | Status DecodeModularChannelMAANS(BitReader *br, ANSSymbolReader *reader,
2026-10-09T15:50:05.8210758Z C/C++:       |        ^
2026-10-09T15:50:05.8243213Z C/C++: /home/runner/work/AN-Paint/AN-Paint/Paintroid/build/jxl-source/lib/jxl/modular/encoding/encoding.cc:149:8: warning: stack frame size (15272) exceeds limit (5632) in 'jxl::Status jxl::detail::DecodeModularChannelMAANS<false>(jxl::BitReader*, jxl::ANSSymbolReader*, std::__ndk1::vector<unsigned char, std::__ndk1::allocator<unsigned char>> const&, std::__ndk1::vector<jxl::PropertyDecisionNode, std::__ndk1::allocator<jxl::PropertyDecisionNode>> const&, jxl::weighted::Header const&, int, unsigned long, jxl::TreeLut<unsigned char, false, false>&, jxl::Image*, unsigned int&, unsigned int&)' [-Wframe-larger-than]
2026-10-09T15:50:05.8270706Z C/C++: 2 warnings generated.
2026-10-09T15:50:08.3107956Z C/C++: In file included from /home/runner/work/AN-Paint/AN-Paint/Paintroid/build/jxl-source/lib/jxl/modular/transform/squeeze.cc:26:
2026-10-09T15:50:08.3131347Z C/C++: In file included from /home/runner/work/AN-Paint/AN-Paint/Paintroid/build/jxl-source/third_party/highway/hwy/foreach_target.h:83:
2026-10-09T15:50:08.3191991Z C/C++: /home/runner/work/AN-Paint/AN-Paint/Paintroid/build/jxl-source/lib/jxl/modular/transform/squeeze.cc:182:31: warning: stack frame size (6056) exceeds limit (5632) in 'jxl::N_SSE4::InvHSqueeze(jxl::Image&, unsigned int, unsigned int, jxl::ThreadPool*)::$_0::operator()(unsigned int, unsigned long) const' [-Wframe-larger-than]
2026-10-09T15:50:08.3220800Z C/C++:   182 |   const auto unsqueeze_span = [&](const uint32_t task,
2026-10-09T15:50:08.3250848Z C/C++:       |                               ^
2026-10-09T15:50:08.3281120Z C/C++: In file included from /home/runner/work/AN-Paint/AN-Paint/Paintroid/build/jxl-source/lib/jxl/modular/transform/squeeze.cc:26:
2026-10-09T15:50:08.3301124Z C/C++: In file included from /home/runner/work/AN-Paint/AN-Paint/Paintroid/build/jxl-source/third_party/highway/hwy/foreach_target.h:94:
2026-10-09T15:50:08.3303397Z C/C++: /home/runner/work/AN-Paint/AN-Paint/Paintroid/build/jxl-source/lib/jxl/modular/transform/squeeze.cc:182:31: warning: stack frame size (17080) exceeds limit (5632) in 'jxl::N_AVX2::InvHSqueeze(jxl::Image&, unsigned int, unsigned int, jxl::ThreadPool*)::$_0::operator()(unsigned int, unsigned long) const' [-Wframe-larger-than]
2026-10-09T15:50:08.3330805Z C/C++:   182 |   const auto unsqueeze_span = [&](const uint32_t task,
2026-10-09T15:50:08.3360679Z C/C++:       |                               ^
2026-10-09T15:50:08.3362319Z C/C++: /home/runner/work/AN-Paint/AN-Paint/Paintroid/build/jxl-source/lib/jxl/modular/transform/squeeze.cc:182:31: warning: stack frame size (6056) exceeds limit (5632) in 'jxl::N_SSE2::InvHSqueeze(jxl::Image&, unsigned int, unsigned int, jxl::ThreadPool*)::$_0::operator()(unsigned int, unsigned long) const' [-Wframe-larger-than]
2026-10-09T15:50:08.3390803Z C/C++:   182 |   const auto unsqueeze_span = [&](const uint32_t task,
2026-10-09T15:50:08.3420737Z C/C++:       |                               ^
2026-10-09T15:50:08.3450686Z C/C++: 3 warnings generated.
2026-10-09T15:50:13.6112476Z C/C++: In file included from /home/runner/work/AN-Paint/AN-Paint/Paintroid/build/jxl-source/lib/jxl/render_pipeline/stage_epf.cc:26:
2026-10-09T15:50:13.6171565Z C/C++: In file included from /home/runner/work/AN-Paint/AN-Paint/Paintroid/build/jxl-source/third_party/highway/hwy/foreach_target.h:94:
2026-10-09T15:50:13.6203247Z C/C++: /home/runner/work/AN-Paint/AN-Paint/Paintroid/build/jxl-source/lib/jxl/render_pipeline/stage_epf.cc:225:10: warning: stack frame size (10008) exceeds limit (5632) in 'jxl::N_AVX2::EPF1Stage::ProcessRow(std::__ndk1::vector<std::__ndk1::vector<float*, std::__ndk1::allocator<float*>>, std::__ndk1::allocator<std::__ndk1::vector<float*, std::__ndk1::allocator<float*>>>> const&, std::__ndk1::vector<std::__ndk1::vector<float*, std::__ndk1::allocator<float*>>, std::__ndk1::allocator<std::__ndk1::vector<float*, std::__ndk1::allocator<float*>>>> const&, unsigned long, unsigned long, unsigned long, unsigned long, unsigned long, unsigned long) const' [-Wframe-larger-than]
2026-10-09T15:50:13.6211023Z C/C++:   225 |   Status ProcessRow(const RowInfo& input_rows, const RowInfo& output_rows,
2026-10-09T15:50:13.6274802Z C/C++:       |          ^
2026-10-09T15:50:13.6313205Z C/C++: /home/runner/work/AN-Paint/AN-Paint/Paintroid/build/jxl-source/lib/jxl/render_pipeline/stage_epf.cc:416:10: warning: stack frame size (8696) exceeds limit (5632) in 'jxl::N_AVX2::EPF2Stage::ProcessRow(std::__ndk1::vector<std::__ndk1::vector<float*, std::__ndk1::allocator<float*>>, std::__ndk1::allocator<std::__ndk1::vector<float*, std::__ndk1::allocator<float*>>>> const&, std::__ndk1::vector<std::__ndk1::vector<float*, std::__ndk1::allocator<float*>>, std::__ndk1::allocator<std::__ndk1::vector<float*, std::__ndk1::allocator<float*>>>> const&, unsigned long, unsigned long, unsigned long, unsigned long, unsigned long, unsigned long) const' [-Wframe-larger-than]
2026-10-09T15:50:13.6370969Z C/C++:   416 |   Status ProcessRow(const RowInfo& input_rows, const RowInfo& output_rows,
2026-10-09T15:50:13.6400724Z C/C++:       |          ^
2026-10-09T15:50:13.6460788Z C/C++: 2 warnings generated.
2026-10-09T15:50:21.9124018Z C/C++: In file included from /home/runner/work/AN-Paint/AN-Paint/Paintroid/build/jxl-source/lib/jxl/render_pipeline/stage_write.cc:37:
2026-10-09T15:50:21.9181296Z C/C++: In file included from /home/runner/work/AN-Paint/AN-Paint/Paintroid/build/jxl-source/third_party/highway/hwy/foreach_target.h:83:
2026-10-09T15:50:21.9201052Z C/C++: In file included from /home/runner/work/AN-Paint/AN-Paint/Paintroid/build/jxl-source/lib/jxl/render_pipeline/stage_write.cc:38:
2026-10-09T15:50:21.9261070Z C/C++: In file included from /home/runner/work/AN-Paint/AN-Paint/Paintroid/build/jxl-source/third_party/highway/hwy/highway.h:605:
2026-10-09T15:50:21.9293164Z C/C++: /home/runner/work/AN-Paint/AN-Paint/Paintroid/build/jxl-source/third_party/highway/hwy/ops/generic_ops-inl.h:1570:14: warning: stack frame size (9272) exceeds limit (5632) in 'void hwy::N_SSE4::StoreInterleaved3<hwy::N_SSE4::Simd<unsigned short, 8ul, -1>, (void*)0, (void*)0>(decltype(Zero((hwy::N_SSE4::Simd<unsigned short, 8ul, -1>)())), decltype(Zero((hwy::N_SSE4::Simd<unsigned short, 8ul, -1>)())), decltype(Zero((hwy::N_SSE4::Simd<unsigned short, 8ul, -1>)())), hwy::N_SSE4::Simd<unsigned short, 8ul, -1>, hwy::N_SSE4::Simd<unsigned short, 8ul, -1>::T*)' [-Wframe-larger-than]
2026-10-09T15:50:21.9350855Z C/C++:  1570 | HWY_API void StoreInterleaved3(VFromD<D> part0, VFromD<D> part1,
2026-10-09T15:50:21.9380637Z C/C++:       |              ^
2026-10-09T15:50:21.9412198Z C/C++: /home/runner/work/AN-Paint/AN-Paint/Paintroid/build/jxl-source/third_party/highway/hwy/ops/generic_ops-inl.h:2807:19: warning: stack frame size (8536) exceeds limit (5632) in 'decltype(Zero((hwy::N_SSE4::Simd<hwy::float16_t, 8ul, -1>)())) hwy::N_SSE4::DemoteTo<hwy::N_SSE4::Simd<hwy::float16_t, 8ul, -1>, (void*)0>(hwy::N_SSE4::Simd<hwy::float16_t, 8ul, -1>, decltype(Zero((hwy::N_SSE4::Simd<hwy::float16_t, 8ul, -1>::Rebind<float>)())))' [-Wframe-larger-than]
2026-10-09T15:50:21.9470987Z C/C++:  2807 | HWY_API VFromD<D> DemoteTo(D df16, VFromD<Rebind<float, D>> v) {
2026-10-09T15:50:21.9500743Z C/C++:       |                   ^
2026-10-09T15:50:21.9561300Z C/C++: In file included from /home/runner/work/AN-Paint/AN-Paint/Paintroid/build/jxl-source/lib/jxl/render_pipeline/stage_write.cc:37:
2026-10-09T15:50:21.9591228Z C/C++: In file included from /home/runner/work/AN-Paint/AN-Paint/Paintroid/build/jxl-source/third_party/highway/hwy/foreach_target.h:94:
2026-10-09T15:50:21.9621197Z C/C++: In file included from /home/runner/work/AN-Paint/AN-Paint/Paintroid/build/jxl-source/lib/jxl/render_pipeline/stage_write.cc:38:
2026-10-09T15:50:21.9681245Z C/C++: In file included from /home/runner/work/AN-Paint/AN-Paint/Paintroid/build/jxl-source/third_party/highway/hwy/highway.h:605:
2026-10-09T15:50:21.9713097Z C/C++: /home/runner/work/AN-Paint/AN-Paint/Paintroid/build/jxl-source/third_party/highway/hwy/ops/generic_ops-inl.h:1522:14: warning: stack frame size (9096) exceeds limit (5632) in 'void hwy::N_AVX2::StoreInterleaved3<hwy::N_AVX2::Simd<unsigned char, 32ul, -2>, (void*)0, (void*)0>(decltype(Zero((hwy::N_AVX2::Simd<unsigned char, 32ul, -2>)())), decltype(Zero((hwy::N_AVX2::Simd<unsigned char, 32ul, -2>)())), decltype(Zero((hwy::N_AVX2::Simd<unsigned char, 32ul, -2>)())), hwy::N_AVX2::Simd<unsigned char, 32ul, -2>, hwy::N_AVX2::Simd<unsigned char, 32ul, -2>::T*)' [-Wframe-larger-than]
2026-10-09T15:50:21.9762713Z C/C++:  1522 | HWY_API void StoreInterleaved3(VFromD<D> part0, VFromD<D> part1,
2026-10-09T15:50:21.9790835Z C/C++:       |              ^
2026-10-09T15:50:21.9823169Z C/C++: /home/runner/work/AN-Paint/AN-Paint/Paintroid/build/jxl-source/third_party/highway/hwy/ops/generic_ops-inl.h:1432:14: warning: stack frame size (13192) exceeds limit (5632) in 'void hwy::N_AVX2::StoreInterleaved3<hwy::N_AVX2::Simd<unsigned short, 16ul, -1>, (void*)0, (void*)0>(decltype(Zero((hwy::N_AVX2::Simd<unsigned short, 16ul, -1>)())), decltype(Zero((hwy::N_AVX2::Simd<unsigned short, 16ul, -1>)())), decltype(Zero((hwy::N_AVX2::Simd<unsigned short, 16ul, -1>)())), hwy::N_AVX2::Simd<unsigned short, 16ul, -1>, hwy::N_AVX2::Simd<unsigned short, 16ul, -1>::T*)' [-Wframe-larger-than]
2026-10-09T15:50:21.9826108Z C/C++:  1432 | HWY_API void StoreInterleaved3(VFromD<D> v0, VFromD<D> v1, VFromD<D> v2, D d,
2026-10-09T15:50:21.9826730Z C/C++:       |              ^
2026-10-09T15:50:21.9829035Z C/C++: /home/runner/work/AN-Paint/AN-Paint/Paintroid/build/jxl-source/third_party/highway/hwy/ops/generic_ops-inl.h:1482:14: warning: stack frame size (8280) exceeds limit (5632) in 'void hwy::N_AVX2::StoreInterleaved3<hwy::N_AVX2::Simd<float, 8ul, 0>, (void*)0, (void*)0>(decltype(Zero((hwy::N_AVX2::Simd<float, 8ul, 0>)())), decltype(Zero((hwy::N_AVX2::Simd<float, 8ul, 0>)())), decltype(Zero((hwy::N_AVX2::Simd<float, 8ul, 0>)())), hwy::N_AVX2::Simd<float, 8ul, 0>, hwy::N_AVX2::Simd<float, 8ul, 0>::T*)' [-Wframe-larger-than]
2026-10-09T15:50:21.9891004Z C/C++:  1482 | HWY_API void StoreInterleaved3(VFromD<D> v0, VFromD<D> v1, VFromD<D> v2, D d,
2026-10-09T15:50:21.9921238Z C/C++:       |              ^
2026-10-09T15:50:21.9982923Z C/C++: /home/runner/work/AN-Paint/AN-Paint/Paintroid/build/jxl-source/third_party/highway/hwy/ops/generic_ops-inl.h:1734:14: warning: stack frame size (8376) exceeds limit (5632) in 'void hwy::N_AVX2::StoreInterleaved4<hwy::N_AVX2::Simd<float, 8ul, 0>, (void*)0, (void*)0>(decltype(Zero((hwy::N_AVX2::Simd<float, 8ul, 0>)())), decltype(Zero((hwy::N_AVX2::Simd<float, 8ul, 0>)())), decltype(Zero((hwy::N_AVX2::Simd<float, 8ul, 0>)())), decltype(Zero((hwy::N_AVX2::Simd<float, 8ul, 0>)())), hwy::N_AVX2::Simd<float, 8ul, 0>, hwy::N_AVX2::Simd<float, 8ul, 0>::T*)' [-Wframe-larger-than]
2026-10-09T15:50:22.0011055Z C/C++:  1734 | HWY_API void StoreInterleaved4(VFromD<D> v0, VFromD<D> v1, VFromD<D> v2,
2026-10-09T15:50:22.0044642Z C/C++:       |              ^
2026-10-09T15:50:22.0121284Z C/C++: In file included from /home/runner/work/AN-Paint/AN-Paint/Paintroid/build/jxl-source/lib/jxl/render_pipeline/stage_write.cc:38:
2026-10-09T15:50:22.0191456Z C/C++: In file included from /home/runner/work/AN-Paint/AN-Paint/Paintroid/build/jxl-source/third_party/highway/hwy/highway.h:605:
2026-10-09T15:50:22.0243109Z C/C++: /home/runner/work/AN-Paint/AN-Paint/Paintroid/build/jxl-source/third_party/highway/hwy/ops/generic_ops-inl.h:1637:14: warning: stack frame size (11880) exceeds limit (5632) in 'void hwy::N_SSE2::StoreInterleaved3<hwy::N_SSE2::Simd<unsigned char, 16ul, -2>, (void*)0, (void*)0, (void*)0>(decltype(Zero((hwy::N_SSE2::Simd<unsigned char, 16ul, -2>)())), decltype(Zero((hwy::N_SSE2::Simd<unsigned char, 16ul, -2>)())), decltype(Zero((hwy::N_SSE2::Simd<unsigned char, 16ul, -2>)())), hwy::N_SSE2::Simd<unsigned char, 16ul, -2>, hwy::N_SSE2::Simd<unsigned char, 16ul, -2>::T*)' [-Wframe-larger-than]
2026-10-09T15:50:22.0294328Z C/C++:  1637 | HWY_API void StoreInterleaved3(VFromD<D> part0, VFromD<D> part1,
2026-10-09T15:50:22.0340786Z C/C++:       |              ^
2026-10-09T15:50:22.0343528Z C/C++: /home/runner/work/AN-Paint/AN-Paint/Paintroid/build/jxl-source/third_party/highway/hwy/ops/generic_ops-inl.h:1570:14: warning: stack frame size (19928) exceeds limit (5632) in 'void hwy::N_SSE2::StoreInterleaved3<hwy::N_SSE2::Simd<unsigned short, 8ul, -1>, (void*)0, (void*)0>(decltype(Zero((hwy::N_SSE2::Simd<unsigned short, 8ul, -1>)())), decltype(Zero((hwy::N_SSE2::Simd<unsigned short, 8ul, -1>)())), decltype(Zero((hwy::N_SSE2::Simd<unsigned short, 8ul, -1>)())), hwy::N_SSE2::Simd<unsigned short, 8ul, -1>, hwy::N_SSE2::Simd<unsigned short, 8ul, -1>::T*)' [-Wframe-larger-than]
2026-10-09T15:50:22.0346370Z C/C++:  1570 | HWY_API void StoreInterleaved3(VFromD<D> part0, VFromD<D> part1,
2026-10-09T15:50:22.0346906Z C/C++:       |              ^
2026-10-09T15:50:22.0348992Z C/C++: /home/runner/work/AN-Paint/AN-Paint/Paintroid/build/jxl-source/third_party/highway/hwy/ops/generic_ops-inl.h:2807:19: warning: stack frame size (8424) exceeds limit (5632) in 'decltype(Zero((hwy::N_SSE2::Simd<hwy::float16_t, 8ul, -1>)())) hwy::N_SSE2::DemoteTo<hwy::N_SSE2::Simd<hwy::float16_t, 8ul, -1>, (void*)0>(hwy::N_SSE2::Simd<hwy::float16_t, 8ul, -1>, decltype(Zero((hwy::N_SSE2::Simd<hwy::float16_t, 8ul, -1>::Rebind<float>)())))' [-Wframe-larger-than]
2026-10-09T15:50:22.0351367Z C/C++:  2807 | HWY_API VFromD<D> DemoteTo(D df16, VFromD<Rebind<float, D>> v) {
2026-10-09T15:50:22.0351886Z C/C++:       |                   ^
2026-10-09T15:50:22.0352252Z C/C++: 9 warnings generated.
2026-10-09T15:50:23.4122039Z C/C++: In file included from /home/runner/work/AN-Paint/AN-Paint/Paintroid/build/jxl-source/lib/jxl/butteraugli/butteraugli.cc:45:
2026-10-09T15:50:23.4186936Z C/C++: In file included from /home/runner/work/AN-Paint/AN-Paint/Paintroid/build/jxl-source/third_party/highway/hwy/foreach_target.h:94:
2026-10-09T15:50:23.4232671Z C/C++: /home/runner/work/AN-Paint/AN-Paint/Paintroid/build/jxl-source/lib/jxl/butteraugli/butteraugli.cc:754:8: warning: stack frame size (7320) exceeds limit (5632) in 'decltype(Zero((hwy::N_AVX2::Simd<float, 8ul, 0>)())) jxl::N_AVX2::MaltaUnit<hwy::N_AVX2::Simd<float, 8ul, 0>>(jxl::MaltaTag, hwy::N_AVX2::Simd<float, 8ul, 0>, float const*, long)' [-Wframe-larger-than]
2026-10-09T15:50:23.4260947Z C/C++:   754 | Vec<D> MaltaUnit(MaltaTag /*tag*/, const D df,
2026-10-09T15:50:23.4291151Z C/C++:       |        ^
2026-10-09T15:50:23.4320771Z C/C++: 1 warning generated.
2026-10-09T15:50:32.5142155Z C/C++: In file included from /home/runner/work/AN-Paint/AN-Paint/Paintroid/build/jxl-source/lib/jxl/enc_convolve_separable5.cc:19:
2026-10-09T15:50:32.5163336Z C/C++: In file included from /home/runner/work/AN-Paint/AN-Paint/Paintroid/build/jxl-source/third_party/highway/hwy/foreach_target.h:83:
2026-10-09T15:50:32.5261831Z C/C++: /home/runner/work/AN-Paint/AN-Paint/Paintroid/build/jxl-source/lib/jxl/enc_convolve_separable5.cc:111:21: warning: stack frame size (9864) exceeds limit (5632) in 'void jxl::N_SSE4::Separable5Impl::ConvolveRow<0ul, true>(unsigned int)' [-Wframe-larger-than]
2026-10-09T15:50:32.5291214Z C/C++:   111 |   JXL_NOINLINE void ConvolveRow(const uint32_t y) {
2026-10-09T15:50:32.5310833Z C/C++:       |                     ^
2026-10-09T15:50:32.5318499Z C/C++: /home/runner/work/AN-Paint/AN-Paint/Paintroid/build/jxl-source/lib/jxl/enc_convolve_separable5.cc:111:21: warning: stack frame size (9576) exceeds limit (5632) in 'void jxl::N_SSE4::Separable5Impl::ConvolveRow<0ul, false>(unsigned int)' [-Wframe-larger-than]
2026-10-09T15:50:32.5351656Z C/C++: /home/runner/work/AN-Paint/AN-Paint/Paintroid/build/jxl-source/lib/jxl/enc_convolve_separable5.cc:111:21: warning: stack frame size (9800) exceeds limit (5632) in 'void jxl::N_SSE4::Separable5Impl::ConvolveRow<1ul, true>(unsigned int)' [-Wframe-larger-than]
2026-10-09T15:50:32.5381721Z C/C++: /home/runner/work/AN-Paint/AN-Paint/Paintroid/build/jxl-source/lib/jxl/enc_convolve_separable5.cc:111:21: warning: stack frame size (9512) exceeds limit (5632) in 'void jxl::N_SSE4::Separable5Impl::ConvolveRow<1ul, false>(unsigned int)' [-Wframe-larger-than]
2026-10-09T15:50:32.5411642Z C/C++: /home/runner/work/AN-Paint/AN-Paint/Paintroid/build/jxl-source/lib/jxl/enc_convolve_separable5.cc:111:21: warning: stack frame size (6440) exceeds limit (5632) in 'void jxl::N_SSE4::Separable5Impl::ConvolveRow<2ul, true>(unsigned int)' [-Wframe-larger-than]
2026-10-09T15:50:32.5413924Z C/C++: /home/runner/work/AN-Paint/AN-Paint/Paintroid/build/jxl-source/lib/jxl/enc_convolve_separable5.cc:111:21: warning: stack frame size (6152) exceeds limit (5632) in 'void jxl::N_SSE4::Separable5Impl::ConvolveRow<2ul, false>(unsigned int)' [-Wframe-larger-than]
2026-10-09T15:50:32.5441863Z C/C++: /home/runner/work/AN-Paint/AN-Paint/Paintroid/build/jxl-source/lib/jxl/enc_convolve_separable5.cc:111:21: warning: stack frame size (6440) exceeds limit (5632) in 'void jxl::N_SSE4::Separable5Impl::ConvolveRow<3ul, true>(unsigned int)' [-Wframe-larger-than]
2026-10-09T15:50:32.5465750Z C/C++: /home/runner/work/AN-Paint/AN-Paint/Paintroid/build/jxl-source/lib/jxl/enc_convolve_separable5.cc:111:21: warning: stack frame size (6152) exceeds limit (5632) in 'void jxl::N_SSE4::Separable5Impl::ConvolveRow<3ul, false>(unsigned int)' [-Wframe-larger-than]
2026-10-09T15:50:32.5492546Z C/C++: In file included from /home/runner/work/AN-Paint/AN-Paint/Paintroid/build/jxl-source/lib/jxl/enc_convolve_separable5.cc:19:
2026-10-09T15:50:32.5511085Z C/C++: In file included from /home/runner/work/AN-Paint/AN-Paint/Paintroid/build/jxl-source/third_party/highway/hwy/foreach_target.h:94:
2026-10-09T15:50:32.5519825Z C/C++: /home/runner/work/AN-Paint/AN-Paint/Paintroid/build/jxl-source/lib/jxl/enc_convolve_separable5.cc:111:21: warning: stack frame size (18232) exceeds limit (5632) in 'void jxl::N_AVX2::Separable5Impl::ConvolveRow<0ul, true>(unsigned int)' [-Wframe-larger-than]
2026-10-09T15:50:32.5560795Z C/C++:   111 |   JXL_NOINLINE void ConvolveRow(const uint32_t y) {
2026-10-09T15:50:32.5590674Z C/C++:       |                     ^
2026-10-09T15:50:32.5621244Z C/C++: /home/runner/work/AN-Paint/AN-Paint/Paintroid/build/jxl-source/lib/jxl/enc_convolve_separable5.cc:111:21: warning: stack frame size (17944) exceeds limit (5632) in 'void jxl::N_AVX2::Separable5Impl::ConvolveRow<0ul, false>(unsigned int)' [-Wframe-larger-than]
2026-10-09T15:50:32.5623776Z C/C++: /home/runner/work/AN-Paint/AN-Paint/Paintroid/build/jxl-source/lib/jxl/enc_convolve_separable5.cc:111:21: warning: stack frame size (18008) exceeds limit (5632) in 'void jxl::N_AVX2::Separable5Impl::ConvolveRow<1ul, true>(unsigned int)' [-Wframe-larger-than]
2026-10-09T15:50:32.5625813Z C/C++: /home/runner/work/AN-Paint/AN-Paint/Paintroid/build/jxl-source/lib/jxl/enc_convolve_separable5.cc:111:21: warning: stack frame size (17720) exceeds limit (5632) in 'void jxl::N_AVX2::Separable5Impl::ConvolveRow<1ul, false>(unsigned int)' [-Wframe-larger-than]
2026-10-09T15:50:32.5627903Z C/C++: /home/runner/work/AN-Paint/AN-Paint/Paintroid/build/jxl-source/lib/jxl/enc_convolve_separable5.cc:111:21: warning: stack frame size (11608) exceeds limit (5632) in 'void jxl::N_AVX2::Separable5Impl::ConvolveRow<2ul, true>(unsigned int)' [-Wframe-larger-than]
2026-10-09T15:50:32.5629995Z C/C++: /home/runner/work/AN-Paint/AN-Paint/Paintroid/build/jxl-source/lib/jxl/enc_convolve_separable5.cc:111:21: warning: stack frame size (11320) exceeds limit (5632) in 'void jxl::N_AVX2::Separable5Impl::ConvolveRow<2ul, false>(unsigned int)' [-Wframe-larger-than]
2026-10-09T15:50:32.5632205Z C/C++: /home/runner/work/AN-Paint/AN-Paint/Paintroid/build/jxl-source/lib/jxl/enc_convolve_separable5.cc:111:21: warning: stack frame size (11608) exceeds limit (5632) in 'void jxl::N_AVX2::Separable5Impl::ConvolveRow<3ul, true>(unsigned int)' [-Wframe-larger-than]
2026-10-09T15:50:32.5634308Z C/C++: /home/runner/work/AN-Paint/AN-Paint/Paintroid/build/jxl-source/lib/jxl/enc_convolve_separable5.cc:111:21: warning: stack frame size (11320) exceeds limit (5632) in 'void jxl::N_AVX2::Separable5Impl::ConvolveRow<3ul, false>(unsigned int)' [-Wframe-larger-than]
2026-10-09T15:50:32.5636341Z C/C++: /home/runner/work/AN-Paint/AN-Paint/Paintroid/build/jxl-source/lib/jxl/enc_convolve_separable5.cc:111:21: warning: stack frame size (9864) exceeds limit (5632) in 'void jxl::N_SSE2::Separable5Impl::ConvolveRow<0ul, true>(unsigned int)' [-Wframe-larger-than]
2026-10-09T15:50:32.5637617Z C/C++:   111 |   JXL_NOINLINE void ConvolveRow(const uint32_t y) {
2026-10-09T15:50:32.5638069Z C/C++:       |                     ^
2026-10-09T15:50:32.5639260Z C/C++: /home/runner/work/AN-Paint/AN-Paint/Paintroid/build/jxl-source/lib/jxl/enc_convolve_separable5.cc:111:21: warning: stack frame size (9576) exceeds limit (5632) in 'void jxl::N_SSE2::Separable5Impl::ConvolveRow<0ul, false>(unsigned int)' [-Wframe-larger-than]
2026-10-09T15:50:32.5641500Z C/C++: /home/runner/work/AN-Paint/AN-Paint/Paintroid/build/jxl-source/lib/jxl/enc_convolve_separable5.cc:111:21: warning: stack frame size (9800) exceeds limit (5632) in 'void jxl::N_SSE2::Separable5Impl::ConvolveRow<1ul, true>(unsigned int)' [-Wframe-larger-than]
2026-10-09T15:50:32.5643489Z C/C++: /home/runner/work/AN-Paint/AN-Paint/Paintroid/build/jxl-source/lib/jxl/enc_convolve_separable5.cc:111:21: warning: stack frame size (9512) exceeds limit (5632) in 'void jxl::N_SSE2::Separable5Impl::ConvolveRow<1ul, false>(unsigned int)' [-Wframe-larger-than]
2026-10-09T15:50:32.5645442Z C/C++: /home/runner/work/AN-Paint/AN-Paint/Paintroid/build/jxl-source/lib/jxl/enc_convolve_separable5.cc:111:21: warning: stack frame size (6424) exceeds limit (5632) in 'void jxl::N_SSE2::Separable5Impl::ConvolveRow<2ul, true>(unsigned int)' [-Wframe-larger-than]
2026-10-09T15:50:32.5647435Z C/C++: /home/runner/work/AN-Paint/AN-Paint/Paintroid/build/jxl-source/lib/jxl/enc_convolve_separable5.cc:111:21: warning: stack frame size (6136) exceeds limit (5632) in 'void jxl::N_SSE2::Separable5Impl::ConvolveRow<2ul, false>(unsigned int)' [-Wframe-larger-than]
2026-10-09T15:50:32.5649465Z C/C++: /home/runner/work/AN-Paint/AN-Paint/Paintroid/build/jxl-source/lib/jxl/enc_convolve_separable5.cc:111:21: warning: stack frame size (6424) exceeds limit (5632) in 'void jxl::N_SSE2::Separable5Impl::ConvolveRow<3ul, true>(unsigned int)' [-Wframe-larger-than]
2026-10-09T15:50:32.5712611Z C/C++: /home/runner/work/AN-Paint/AN-Paint/Paintroid/build/jxl-source/lib/jxl/enc_convolve_separable5.cc:111:21: warning: stack frame size (6136) exceeds limit (5632) in 'void jxl::N_SSE2::Separable5Impl::ConvolveRow<3ul, false>(unsigned int)' [-Wframe-larger-than]
2026-10-09T15:50:32.5713950Z C/C++: 24 warnings generated.
2026-10-09T15:50:41.1122115Z C/C++: In file included from /home/runner/work/AN-Paint/AN-Paint/Paintroid/build/jxl-source/lib/jxl/enc_modular_simd.cc:25:
2026-10-09T15:50:41.1141383Z C/C++: In file included from /home/runner/work/AN-Paint/AN-Paint/Paintroid/build/jxl-source/third_party/highway/hwy/foreach_target.h:94:
2026-10-09T15:50:41.1151799Z C/C++: /home/runner/work/AN-Paint/AN-Paint/Paintroid/build/jxl-source/lib/jxl/enc_modular_simd.cc:62:17: warning: stack frame size (8184) exceeds limit (5632) in 'jxl::N_AVX2::EstimateCost(jxl::Image const&)' [-Wframe-larger-than]
2026-10-09T15:50:41.1170966Z C/C++:    62 | StatusOr<float> EstimateCost(const Image& img) {
2026-10-09T15:50:41.1180881Z C/C++:       |                 ^
2026-10-09T15:50:41.1210831Z C/C++: 1 warning generated.
2026-10-09T15:52:07.3113263Z 
2026-10-09T15:52:07.3118812Z > Task :Paintroid:mergeDebugJniLibFolders
2026-10-09T15:52:07.3140822Z > Task :Paintroid:checkKotlinGradlePluginConfigurationErrors
2026-10-09T15:52:07.3154547Z > Task :Paintroid:generateDebugBuildConfig UP-TO-DATE
2026-10-09T15:52:07.3200775Z > Task :Paintroid:generateDebugResValues UP-TO-DATE
2026-10-09T15:52:07.3225471Z > Task :Paintroid:generateDebugResources UP-TO-DATE
2026-10-09T15:52:07.3230900Z > Task :Paintroid:packageDebugResources UP-TO-DATE
2026-10-09T15:52:07.4111660Z > Task :Paintroid:processDebugNavigationResources UP-TO-DATE
2026-10-09T15:52:07.4164881Z > Task :Paintroid:parseDebugLocalResources UP-TO-DATE
2026-10-09T15:52:07.4183681Z > Task :Paintroid:generateDebugRFile UP-TO-DATE
2026-10-09T15:52:07.7091782Z > Task :Paintroid:mergeDebugNativeLibs
2026-10-09T15:52:07.9122375Z > Task :Paintroid:compileDebugKotlin UP-TO-DATE
2026-10-09T15:52:08.1092656Z > Task :Paintroid:stripDebugDebugSymbols
2026-10-09T15:52:11.5096566Z > Task :Paintroid:extractDebugAnnotations
2026-10-09T15:52:11.5132259Z > Task :Paintroid:extractDeepLinksForAarDebug
2026-10-09T15:52:11.5180976Z > Task :Paintroid:mergeDebugShaders UP-TO-DATE
2026-10-09T15:52:11.5181744Z > Task :Paintroid:compileDebugShaders NO-SOURCE
2026-10-09T15:52:11.5182353Z > Task :Paintroid:generateDebugAssets UP-TO-DATE
2026-10-09T15:52:11.5182921Z > Task :Paintroid:mergeDebugAssets UP-TO-DATE
2026-10-09T15:52:11.5183500Z > Task :Paintroid:javaPreCompileDebug UP-TO-DATE
2026-10-09T15:52:11.5184175Z > Task :Paintroid:compileDebugJavaWithJavac UP-TO-DATE
2026-10-09T15:52:11.5184783Z > Task :Paintroid:mergeDebugGeneratedProguardFiles
2026-10-09T15:52:11.5185393Z > Task :Paintroid:mergeDebugConsumerProguardFiles
2026-10-09T15:52:11.5185957Z > Task :Paintroid:prepareDebugArtProfile
2026-10-09T15:52:11.6095054Z > Task :Paintroid:prepareLintJarForPublish
2026-10-09T15:52:11.6114617Z > Task :Paintroid:processDebugManifest UP-TO-DATE
2026-10-09T15:52:11.6121214Z > Task :Paintroid:copyDebugJniLibsProjectAndLocalJars
2026-10-09T15:52:11.6121948Z > Task :Paintroid:processDebugJavaRes UP-TO-DATE
2026-10-09T15:52:11.6122902Z > Task :Paintroid:writeDebugAarMetadata UP-TO-DATE
2026-10-09T15:52:11.6123550Z > Task :app:checkKotlinGradlePluginConfigurationErrors
2026-10-09T15:52:11.6124149Z > Task :app:preBuild UP-TO-DATE
2026-10-09T15:52:11.6124650Z > Task :app:preDebugBuild UP-TO-DATE
2026-10-09T15:52:11.6125187Z > Task :app:checkDebugAarMetadata
2026-10-09T15:52:11.7112143Z > Task :app:processDebugNavigationResources
2026-10-09T15:52:11.7131126Z > Task :Paintroid:mergeDebugJavaResource
2026-10-09T15:52:11.9121134Z > Task :Paintroid:syncDebugLibJars
2026-10-09T15:52:12.3092407Z > Task :Paintroid:bundleDebugLocalLintAar
2026-10-09T15:52:12.4099867Z > Task :app:compileDebugNavigationResources
2026-10-09T15:52:12.4132616Z > Task :app:generateDebugResValues
2026-10-09T15:52:12.5125487Z > Task :app:mapDebugSourceSetPaths
2026-10-09T15:52:12.5170933Z > Task :app:generateDebugResources
2026-10-09T15:52:14.6098839Z > Task :app:createDebugCompatibleScreenManifests
2026-10-09T15:52:14.6131099Z > Task :app:extractDeepLinksDebug
2026-10-09T15:52:14.6132168Z > Task :Paintroid:extractDeepLinksDebug UP-TO-DATE
2026-10-09T15:52:15.9107306Z 
2026-10-09T15:52:15.9161034Z > Task :app:processDebugMainManifest
2026-10-09T15:52:15.9191590Z [androidx.vectordrawable:vectordrawable-animated:1.0.0] /home/runner/.gradle/caches/8.13/transforms/4c0c74693644e94e33bc27c89cbf9cd0/transformed/vectordrawable-animated-1.0.0/AndroidManifest.xml Warning:
2026-10-09T15:52:15.9202728Z 	Namespace 'androidx.vectordrawable' is used in multiple modules and/or libraries: androidx.vectordrawable:vectordrawable-animated:1.0.0, androidx.vectordrawable:vectordrawable:1.0.0. Please ensure that all modules and libraries have a unique namespace. For more information, See https://developer.android.com/studio/build/configure-app-module#set-namespace
2026-10-09T15:52:15.9205014Z /home/runner/work/AN-Paint/AN-Paint/app/src/main/AndroidManifest.xml:24:5-53:19 Warning:
2026-10-09T15:52:15.9206132Z 	application@android:icon was tagged at AndroidManifest.xml:24 to replace other declarations but no other declaration present
2026-10-09T15:52:15.9207170Z /home/runner/work/AN-Paint/AN-Paint/app/src/main/AndroidManifest.xml:24:5-53:19 Warning:
2026-10-09T15:52:15.9208218Z 	application@android:roundIcon was tagged at AndroidManifest.xml:24 to replace other declarations but no other declaration present
2026-10-09T15:52:16.0091171Z 
2026-10-09T15:52:16.0094227Z > Task :app:processDebugManifest
2026-10-09T15:52:16.0094970Z > Task :app:mergeDebugResources
2026-10-09T15:52:16.0095635Z > Task :Paintroid:compileDebugLibraryResources UP-TO-DATE
2026-10-09T15:52:16.0096414Z > Task :Paintroid:bundleLibCompileToJarDebug UP-TO-DATE
2026-10-09T15:52:16.0097108Z > Task :app:processDebugManifestForPackage
2026-10-09T15:52:16.0097715Z > Task :app:javaPreCompileDebug
2026-10-09T15:52:16.1114840Z > Task :app:preDebugAndroidTestBuild SKIPPED
2026-10-09T15:52:16.1140902Z > Task :app:generateDebugAndroidTestResValues
2026-10-09T15:52:16.1170761Z > Task :Paintroid:bundleLibRuntimeToJarDebug UP-TO-DATE
2026-10-09T15:52:16.2093956Z > Task :Paintroid:createFullJarDebug
2026-10-09T15:52:16.2111111Z > Task :Paintroid:writeDebugLintModelMetadata
2026-10-09T15:52:16.2140941Z > Task :app:extractProguardFiles
2026-10-09T15:52:16.2160755Z > Task :Paintroid:extractProguardFiles
2026-10-09T15:52:17.1095965Z > Task :app:processDebugResources
2026-10-09T15:52:17.2093467Z > Task :Paintroid:generateDebugLintModel
2026-10-09T15:52:17.2121186Z > Task :app:compileDebugKotlin NO-SOURCE
2026-10-09T15:52:17.2122017Z > Task :app:compileDebugJavaWithJavac NO-SOURCE
2026-10-09T15:52:17.2122777Z > Task :app:bundleDebugClassesToCompileJar
2026-10-09T15:52:17.2123456Z > Task :app:generateDebugLintReportModel
2026-10-09T15:52:18.7092576Z > Task :app:generateDebugAndroidTestLintModel
2026-10-09T15:52:18.7095079Z > Task :app:preDebugUnitTestBuild UP-TO-DATE
2026-10-09T15:52:18.7095711Z > Task :app:generateDebugUnitTestLintModel
2026-10-09T15:52:40.0119533Z > Task :app:lintAnalyzeDebugAndroidTest
2026-10-09T15:52:40.3093931Z > Task :app:lintAnalyzeDebugUnitTest
2026-10-09T15:52:40.3099288Z > Task :Paintroid:preDebugAndroidTestBuild UP-TO-DATE
2026-10-09T15:52:40.3100022Z > Task :Paintroid:generateDebugAndroidTestResValues
2026-10-09T15:52:40.6094648Z > Task :Paintroid:generateDebugAndroidTestLintModel
2026-10-09T15:52:40.6096161Z > Task :Paintroid:preDebugUnitTestBuild UP-TO-DATE
2026-10-09T15:52:41.4101450Z > Task :Paintroid:generateDebugUnitTestLintModel
2026-10-09T15:52:48.7111409Z > Task :Paintroid:lintAnalyzeDebug
2026-10-09T15:52:49.3111650Z > Task :Paintroid:lintAnalyzeDebugAndroidTest
2026-10-09T15:53:19.3101479Z > Task :Paintroid:lintAnalyzeDebugUnitTest
2026-10-09T15:53:25.7094296Z > Task :app:lintAnalyzeDebug
2026-10-09T15:53:25.8092698Z > Task :app:lintReportDebug
2026-10-09T15:53:25.8095951Z > Task :app:lintDebug
2026-10-09T15:53:25.8097072Z 
2026-10-09T15:53:25.8097921Z [Incubating] Problems report is available at: file:///home/runner/work/AN-Paint/AN-Paint/build/reports/problems/problems-report.html
2026-10-09T15:53:25.8098891Z 
2026-10-09T15:53:25.8099465Z Deprecated Gradle features were used in this build, making it incompatible with Gradle 9.0.
2026-10-09T15:53:25.8100188Z 
2026-10-09T15:53:25.8101207Z You can use '--warning-mode all' to show the individual deprecation warnings and determine if they come from your own scripts or plugins.
2026-10-09T15:53:25.8102119Z 
2026-10-09T15:53:25.8102964Z For more on this, please refer to https://docs.gradle.org/8.13/userguide/command_line_interface.html#sec:command_line_warnings in the Gradle documentation.
2026-10-09T15:53:25.8103943Z 
2026-10-09T15:53:25.8104237Z BUILD SUCCESSFUL in 4m 4s
2026-10-09T15:53:25.8104774Z 77 actionable tasks: 57 executed, 20 up-to-date
2026-10-09T15:53:25.8662065Z 
2026-10-09T15:53:25.8675310Z See the profiling report at: file:///home/runner/work/AN-Paint/AN-Paint/build/reports/profile/profile-2026-10-09-15-49-23.html
2026-10-09T15:53:25.8676797Z A fine-grained performance profile is available: use the --scan option.
2026-10-09T15:53:26.1590493Z ##[group]Run actions/upload-artifact@043fb46d1a93c77aae656e7c1c64a875d1fc6a0a
2026-10-09T15:53:26.1590915Z with:
2026-10-09T15:53:26.1591122Z   archive: true
2026-10-09T15:53:26.1591444Z   name: regression-and-lint-f8ca8d865dcbd31f270610b4b80c2b10008a83ac
2026-10-09T15:53:26.1591830Z   retention-days: 14
2026-10-09T15:53:26.1592342Z   path: Paintroid/build/test-results/
Paintroid/build/reports/
app/build/reports/
build/reports/ci-phases/
build/reports/profile/

2026-10-09T15:53:26.1592884Z   if-no-files-found: warn
2026-10-09T15:53:26.1593145Z   compression-level: 6
2026-10-09T15:53:26.1593405Z   overwrite: false
2026-10-09T15:53:26.1593653Z   include-hidden-files: false
2026-10-09T15:53:26.1593912Z env:
2026-10-09T15:53:26.1594122Z   BUILD_VARIANT: debug
2026-10-09T15:53:26.1594402Z   JAVA_HOME: /usr/lib/jvm/temurin-17-jdk-amd64
2026-10-09T15:53:26.1594730Z ##[endgroup]
2026-10-09T15:53:26.6956675Z Uploads are case insensitive: /home/runner/work/AN-Paint/AN-Paint/Paintroid/build/reports/classic-preview/landscape-vertical-file-lzh-Hant.png was detected that it will be overwritten by another file with the same path
2026-10-09T15:53:26.6959286Z Uploads are case insensitive: /home/runner/work/AN-Paint/AN-Paint/Paintroid/build/reports/classic-preview/landscape-vertical-file-mn-Mong.png was detected that it will be overwritten by another file with the same path
2026-10-09T15:53:26.7015607Z Uploads are case insensitive: /home/runner/work/AN-Paint/AN-Paint/Paintroid/build/reports/classic-preview/vertical-file-en-XV.png was detected that it will be overwritten by another file with the same path
2026-10-09T15:53:26.7018066Z Uploads are case insensitive: /home/runner/work/AN-Paint/AN-Paint/Paintroid/build/reports/classic-preview/vertical-file-lzh-Hant.png was detected that it will be overwritten by another file with the same path
2026-10-09T15:53:26.7019879Z Uploads are case insensitive: /home/runner/work/AN-Paint/AN-Paint/Paintroid/build/reports/classic-preview/vertical-file-mn-Mong.png was detected that it will be overwritten by another file with the same path
2026-10-09T15:53:26.7022482Z Uploads are case insensitive: /home/runner/work/AN-Paint/AN-Paint/Paintroid/build/reports/classic-preview/vertical-file-mnc-Mong.png was detected that it will be overwritten by another file with the same path
2026-10-09T15:53:26.7025498Z Uploads are case insensitive: /home/runner/work/AN-Paint/AN-Paint/Paintroid/build/reports/classic-preview/vertical-file-qaa-Zsye-XV.png was detected that it will be overwritten by another file with the same path
2026-10-09T15:53:26.7481864Z Multiple search paths detected. Calculating the least common ancestor of all paths
2026-10-09T15:53:26.7484781Z The least common ancestor is /home/runner/work/AN-Paint/AN-Paint. This will be the root directory of the artifact
2026-10-09T15:53:26.7485630Z With the provided path, there will be 998 files uploaded
2026-10-09T15:53:26.7491719Z Artifact name is valid!
2026-10-09T15:53:26.7501042Z Root directory input is valid!
2026-10-09T15:53:26.9557136Z Uploading artifact: regression-and-lint-f8ca8d865dcbd31f270610b4b80c2b10008a83ac.zip
2026-10-09T15:53:26.9595630Z Beginning upload of artifact content to blob storage
2026-10-09T15:53:27.5933985Z Uploaded bytes 8388608
2026-10-09T15:53:27.9522595Z Uploaded bytes 16777216
2026-10-09T15:53:28.3152207Z Uploaded bytes 25165824
2026-10-09T15:53:28.5551554Z Uploaded bytes 30538257
2026-10-09T15:53:28.5713790Z Finished uploading artifact content to blob storage!
2026-10-09T15:53:28.5716884Z SHA256 digest of uploaded artifact is 9155483d253fd78803a7926f5d5e10c8c8f8b3e4b6913574f07922b9ca6bd815
2026-10-09T15:53:28.5718789Z Finalizing artifact upload
2026-10-09T15:53:28.8039338Z Artifact regression-and-lint-f8ca8d865dcbd31f270610b4b80c2b10008a83ac successfully finalized. Artifact ID 11626819539
2026-10-09T15:53:28.8041009Z Artifact regression-and-lint-f8ca8d865dcbd31f270610b4b80c2b10008a83ac has been successfully uploaded! Final size is 30538257 bytes. Artifact ID is 11626819539
2026-10-09T15:53:28.8045000Z Artifact download URL: https://github.com/c933103/AN-Paint/actions/runs/37953314026/artifacts/11626819539
2026-10-09T15:53:31.0334337Z Post job cleanup.
2026-10-09T15:53:31.1657858Z Cache hit occurred on the primary key android-deps-v1-Linux-3e89dbc8caa9f4c204ec67d5edbc4e22b75fcdfbf3a4bb344dfc355672ee7ee2-checks, not saving cache.
2026-10-09T15:53:31.1809726Z Post job cleanup.
2026-10-09T15:53:31.2725596Z [command]/usr/bin/git version
2026-10-09T15:53:31.2791383Z git version 2.55.0
2026-10-09T15:53:31.2830646Z Temporarily overriding HOME='/home/runner/work/_temp/2ec56eef-50c5-46ff-8ca4-b9b3acec1856' before making global git config changes
2026-10-09T15:53:31.2831963Z Adding repository directory to the temporary git global config as a safe directory
2026-10-09T15:53:31.2834524Z [command]/usr/bin/git config --global --add safe.directory /home/runner/work/AN-Paint/AN-Paint
2026-10-09T15:53:31.2874051Z Removing SSH command configuration
2026-10-09T15:53:31.2881678Z [command]/usr/bin/git config --local --name-only --get-regexp core\.sshCommand
2026-10-09T15:53:31.2924048Z [command]/usr/bin/git submodule foreach --recursive sh -c "git config --local --name-only --get-regexp 'core\.sshCommand' && git config --local --unset-all 'core.sshCommand' || :"
2026-10-09T15:53:31.3250595Z Removing HTTP extra header
2026-10-09T15:53:31.3258402Z [command]/usr/bin/git config --local --name-only --get-regexp http\.https\:\/\/github\.com\/\.extraheader
2026-10-09T15:53:31.3311317Z [command]/usr/bin/git submodule foreach --recursive sh -c "git config --local --name-only --get-regexp 'http\.https\:\/\/github\.com\/\.extraheader' && git config --local --unset-all 'http.https://github.com/.extraheader' || :"
2026-10-09T15:53:31.3727095Z Removing includeIf entries pointing to credentials config files
2026-10-09T15:53:31.3731486Z [command]/usr/bin/git config --local --name-only --get-regexp ^includeIf\.gitdir:
2026-10-09T15:53:31.3784706Z [command]/usr/bin/git submodule foreach --recursive git config --local --show-origin --name-only --get-regexp remote.origin.url
2026-10-09T15:53:31.4306674Z Cleaning up orphan processes

