2026-10-09T16:09:45.1848006Z Current runner version: '2.337.0'
2026-10-09T16:09:45.1882588Z ##[group]Runner Image Provisioner
2026-10-09T16:09:45.1883945Z Hosted Compute Agent
2026-10-09T16:09:45.1885155Z Version: 20261002.596
2026-10-09T16:09:45.1886375Z Commit: c3d12f3313a95f25162a1503be624f3b0617f8c0
2026-10-09T16:09:45.1887889Z Build Date: 2026-10-02T22:28:27Z
2026-10-09T16:09:45.1889645Z Worker ID: {12c39e41-aa18-4547-a4ac-73314e33c42f}
2026-10-09T16:09:45.1891038Z Region: centralus
2026-10-09T16:09:45.1892215Z Cloud: Azure
2026-10-09T16:09:45.1893256Z ##[endgroup]
2026-10-09T16:09:45.1895616Z ##[group]Operating System
2026-10-09T16:09:45.1896844Z Ubuntu
2026-10-09T16:09:45.1897949Z 22.04.5
2026-10-09T16:09:45.1899282Z LTS
2026-10-09T16:09:45.1900329Z ##[endgroup]
2026-10-09T16:09:45.1901570Z ##[group]Runner Image
2026-10-09T16:09:45.1902995Z Image: ubuntu-22.04
2026-10-09T16:09:45.1904052Z Version: 20261004.315.1
2026-10-09T16:09:45.1906512Z Included Software: https://github.com/actions/runner-images/blob/ubuntu22/20261004.315/images/ubuntu/Ubuntu2204-Readme.md
2026-10-09T16:09:45.1910109Z Image Release: https://github.com/actions/runner-images/releases/tag/ubuntu22%2F20261004.315
2026-10-09T16:09:45.1911981Z ##[endgroup]
2026-10-09T16:09:45.1914115Z ##[group]GITHUB_TOKEN Permissions
2026-10-09T16:09:45.1917155Z Contents: read
2026-10-09T16:09:45.1918638Z Metadata: read
2026-10-09T16:09:45.1919853Z ##[endgroup]
2026-10-09T16:09:45.1922797Z Secret source: Actions
2026-10-09T16:09:45.1924730Z Cache mode: write
2026-10-09T16:09:45.1926128Z Prepare workflow directory
2026-10-09T16:09:45.2601650Z Prepare all required actions
2026-10-09T16:09:45.2652349Z Getting action download info
2026-10-09T16:09:45.5276046Z Download action repository 'actions/checkout@3d3c42e5aac5ba805825da76410c181273ba90b1' (SHA:3d3c42e5aac5ba805825da76410c181273ba90b1)
2026-10-09T16:09:45.6288048Z Download action repository 'actions/cache@55cc8345863c7cc4c66a329aec7e433d2d1c52a9' (SHA:55cc8345863c7cc4c66a329aec7e433d2d1c52a9)
2026-10-09T16:09:45.7960380Z Download action repository 'actions/upload-artifact@043fb46d1a93c77aae656e7c1c64a875d1fc6a0a' (SHA:043fb46d1a93c77aae656e7c1c64a875d1fc6a0a)
2026-10-09T16:09:45.9715251Z Complete job name: Build APK and corresponding source
2026-10-09T16:09:46.0487274Z ##[group]Run actions/checkout@3d3c42e5aac5ba805825da76410c181273ba90b1
2026-10-09T16:09:46.0488550Z with:
2026-10-09T16:09:46.0489003Z   persist-credentials: false
2026-10-09T16:09:46.0489537Z   repository: c933103/AN-Paint
2026-10-09T16:09:46.0493211Z   token: ***
2026-10-09T16:09:46.0493643Z   ssh-strict: true
2026-10-09T16:09:46.0494079Z   ssh-user: git
2026-10-09T16:09:46.0494499Z   clean: true
2026-10-09T16:09:46.0494937Z   sparse-checkout-cone-mode: true
2026-10-09T16:09:46.0495445Z   fetch-depth: 1
2026-10-09T16:09:46.0495864Z   fetch-tags: false
2026-10-09T16:09:46.0496304Z   show-progress: true
2026-10-09T16:09:46.0496752Z   lfs: false
2026-10-09T16:09:46.0497164Z   submodules: false
2026-10-09T16:09:46.0497612Z   set-safe-directory: true
2026-10-09T16:09:46.0498140Z   allow-unsafe-pr-checkout: false
2026-10-09T16:09:46.0499113Z env:
2026-10-09T16:09:46.0499537Z   BUILD_VARIANT: debug
2026-10-09T16:09:46.0500012Z   CCACHE_MAXSIZE: 2G
2026-10-09T16:09:46.0500500Z   CCACHE_COMPILERCHECK: content
2026-10-09T16:09:46.0501011Z   CCACHE_SLOPPINESS: 
2026-10-09T16:09:46.0501459Z   CCACHE_NODEPEND: 1
2026-10-09T16:09:46.0501895Z   CCACHE_NODIRECT: 1
2026-10-09T16:09:46.0502348Z   CMAKE_C_COMPILER_LAUNCHER: ccache
2026-10-09T16:09:46.0502895Z   CMAKE_CXX_COMPILER_LAUNCHER: ccache
2026-10-09T16:09:46.0503413Z ##[endgroup]
2026-10-09T16:09:46.1590305Z Syncing repository: c933103/AN-Paint
2026-10-09T16:09:46.1592953Z ##[group]Getting Git version info
2026-10-09T16:09:46.1594091Z Working directory is '/home/runner/work/AN-Paint/AN-Paint'
2026-10-09T16:09:46.1595686Z [command]/usr/bin/git version
2026-10-09T16:09:46.1716666Z git version 2.55.0
2026-10-09T16:09:46.1750251Z ##[endgroup]
2026-10-09T16:09:46.1758971Z Temporarily overriding HOME='/home/runner/work/_temp/fadef4ef-a6e7-4fd1-8b30-b13b9149fc57' before making global git config changes
2026-10-09T16:09:46.1762381Z Adding repository directory to the temporary git global config as a safe directory
2026-10-09T16:09:46.1764951Z [command]/usr/bin/git config --global --add safe.directory /home/runner/work/AN-Paint/AN-Paint
2026-10-09T16:09:46.1807482Z Deleting the contents of '/home/runner/work/AN-Paint/AN-Paint'
2026-10-09T16:09:46.1811762Z ##[group]Determining repository object format
2026-10-09T16:09:46.1813503Z ##[endgroup]
2026-10-09T16:09:46.1814642Z ##[group]Initializing the repository
2026-10-09T16:09:46.1929674Z [command]/usr/bin/git init /home/runner/work/AN-Paint/AN-Paint
2026-10-09T16:09:46.1959882Z hint: Using 'master' as the name for the initial branch. This default branch name
2026-10-09T16:09:46.1979978Z hint: will change to "main" in Git 3.0. To configure the initial branch name
2026-10-09T16:09:46.1980997Z hint: to use in all of your new repositories, which will suppress this warning,
2026-10-09T16:09:46.1981746Z hint: call:
2026-10-09T16:09:46.1982168Z hint:
2026-10-09T16:09:46.1982690Z hint: 	git config --global init.defaultBranch <name>
2026-10-09T16:09:46.1983293Z hint:
2026-10-09T16:09:46.1983878Z hint: Names commonly chosen instead of 'master' are 'main', 'trunk' and
2026-10-09T16:09:46.1984811Z hint: 'development'. The just-created branch can be renamed via this command:
2026-10-09T16:09:46.1985540Z hint:
2026-10-09T16:09:46.1985961Z hint: 	git branch -m <name>
2026-10-09T16:09:46.1986432Z hint:
2026-10-09T16:09:46.1987061Z hint: Disable this message with "git config set advice.defaultBranchName false"
2026-10-09T16:09:46.1988261Z Initialized empty Git repository in /home/runner/work/AN-Paint/AN-Paint/.git/
2026-10-09T16:09:46.1991459Z [command]/usr/bin/git remote add origin https://github.com/c933103/AN-Paint
2026-10-09T16:09:46.2024217Z ##[endgroup]
2026-10-09T16:09:46.2025523Z ##[group]Disabling automatic garbage collection
2026-10-09T16:09:46.2029122Z [command]/usr/bin/git config --local gc.auto 0
2026-10-09T16:09:46.2074464Z ##[endgroup]
2026-10-09T16:09:46.2075719Z ##[group]Setting up auth
2026-10-09T16:09:46.2076703Z Removing SSH command configuration
2026-10-09T16:09:46.2103276Z [command]/usr/bin/git config --local --name-only --get-regexp core\.sshCommand
2026-10-09T16:09:46.2157503Z [command]/usr/bin/git submodule foreach --recursive sh -c "git config --local --name-only --get-regexp 'core\.sshCommand' && git config --local --unset-all 'core.sshCommand' || :"
2026-10-09T16:09:46.2621968Z Removing HTTP extra header
2026-10-09T16:09:46.2628581Z [command]/usr/bin/git config --local --name-only --get-regexp http\.https\:\/\/github\.com\/\.extraheader
2026-10-09T16:09:46.2674494Z [command]/usr/bin/git submodule foreach --recursive sh -c "git config --local --name-only --get-regexp 'http\.https\:\/\/github\.com\/\.extraheader' && git config --local --unset-all 'http.https://github.com/.extraheader' || :"
2026-10-09T16:09:46.3003007Z Removing includeIf entries pointing to credentials config files
2026-10-09T16:09:46.3009244Z [command]/usr/bin/git config --local --name-only --get-regexp ^includeIf\.gitdir:
2026-10-09T16:09:46.3060567Z [command]/usr/bin/git submodule foreach --recursive git config --local --show-origin --name-only --get-regexp remote.origin.url
2026-10-09T16:09:46.3334354Z [command]/usr/bin/git config --file /home/runner/work/_temp/git-credentials-14855528-2f1c-43bb-ad5e-451637ddd9b4.config http.https://github.com/.extraheader AUTHORIZATION: basic ***
2026-10-09T16:09:46.3382260Z [command]/usr/bin/git config --local includeIf.gitdir:/home/runner/work/AN-Paint/AN-Paint/.git.path /home/runner/work/_temp/git-credentials-14855528-2f1c-43bb-ad5e-451637ddd9b4.config
2026-10-09T16:09:46.3422558Z [command]/usr/bin/git config --local includeIf.gitdir:/home/runner/work/AN-Paint/AN-Paint/.git/worktrees/*.path /home/runner/work/_temp/git-credentials-14855528-2f1c-43bb-ad5e-451637ddd9b4.config
2026-10-09T16:09:46.3464329Z [command]/usr/bin/git config --local includeIf.gitdir:/github/workspace/.git.path /github/runner_temp/git-credentials-14855528-2f1c-43bb-ad5e-451637ddd9b4.config
2026-10-09T16:09:46.3506418Z [command]/usr/bin/git config --local includeIf.gitdir:/github/workspace/.git/worktrees/*.path /github/runner_temp/git-credentials-14855528-2f1c-43bb-ad5e-451637ddd9b4.config
2026-10-09T16:09:46.3542256Z ##[endgroup]
2026-10-09T16:09:46.3543026Z ##[group]Fetching the repository
2026-10-09T16:09:46.3549265Z [command]/usr/bin/git -c protocol.version=2 fetch --no-tags --prune --no-recurse-submodules --depth=1 origin +f5d2d3ac79864c5b91a502f24df93b62bdbe4718:refs/remotes/pull/32/merge
2026-10-09T16:09:47.7426959Z From https://github.com/c933103/AN-Paint
2026-10-09T16:09:47.7428881Z  * [new ref]         f5d2d3ac79864c5b91a502f24df93b62bdbe4718 -> pull/32/merge
2026-10-09T16:09:47.7457054Z ##[endgroup]
2026-10-09T16:09:47.7460873Z ##[group]Determining the checkout info
2026-10-09T16:09:47.7462634Z ##[endgroup]
2026-10-09T16:09:47.7463569Z [command]/usr/bin/git sparse-checkout disable
2026-10-09T16:09:47.7507177Z [command]/usr/bin/git config --local --unset-all extensions.worktreeConfig
2026-10-09T16:09:47.7556411Z ##[group]Checking out the ref
2026-10-09T16:09:47.7561000Z [command]/usr/bin/git checkout --progress --force refs/remotes/pull/32/merge
2026-10-09T16:09:47.9566059Z Note: switching to 'refs/remotes/pull/32/merge'.
2026-10-09T16:09:47.9567442Z 
2026-10-09T16:09:47.9568569Z You are in 'detached HEAD' state. You can look around, make experimental
2026-10-09T16:09:47.9570414Z changes and commit them, and you can discard any commits you make in this
2026-10-09T16:09:47.9572169Z state without impacting any branches by switching back to a branch.
2026-10-09T16:09:47.9573161Z 
2026-10-09T16:09:47.9573891Z If you want to create a new branch to retain commits you create, you may
2026-10-09T16:09:47.9575920Z do so (now or later) by using -c with the switch command. Example:
2026-10-09T16:09:47.9577245Z 
2026-10-09T16:09:47.9577865Z   git switch -c <new-branch-name>
2026-10-09T16:09:47.9579123Z 
2026-10-09T16:09:47.9579720Z Or undo this operation with:
2026-10-09T16:09:47.9580547Z 
2026-10-09T16:09:47.9581021Z   git switch -
2026-10-09T16:09:47.9581734Z 
2026-10-09T16:09:47.9583295Z Turn off this advice by setting config variable advice.detachedHead to false
2026-10-09T16:09:47.9584946Z 
2026-10-09T16:09:47.9586662Z HEAD is now at f5d2d3a Merge 29cbe495b79231df6c1c5e93928fb9821cb6b9e6 into 0b3d737e19448c47d36deee8cebfffd5d40c1ea3
2026-10-09T16:09:47.9592400Z ##[endgroup]
2026-10-09T16:09:47.9637511Z [command]/usr/bin/git log -1 --format=%H
2026-10-09T16:09:47.9672781Z f5d2d3ac79864c5b91a502f24df93b62bdbe4718
2026-10-09T16:09:47.9684741Z ##[group]Removing auth
2026-10-09T16:09:47.9685685Z Removing SSH command configuration
2026-10-09T16:09:47.9689114Z [command]/usr/bin/git config --local --name-only --get-regexp core\.sshCommand
2026-10-09T16:09:47.9733687Z [command]/usr/bin/git submodule foreach --recursive sh -c "git config --local --name-only --get-regexp 'core\.sshCommand' && git config --local --unset-all 'core.sshCommand' || :"
2026-10-09T16:09:48.0003007Z Removing HTTP extra header
2026-10-09T16:09:48.0006748Z [command]/usr/bin/git config --local --name-only --get-regexp http\.https\:\/\/github\.com\/\.extraheader
2026-10-09T16:09:48.0052400Z [command]/usr/bin/git submodule foreach --recursive sh -c "git config --local --name-only --get-regexp 'http\.https\:\/\/github\.com\/\.extraheader' && git config --local --unset-all 'http.https://github.com/.extraheader' || :"
2026-10-09T16:09:48.0315673Z Removing includeIf entries pointing to credentials config files
2026-10-09T16:09:48.0318854Z [command]/usr/bin/git config --local --name-only --get-regexp ^includeIf\.gitdir:
2026-10-09T16:09:48.0352728Z includeif.gitdir:/home/runner/work/AN-Paint/AN-Paint/.git.path
2026-10-09T16:09:48.0356245Z includeif.gitdir:/home/runner/work/AN-Paint/AN-Paint/.git/worktrees/*.path
2026-10-09T16:09:48.0359732Z includeif.gitdir:/github/workspace/.git.path
2026-10-09T16:09:48.0362616Z includeif.gitdir:/github/workspace/.git/worktrees/*.path
2026-10-09T16:09:48.0369970Z [command]/usr/bin/git config --local --get-all includeif.gitdir:/home/runner/work/AN-Paint/AN-Paint/.git.path
2026-10-09T16:09:48.0397686Z /home/runner/work/_temp/git-credentials-14855528-2f1c-43bb-ad5e-451637ddd9b4.config
2026-10-09T16:09:48.0408635Z [command]/usr/bin/git config --local --unset includeif.gitdir:/home/runner/work/AN-Paint/AN-Paint/.git.path \/home\/runner\/work\/_temp\/git\-credentials\-14855528\-2f1c\-43bb\-ad5e\-451637ddd9b4\.config
2026-10-09T16:09:48.0451014Z [command]/usr/bin/git config --local --get-all includeif.gitdir:/home/runner/work/AN-Paint/AN-Paint/.git/worktrees/*.path
2026-10-09T16:09:48.0480913Z /home/runner/work/_temp/git-credentials-14855528-2f1c-43bb-ad5e-451637ddd9b4.config
2026-10-09T16:09:48.0490570Z [command]/usr/bin/git config --local --unset includeif.gitdir:/home/runner/work/AN-Paint/AN-Paint/.git/worktrees/*.path \/home\/runner\/work\/_temp\/git\-credentials\-14855528\-2f1c\-43bb\-ad5e\-451637ddd9b4\.config
2026-10-09T16:09:48.0532236Z [command]/usr/bin/git config --local --get-all includeif.gitdir:/github/workspace/.git.path
2026-10-09T16:09:48.0562659Z /github/runner_temp/git-credentials-14855528-2f1c-43bb-ad5e-451637ddd9b4.config
2026-10-09T16:09:48.0571207Z [command]/usr/bin/git config --local --unset includeif.gitdir:/github/workspace/.git.path \/github\/runner_temp\/git\-credentials\-14855528\-2f1c\-43bb\-ad5e\-451637ddd9b4\.config
2026-10-09T16:09:48.0612763Z [command]/usr/bin/git config --local --get-all includeif.gitdir:/github/workspace/.git/worktrees/*.path
2026-10-09T16:09:48.0642993Z /github/runner_temp/git-credentials-14855528-2f1c-43bb-ad5e-451637ddd9b4.config
2026-10-09T16:09:48.0692759Z [command]/usr/bin/git config --local --unset includeif.gitdir:/github/workspace/.git/worktrees/*.path \/github\/runner_temp\/git\-credentials\-14855528\-2f1c\-43bb\-ad5e\-451637ddd9b4\.config
2026-10-09T16:09:48.0757515Z [command]/usr/bin/git submodule foreach --recursive git config --local --show-origin --name-only --get-regexp remote.origin.url
2026-10-09T16:09:48.1022309Z Removing credentials config '/home/runner/work/_temp/git-credentials-14855528-2f1c-43bb-ad5e-451637ddd9b4.config'
2026-10-09T16:09:48.1031273Z ##[endgroup]
2026-10-09T16:09:48.5757619Z ##[group]Run actions/cache@55cc8345863c7cc4c66a329aec7e433d2d1c52a9
2026-10-09T16:09:48.5758089Z with:
2026-10-09T16:09:48.5759211Z   path: ~/.gradle/caches/modules-2
~/.gradle/wrapper/dists
Paintroid/build/jxl-source
Paintroid/build/webp-source
Paintroid/build/heif-source
Paintroid/build/tiff-source

2026-10-09T16:09:48.5760309Z   key: android-deps-v1-Linux-3e89dbc8caa9f4c204ec67d5edbc4e22b75fcdfbf3a4bb344dfc355672ee7ee2-build
2026-10-09T16:09:48.5761159Z   restore-keys: android-deps-v1-Linux-3e89dbc8caa9f4c204ec67d5edbc4e22b75fcdfbf3a4bb344dfc355672ee7ee2-
2026-10-09T16:09:48.5761755Z   enableCrossOsArchive: false
2026-10-09T16:09:48.5762050Z   fail-on-cache-miss: false
2026-10-09T16:09:48.5762322Z   lookup-only: false
2026-10-09T16:09:48.5762574Z   save-always: false
2026-10-09T16:09:48.5762816Z env:
2026-10-09T16:09:48.5763058Z   BUILD_VARIANT: debug
2026-10-09T16:09:48.5763316Z   CCACHE_MAXSIZE: 2G
2026-10-09T16:09:48.5763570Z   CCACHE_COMPILERCHECK: content
2026-10-09T16:09:48.5763897Z   CCACHE_SLOPPINESS: 
2026-10-09T16:09:48.5764170Z   CCACHE_NODEPEND: 1
2026-10-09T16:09:48.5764423Z   CCACHE_NODIRECT: 1
2026-10-09T16:09:48.5764680Z   CMAKE_C_COMPILER_LAUNCHER: ccache
2026-10-09T16:09:48.5764994Z   CMAKE_CXX_COMPILER_LAUNCHER: ccache
2026-10-09T16:09:48.5765304Z ##[endgroup]
2026-10-09T16:09:48.8410307Z Cache hit for: android-deps-v1-Linux-3e89dbc8caa9f4c204ec67d5edbc4e22b75fcdfbf3a4bb344dfc355672ee7ee2-build
2026-10-09T16:09:49.9893234Z Received 104857600 of 485396570 (21.6%), 99.9 MBs/sec
2026-10-09T16:09:51.0664616Z Received 268435456 of 485396570 (55.3%), 123.3 MBs/sec
2026-10-09T16:09:52.0663773Z Received 415236096 of 485396570 (85.5%), 128.6 MBs/sec
2026-10-09T16:09:52.5545774Z Received 485396570 of 485396570 (100.0%), 129.8 MBs/sec
2026-10-09T16:09:52.5547513Z Cache Size: ~463 MB (485396570 B)
2026-10-09T16:09:52.5589510Z [command]/usr/bin/tar -xf /home/runner/work/_temp/da8b391e-616f-4aa1-893e-7056dfd9aa38/cache.tzst -P -C /home/runner/work/AN-Paint/AN-Paint --use-compress-program unzstd
2026-10-09T16:09:53.8833537Z Cache restored successfully
2026-10-09T16:09:53.9960557Z Cache restored from key: android-deps-v1-Linux-3e89dbc8caa9f4c204ec67d5edbc4e22b75fcdfbf3a4bb344dfc355672ee7ee2-build
2026-10-09T16:09:54.0289682Z ##[group]Run echo "CCACHE_DIR=$RUNNER_TEMP/anpaint-ccache" >> "$GITHUB_ENV"
2026-10-09T16:09:54.0290307Z [36;1mecho "CCACHE_DIR=$RUNNER_TEMP/anpaint-ccache" >> "$GITHUB_ENV"[0m
2026-10-09T16:09:54.0754816Z shell: /usr/bin/bash --noprofile --norc -e -o pipefail {0}
2026-10-09T16:09:54.0755239Z env:
2026-10-09T16:09:54.0755461Z   BUILD_VARIANT: debug
2026-10-09T16:09:54.0755722Z   CCACHE_MAXSIZE: 2G
2026-10-09T16:09:54.0756008Z   CCACHE_COMPILERCHECK: content
2026-10-09T16:09:54.0756291Z   CCACHE_SLOPPINESS: 
2026-10-09T16:09:54.0756532Z   CCACHE_NODEPEND: 1
2026-10-09T16:09:54.0756773Z   CCACHE_NODIRECT: 1
2026-10-09T16:09:54.0757041Z   CMAKE_C_COMPILER_LAUNCHER: ccache
2026-10-09T16:09:54.0757353Z   CMAKE_CXX_COMPILER_LAUNCHER: ccache
2026-10-09T16:09:54.0757656Z ##[endgroup]
2026-10-09T16:09:54.2904131Z ##[group]Run actions/cache@55cc8345863c7cc4c66a329aec7e433d2d1c52a9
2026-10-09T16:09:54.2904567Z with:
2026-10-09T16:09:54.2904809Z   path: /home/runner/work/_temp/anpaint-ccache
2026-10-09T16:09:54.2905696Z   key: native-ccache-v1-ubuntu22-4.5.1-1900042d713270d9be79884fed5090e06c758cf5a7dbb0dafff05a1471f66488-f6748c512abb37bc571029f4530f88f37ff4e2bf9f52af568a2d57f91e736130
2026-10-09T16:09:54.2906964Z   restore-keys: native-ccache-v1-ubuntu22-4.5.1-1900042d713270d9be79884fed5090e06c758cf5a7dbb0dafff05a1471f66488-
native-ccache-v1-ubuntu22-4.5.1-

2026-10-09T16:09:54.2907702Z   enableCrossOsArchive: false
2026-10-09T16:09:54.2907964Z   fail-on-cache-miss: false
2026-10-09T16:09:54.2908220Z   lookup-only: false
2026-10-09T16:09:54.2908745Z   save-always: false
2026-10-09T16:09:54.2909006Z env:
2026-10-09T16:09:54.2909227Z   BUILD_VARIANT: debug
2026-10-09T16:09:54.2909452Z   CCACHE_MAXSIZE: 2G
2026-10-09T16:09:54.2909670Z   CCACHE_COMPILERCHECK: content
2026-10-09T16:09:54.2909964Z   CCACHE_SLOPPINESS: 
2026-10-09T16:09:54.2910182Z   CCACHE_NODEPEND: 1
2026-10-09T16:09:54.2910383Z   CCACHE_NODIRECT: 1
2026-10-09T16:09:54.2910605Z   CMAKE_C_COMPILER_LAUNCHER: ccache
2026-10-09T16:09:54.2910877Z   CMAKE_CXX_COMPILER_LAUNCHER: ccache
2026-10-09T16:09:54.2911180Z   CCACHE_DIR: /home/runner/work/_temp/anpaint-ccache
2026-10-09T16:09:54.2911485Z ##[endgroup]
2026-10-09T16:09:54.5535864Z Cache hit for: native-ccache-v1-ubuntu22-4.5.1-1900042d713270d9be79884fed5090e06c758cf5a7dbb0dafff05a1471f66488-f6748c512abb37bc571029f4530f88f37ff4e2bf9f52af568a2d57f91e736130
2026-10-09T16:09:55.6962371Z Received 109051904 of 310079716 (35.2%), 103.9 MBs/sec
2026-10-09T16:09:56.7119982Z Received 268435456 of 310079716 (86.6%), 126.9 MBs/sec
2026-10-09T16:09:57.0780205Z Received 310079716 of 310079716 (100.0%), 124.1 MBs/sec
2026-10-09T16:09:57.0783054Z Cache Size: ~296 MB (310079716 B)
2026-10-09T16:09:57.0852600Z [command]/usr/bin/tar -xf /home/runner/work/_temp/f3043bd3-4fd5-4c36-a3ff-22ea27688921/cache.tzst -P -C /home/runner/work/AN-Paint/AN-Paint --use-compress-program unzstd
2026-10-09T16:09:57.8431626Z Cache restored successfully
2026-10-09T16:09:57.9209124Z Cache restored from key: native-ccache-v1-ubuntu22-4.5.1-1900042d713270d9be79884fed5090e06c758cf5a7dbb0dafff05a1471f66488-f6748c512abb37bc571029f4530f88f37ff4e2bf9f52af568a2d57f91e736130
2026-10-09T16:09:57.9452394Z ##[group]Run timeout --kill-after=5s 90s sudo apt-get install -y --no-install-recommends ccache=4.5.1-1
2026-10-09T16:09:57.9453169Z [36;1mtimeout --kill-after=5s 90s sudo apt-get install -y --no-install-recommends ccache=4.5.1-1[0m
2026-10-09T16:09:57.9453682Z [36;1mccache --version[0m
2026-10-09T16:09:57.9453930Z [36;1mccache --zero-stats[0m
2026-10-09T16:09:57.9528268Z shell: /usr/bin/bash --noprofile --norc -e -o pipefail {0}
2026-10-09T16:09:57.9528958Z env:
2026-10-09T16:09:57.9529149Z   BUILD_VARIANT: debug
2026-10-09T16:09:57.9529375Z   CCACHE_MAXSIZE: 2G
2026-10-09T16:09:57.9529600Z   CCACHE_COMPILERCHECK: content
2026-10-09T16:09:57.9529849Z   CCACHE_SLOPPINESS: 
2026-10-09T16:09:57.9530073Z   CCACHE_NODEPEND: 1
2026-10-09T16:09:57.9530282Z   CCACHE_NODIRECT: 1
2026-10-09T16:09:57.9530501Z   CMAKE_C_COMPILER_LAUNCHER: ccache
2026-10-09T16:09:57.9530782Z   CMAKE_CXX_COMPILER_LAUNCHER: ccache
2026-10-09T16:09:57.9531121Z   CCACHE_DIR: /home/runner/work/_temp/anpaint-ccache
2026-10-09T16:09:57.9531431Z ##[endgroup]
2026-10-09T16:10:02.6836596Z Reading package lists...
2026-10-09T16:10:02.9478081Z Building dependency tree...
2026-10-09T16:10:02.9494226Z Reading state information...
2026-10-09T16:10:03.1133508Z The following additional packages will be installed:
2026-10-09T16:10:03.1138571Z   libhiredis0.14
2026-10-09T16:10:03.1145860Z Suggested packages:
2026-10-09T16:10:03.1146486Z   distcc | icecc
2026-10-09T16:10:03.1363811Z The following NEW packages will be installed:
2026-10-09T16:10:03.1370456Z   ccache libhiredis0.14
2026-10-09T16:10:03.1624763Z 0 upgraded, 2 newly installed, 0 to remove and 8 not upgraded.
2026-10-09T16:10:03.1625494Z Need to get 528 kB of archives.
2026-10-09T16:10:03.1626113Z After this operation, 1469 kB of additional disk space will be used.
2026-10-09T16:10:03.1626684Z Get:1 file:/etc/apt/apt-mirrors.txt Mirrorlist [144 B]
2026-10-09T16:10:03.2231855Z Get:2 http://azure.archive.ubuntu.com/ubuntu jammy/universe amd64 libhiredis0.14 amd64 0.14.1-2 [32.8 kB]
2026-10-09T16:10:03.2592389Z Get:3 http://azure.archive.ubuntu.com/ubuntu jammy/universe amd64 ccache amd64 4.5.1-1 [495 kB]
2026-10-09T16:10:03.5947853Z Fetched 528 kB in 0s (4378 kB/s)
2026-10-09T16:10:03.6265269Z Selecting previously unselected package libhiredis0.14:amd64.
2026-10-09T16:10:03.6696430Z (Reading database ... 
2026-10-09T16:10:03.6696806Z (Reading database ... 5%
2026-10-09T16:10:03.6697148Z (Reading database ... 10%
2026-10-09T16:10:03.6697478Z (Reading database ... 15%
2026-10-09T16:10:03.6697835Z (Reading database ... 20%
2026-10-09T16:10:03.6698155Z (Reading database ... 25%
2026-10-09T16:10:03.6698820Z (Reading database ... 30%
2026-10-09T16:10:03.6699161Z (Reading database ... 35%
2026-10-09T16:10:03.6699488Z (Reading database ... 40%
2026-10-09T16:10:03.6699816Z (Reading database ... 45%
2026-10-09T16:10:03.6700250Z (Reading database ... 50%
2026-10-09T16:10:03.7472514Z (Reading database ... 55%
2026-10-09T16:10:03.9929586Z (Reading database ... 60%
2026-10-09T16:10:04.2417409Z (Reading database ... 65%
2026-10-09T16:10:04.4088791Z (Reading database ... 70%
2026-10-09T16:10:04.5535744Z (Reading database ... 75%
2026-10-09T16:10:04.7034171Z (Reading database ... 80%
2026-10-09T16:10:04.8777577Z (Reading database ... 85%
2026-10-09T16:10:05.0963483Z (Reading database ... 90%
2026-10-09T16:10:05.2571410Z (Reading database ... 95%
2026-10-09T16:10:05.2571990Z (Reading database ... 100%
2026-10-09T16:10:05.2572777Z (Reading database ... 261293 files and directories currently installed.)
2026-10-09T16:10:05.2627525Z Preparing to unpack .../libhiredis0.14_0.14.1-2_amd64.deb ...
2026-10-09T16:10:05.2711964Z Unpacking libhiredis0.14:amd64 (0.14.1-2) ...
2026-10-09T16:10:05.2953056Z Selecting previously unselected package ccache.
2026-10-09T16:10:05.3155443Z Preparing to unpack .../ccache_4.5.1-1_amd64.deb ...
2026-10-09T16:10:05.3163806Z Unpacking ccache (4.5.1-1) ...
2026-10-09T16:10:05.3804724Z Setting up libhiredis0.14:amd64 (0.14.1-2) ...
2026-10-09T16:10:05.3824293Z Setting up ccache (4.5.1-1) ...
2026-10-09T16:10:05.3846638Z Updating symlinks in /usr/lib/ccache ...
2026-10-09T16:10:05.3958660Z Processing triggers for libc-bin (2.35-0ubuntu3.15) ...
2026-10-09T16:10:05.4377178Z Processing triggers for man-db (2.10.2-1) ...
2026-10-09T16:10:05.4400985Z Not building database; man-db/auto-update is not 'true'.
2026-10-09T16:10:06.1990347Z 
2026-10-09T16:10:06.1991100Z Running kernel seems to be up-to-date.
2026-10-09T16:10:06.1991638Z 
2026-10-09T16:10:06.1992298Z No services need to be restarted.
2026-10-09T16:10:06.1992658Z 
2026-10-09T16:10:06.1992894Z No containers need to be restarted.
2026-10-09T16:10:06.1993308Z 
2026-10-09T16:10:06.1993561Z No user sessions are running outdated binaries.
2026-10-09T16:10:06.1994016Z 
2026-10-09T16:10:06.1994448Z No VM guests are running outdated hypervisor (qemu) binaries on this host.
2026-10-09T16:10:07.8769493Z ccache version 4.5.1
2026-10-09T16:10:07.8770052Z Features: file-storage http-storage redis-storage
2026-10-09T16:10:07.8770472Z 
2026-10-09T16:10:07.8770682Z Copyright (C) 2002-2007 Andrew Tridgell
2026-10-09T16:10:07.8771167Z Copyright (C) 2009-2021 Joel Rosdahl and other contributors
2026-10-09T16:10:07.8771435Z 
2026-10-09T16:10:07.8771722Z See <https://ccache.dev/credits.html> for a complete list of contributors.
2026-10-09T16:10:07.8772060Z 
2026-10-09T16:10:07.8772298Z This program is free software; you can redistribute it and/or modify it under
2026-10-09T16:10:07.8772835Z the terms of the GNU General Public License as published by the Free Software
2026-10-09T16:10:07.8773369Z Foundation; either version 3 of the License, or (at your option) any later
2026-10-09T16:10:07.8773784Z version.
2026-10-09T16:10:07.9611988Z Statistics zeroed
2026-10-09T16:10:07.9657722Z ##[group]Run bash tools/ci_prepare_build.sh
2026-10-09T16:10:07.9658111Z [36;1mbash tools/ci_prepare_build.sh[0m
2026-10-09T16:10:07.9729758Z shell: /usr/bin/bash --noprofile --norc -e -o pipefail {0}
2026-10-09T16:10:07.9730147Z env:
2026-10-09T16:10:07.9730362Z   BUILD_VARIANT: debug
2026-10-09T16:10:07.9730610Z   CCACHE_MAXSIZE: 2G
2026-10-09T16:10:07.9730885Z   CCACHE_COMPILERCHECK: content
2026-10-09T16:10:07.9731201Z   CCACHE_SLOPPINESS: 
2026-10-09T16:10:07.9731471Z   CCACHE_NODEPEND: 1
2026-10-09T16:10:07.9731736Z   CCACHE_NODIRECT: 1
2026-10-09T16:10:07.9732005Z   CMAKE_C_COMPILER_LAUNCHER: ccache
2026-10-09T16:10:07.9732350Z   CMAKE_CXX_COMPILER_LAUNCHER: ccache
2026-10-09T16:10:07.9732733Z   CCACHE_DIR: /home/runner/work/_temp/anpaint-ccache
2026-10-09T16:10:07.9733122Z ##[endgroup]
2026-10-09T16:10:13.2104752Z Loading package information...                                                  
2026-10-09T16:10:13.3085825Z Loading local repository...                                                     
2026-10-09T16:10:13.3091809Z [                                       ] 3% Loading local repository...        
2026-10-09T16:10:14.6698777Z [                                       ] 3% Fetch remote repository...         
2026-10-09T16:10:15.1858951Z [=                                      ] 3% Fetch remote repository...         
2026-10-09T16:10:15.2936780Z [=                                      ] 4% Fetch remote repository...         
2026-10-09T16:10:15.3450503Z [=                                      ] 5% Fetch remote repository...         
2026-10-09T16:10:15.3942666Z [==                                     ] 5% Fetch remote repository...         
2026-10-09T16:10:15.4887518Z [==                                     ] 6% Fetch remote repository...         
2026-10-09T16:10:15.6960130Z [==                                     ] 7% Fetch remote repository...         
2026-10-09T16:10:15.6989269Z [==                                     ] 7% Computing updates...               
2026-10-09T16:10:15.7068622Z [===                                    ] 8% Computing updates...               
2026-10-09T16:10:15.7376438Z [===                                    ] 10% Computing updates...              
2026-10-09T16:10:15.7973425Z [===                                    ] 10% Installing NDK (Side by side) 27.2
2026-10-09T16:10:15.9629698Z [===                                    ] 10% Downloading android-ndk-r27c-linux
2026-10-09T16:10:16.0789843Z [====                                   ] 10% Downloading android-ndk-r27c-linux
2026-10-09T16:10:16.2869368Z [====                                   ] 11% Downloading android-ndk-r27c-linux
2026-10-09T16:10:16.4865112Z [====                                   ] 12% Downloading android-ndk-r27c-linux
2026-10-09T16:10:16.6442360Z [=====                                  ] 13% Downloading android-ndk-r27c-linux
2026-10-09T16:10:16.8035373Z [=====                                  ] 14% Downloading android-ndk-r27c-linux
2026-10-09T16:10:16.9219203Z [=====                                  ] 15% Downloading android-ndk-r27c-linux
2026-10-09T16:10:17.0007695Z [======                                 ] 15% Downloading android-ndk-r27c-linux
2026-10-09T16:10:17.1609494Z [======                                 ] 16% Downloading android-ndk-r27c-linux
2026-10-09T16:10:17.3596761Z [======                                 ] 17% Downloading android-ndk-r27c-linux
2026-10-09T16:10:17.5184454Z [=======                                ] 18% Downloading android-ndk-r27c-linux
2026-10-09T16:10:17.7164454Z [=======                                ] 19% Downloading android-ndk-r27c-linux
2026-10-09T16:10:17.7950253Z [=======                                ] 20% Downloading android-ndk-r27c-linux
2026-10-09T16:10:17.8738926Z [========                               ] 20% Downloading android-ndk-r27c-linux
2026-10-09T16:10:18.0730035Z [========                               ] 21% Downloading android-ndk-r27c-linux
2026-10-09T16:10:18.2315380Z [========                               ] 22% Downloading android-ndk-r27c-linux
2026-10-09T16:10:18.3893125Z [=========                              ] 23% Downloading android-ndk-r27c-linux
2026-10-09T16:10:18.5866552Z [=========                              ] 24% Downloading android-ndk-r27c-linux
2026-10-09T16:10:18.6652119Z [=========                              ] 25% Downloading android-ndk-r27c-linux
2026-10-09T16:10:18.7447022Z [==========                             ] 25% Downloading android-ndk-r27c-linux
2026-10-09T16:10:18.9416750Z [==========                             ] 26% Downloading android-ndk-r27c-linux
2026-10-09T16:10:19.0986620Z [==========                             ] 27% Downloading android-ndk-r27c-linux
2026-10-09T16:10:19.2957021Z [===========                            ] 28% Downloading android-ndk-r27c-linux
2026-10-09T16:10:19.4532393Z [===========                            ] 29% Downloading android-ndk-r27c-linux
2026-10-09T16:10:19.5326517Z [===========                            ] 30% Downloading android-ndk-r27c-linux
2026-10-09T16:10:19.6504049Z [============                           ] 30% Downloading android-ndk-r27c-linux
2026-10-09T16:10:19.8089769Z [============                           ] 31% Downloading android-ndk-r27c-linux
2026-10-09T16:10:19.9669772Z [============                           ] 32% Downloading android-ndk-r27c-linux
2026-10-09T16:10:19.9673249Z [============                           ] 33% Downloading android-ndk-r27c-linux
2026-10-09T16:10:20.4814699Z [============                           ] 33% Unzipping...                      
2026-10-09T16:10:20.4815747Z [============                           ] 33% Unzipping... android-ndk-r27c/    
2026-10-09T16:10:20.4833377Z [============                           ] 33% Unzipping... android-ndk-r27c/READ
2026-10-09T16:10:20.4836682Z [=============                          ] 33% Unzipping... android-ndk-r27c/READ
2026-10-09T16:10:20.4862547Z [=============                          ] 33% Unzipping... android-ndk-r27c/meta
2026-10-09T16:10:20.6623028Z [=============                          ] 33% Unzipping... android-ndk-r27c/shad
2026-10-09T16:10:20.6643937Z [=============                          ] 33% Unzipping... android-ndk-r27c/ndk-
2026-10-09T16:10:20.6644981Z [=============                          ] 33% Unzipping... android-ndk-r27c/wrap
2026-10-09T16:10:20.6645962Z [=============                          ] 33% Unzipping... android-ndk-r27c/ndk-
2026-10-09T16:10:21.0925892Z [=============                          ] 33% Unzipping... android-ndk-r27c/tool
2026-10-09T16:10:21.6225966Z [=============                          ] 34% Unzipping... android-ndk-r27c/tool
2026-10-09T16:10:21.8729894Z [=============                          ] 35% Unzipping... android-ndk-r27c/tool
2026-10-09T16:10:22.0182877Z [==============                         ] 35% Unzipping... android-ndk-r27c/tool
2026-10-09T16:10:22.4507870Z [==============                         ] 36% Unzipping... android-ndk-r27c/tool
2026-10-09T16:10:22.9104623Z [==============                         ] 37% Unzipping... android-ndk-r27c/tool
2026-10-09T16:10:23.3457610Z [===============                        ] 38% Unzipping... android-ndk-r27c/tool
2026-10-09T16:10:23.8272140Z [===============                        ] 39% Unzipping... android-ndk-r27c/tool
2026-10-09T16:10:24.0283370Z [===============                        ] 40% Unzipping... android-ndk-r27c/tool
2026-10-09T16:10:24.2481853Z [================                       ] 40% Unzipping... android-ndk-r27c/tool
2026-10-09T16:10:24.7620911Z [================                       ] 41% Unzipping... android-ndk-r27c/tool
2026-10-09T16:10:25.9060004Z [================                       ] 42% Unzipping... android-ndk-r27c/tool
2026-10-09T16:10:28.7261677Z [=================                      ] 43% Unzipping... android-ndk-r27c/tool
2026-10-09T16:10:29.3115253Z [=================                      ] 44% Unzipping... android-ndk-r27c/tool
2026-10-09T16:10:29.8876904Z [=================                      ] 45% Unzipping... android-ndk-r27c/tool
2026-10-09T16:10:30.0866479Z [==================                     ] 45% Unzipping... android-ndk-r27c/tool
2026-10-09T16:10:30.4745518Z [==================                     ] 46% Unzipping... android-ndk-r27c/tool
2026-10-09T16:10:30.8949561Z [==================                     ] 47% Unzipping... android-ndk-r27c/tool
2026-10-09T16:10:31.3097104Z [===================                    ] 48% Unzipping... android-ndk-r27c/tool
2026-10-09T16:10:31.6812851Z [===================                    ] 49% Unzipping... android-ndk-r27c/tool
2026-10-09T16:10:31.8779856Z [===================                    ] 50% Unzipping... android-ndk-r27c/tool
2026-10-09T16:10:32.0854618Z [====================                   ] 50% Unzipping... android-ndk-r27c/tool
2026-10-09T16:10:32.4898993Z [====================                   ] 51% Unzipping... android-ndk-r27c/tool
2026-10-09T16:10:32.9306493Z [====================                   ] 52% Unzipping... android-ndk-r27c/tool
2026-10-09T16:10:33.3626373Z [=====================                  ] 53% Unzipping... android-ndk-r27c/tool
2026-10-09T16:10:33.6055377Z [=====================                  ] 54% Unzipping... android-ndk-r27c/tool
2026-10-09T16:10:33.6218185Z [=====================                  ] 54% Unzipping... android-ndk-r27c/buil
2026-10-09T16:10:33.8680937Z [=====================                  ] 54% Unzipping... android-ndk-r27c/sour
2026-10-09T16:10:33.8705021Z [=====================                  ] 54% Unzipping... android-ndk-r27c/NOTI
2026-10-09T16:10:33.8706556Z [=====================                  ] 54% Unzipping... android-ndk-r27c/ndk-
2026-10-09T16:10:33.8722539Z [=====================                  ] 54% Unzipping... android-ndk-r27c/NOTI
2026-10-09T16:10:33.8767049Z [=====================                  ] 54% Unzipping... android-ndk-r27c/pyth
2026-10-09T16:10:33.9206092Z [=====================                  ] 54% Unzipping... android-ndk-r27c/preb
2026-10-09T16:10:33.9209234Z [=====================                  ] 54% Unzipping... android-ndk-r27c/ndk-
2026-10-09T16:10:33.9211313Z [=====================                  ] 54% Unzipping... android-ndk-r27c/sour
2026-10-09T16:10:33.9800222Z [=====================                  ] 54% Unzipping... android-ndk-r27c/simp
2026-10-09T16:10:34.1289894Z [=====================                  ] 55% Unzipping... android-ndk-r27c/simp
2026-10-09T16:10:34.2736670Z [=====================                  ] 55% Unzipping... android-ndk-r27c/CHAN
2026-10-09T16:10:34.2737439Z [=======================================] 100% Unzipping... android-ndk-r27c/CHA
2026-10-09T16:10:34.7509652Z 
2026-10-09T16:10:35.5899731Z 
2026-10-09T16:10:35.5908080Z Welcome to Gradle 8.13!
2026-10-09T16:10:35.5911638Z 
2026-10-09T16:10:35.5912142Z Here are the highlights of this release:
2026-10-09T16:10:35.5915911Z  - Daemon JVM auto-provisioning
2026-10-09T16:10:35.5916523Z  - Enhancements for Scala plugin and JUnit testing
2026-10-09T16:10:35.5917194Z  - Improvements for build authors and plugin developers
2026-10-09T16:10:35.5917509Z 
2026-10-09T16:10:35.5917730Z For more details see https://docs.gradle.org/8.13/release-notes.html
2026-10-09T16:10:35.5918047Z 
2026-10-09T16:10:35.6890252Z To honour the JVM settings for this build a single-use Daemon process will be forked. For more on this, please refer to https://docs.gradle.org/8.13/userguide/gradle_daemon.html#sec:disabling_the_daemon in the Gradle documentation.
2026-10-09T16:10:37.1890141Z Daemon will be stopped at the end of the build 
2026-10-09T16:11:07.7896439Z > Task :app:writeDependencyInventory
2026-10-09T16:11:07.8918697Z 
2026-10-09T16:11:07.8949206Z [Incubating] Problems report is available at: file:///home/runner/work/AN-Paint/AN-Paint/build/reports/problems/problems-report.html
2026-10-09T16:11:07.8957003Z 
2026-10-09T16:11:07.8957743Z Deprecated Gradle features were used in this build, making it incompatible with Gradle 9.0.
2026-10-09T16:11:07.8958915Z 
2026-10-09T16:11:07.8960236Z You can use '--warning-mode all' to show the individual deprecation warnings and determine if they come from your own scripts or plugins.
2026-10-09T16:11:07.8961334Z 
2026-10-09T16:11:07.8962363Z For more on this, please refer to https://docs.gradle.org/8.13/userguide/command_line_interface.html#sec:command_line_warnings in the Gradle documentation.
2026-10-09T16:11:07.8963643Z 
2026-10-09T16:11:07.8964027Z BUILD SUCCESSFUL in 32s
2026-10-09T16:11:07.8964656Z 1 actionable task: 1 executed
2026-10-09T16:11:08.1003260Z Preserved Android NDK 27.2.12479018 LLVM runtime notices: 130424 bytes, SHA-256 f96f763beb66a7ba7a667647fc64c0226ace875e590c831fdd9579ec1c1d91e1
2026-10-09T16:11:08.1510338Z Preserved TIFF codec notices and source hashes.
2026-10-09T16:11:08.2381186Z Wrote /home/runner/work/AN-Paint/AN-Paint/Paintroid/src/main/assets/legal/THIRD_PARTY_NOTICES.txt: 35 resolved components, 0 packaged notices.
2026-10-09T16:11:08.5979103Z ##[group]Run ./gradlew --no-daemon --max-workers=2 --console=plain :app:assemble${BUILD_VARIANT^} -PciReleaseSigning
2026-10-09T16:11:08.5979969Z [36;1m./gradlew --no-daemon --max-workers=2 --console=plain :app:assemble${BUILD_VARIANT^} -PciReleaseSigning[0m
2026-10-09T16:11:08.6055690Z shell: /usr/bin/bash --noprofile --norc -e -o pipefail {0}
2026-10-09T16:11:08.6056106Z env:
2026-10-09T16:11:08.6056335Z   BUILD_VARIANT: debug
2026-10-09T16:11:08.6056604Z   CCACHE_MAXSIZE: 2G
2026-10-09T16:11:08.6056880Z   CCACHE_COMPILERCHECK: content
2026-10-09T16:11:08.6057190Z   CCACHE_SLOPPINESS: 
2026-10-09T16:11:08.6057459Z   CCACHE_NODEPEND: 1
2026-10-09T16:11:08.6057706Z   CCACHE_NODIRECT: 1
2026-10-09T16:11:08.6057967Z   CMAKE_C_COMPILER_LAUNCHER: ccache
2026-10-09T16:11:08.6058489Z   CMAKE_CXX_COMPILER_LAUNCHER: ccache
2026-10-09T16:11:08.6058861Z   CCACHE_DIR: /home/runner/work/_temp/anpaint-ccache
2026-10-09T16:11:08.6059291Z   JAVA_HOME: /usr/lib/jvm/temurin-17-jdk-amd64
2026-10-09T16:11:08.6059666Z ##[endgroup]
2026-10-09T16:11:09.3700346Z To honour the JVM settings for this build a single-use Daemon process will be forked. For more on this, please refer to https://docs.gradle.org/8.13/userguide/gradle_daemon.html#sec:disabling_the_daemon in the Gradle documentation.
2026-10-09T16:11:10.4686188Z Daemon will be stopped at the end of the build 
2026-10-09T16:11:23.7701870Z > Task :app:preBuild UP-TO-DATE
2026-10-09T16:11:23.7702686Z > Task :app:preDebugBuild UP-TO-DATE
2026-10-09T16:11:23.7703691Z > Task :app:mergeDebugNativeDebugMetadata NO-SOURCE
2026-10-09T16:11:23.7704686Z > Task :app:checkKotlinGradlePluginConfigurationErrors
2026-10-09T16:11:23.8686186Z > Task :Paintroid:fetchHeifSources
2026-10-09T16:11:23.9686300Z > Task :Paintroid:fetchJxlSources
2026-10-09T16:11:23.9687337Z > Task :Paintroid:fetchTiffSources
2026-10-09T16:11:24.0687322Z > Task :Paintroid:fetchWebpSources
2026-10-09T16:11:30.3715904Z > Task :Paintroid:bundleCorrespondingSource
2026-10-09T16:11:30.3729507Z > Task :Paintroid:preBuild
2026-10-09T16:11:30.3730376Z > Task :Paintroid:preDebugBuild
2026-10-09T16:11:30.4706177Z > Task :Paintroid:writeDebugAarMetadata
2026-10-09T16:11:30.4729151Z > Task :Paintroid:processDebugNavigationResources
2026-10-09T16:11:30.8688802Z > Task :app:checkDebugAarMetadata
2026-10-09T16:11:30.9713418Z > Task :app:processDebugNavigationResources
2026-10-09T16:11:31.0685930Z > Task :app:generateDebugResValues
2026-10-09T16:11:31.0690965Z > Task :Paintroid:generateDebugResValues
2026-10-09T16:11:31.0692006Z > Task :app:compileDebugNavigationResources
2026-10-09T16:11:31.0692916Z > Task :Paintroid:generateDebugResources
2026-10-09T16:11:33.0690159Z > Task :Paintroid:packageDebugResources
2026-10-09T16:11:33.1696650Z > Task :app:mapDebugSourceSetPaths
2026-10-09T16:11:33.1715177Z > Task :app:generateDebugResources
2026-10-09T16:11:36.4699472Z > Task :app:createDebugCompatibleScreenManifests
2026-10-09T16:11:36.4729217Z > Task :app:extractDeepLinksDebug
2026-10-09T16:11:36.4730078Z > Task :Paintroid:extractDeepLinksDebug
2026-10-09T16:11:36.5713128Z > Task :Paintroid:processDebugManifest
2026-10-09T16:11:36.8709681Z > Task :app:mergeDebugResources
2026-10-09T16:11:36.9718785Z 
2026-10-09T16:11:36.9790298Z > Task :app:processDebugMainManifest
2026-10-09T16:11:36.9820173Z [androidx.vectordrawable:vectordrawable-animated:1.0.0] /home/runner/.gradle/caches/8.13/transforms/4c0c74693644e94e33bc27c89cbf9cd0/transformed/vectordrawable-animated-1.0.0/AndroidManifest.xml Warning:
2026-10-09T16:11:36.9841337Z 	Namespace 'androidx.vectordrawable' is used in multiple modules and/or libraries: androidx.vectordrawable:vectordrawable-animated:1.0.0, androidx.vectordrawable:vectordrawable:1.0.0. Please ensure that all modules and libraries have a unique namespace. For more information, See https://developer.android.com/studio/build/configure-app-module#set-namespace
2026-10-09T16:11:36.9844258Z /home/runner/work/AN-Paint/AN-Paint/app/src/main/AndroidManifest.xml:24:5-53:19 Warning:
2026-10-09T16:11:36.9870025Z 	application@android:icon was tagged at AndroidManifest.xml:24 to replace other declarations but no other declaration present
2026-10-09T16:11:36.9899247Z /home/runner/work/AN-Paint/AN-Paint/app/src/main/AndroidManifest.xml:24:5-53:19 Warning:
2026-10-09T16:11:36.9923421Z 	application@android:roundIcon was tagged at AndroidManifest.xml:24 to replace other declarations but no other declaration present
2026-10-09T16:11:37.0703618Z 
2026-10-09T16:11:37.0739521Z > Task :app:processDebugManifest
2026-10-09T16:11:37.0769250Z > Task :app:processDebugManifestForPackage
2026-10-09T16:11:37.1699529Z > Task :Paintroid:compileDebugLibraryResources
2026-10-09T16:11:37.5687060Z > Task :Paintroid:checkKotlinGradlePluginConfigurationErrors
2026-10-09T16:11:37.5708190Z > Task :Paintroid:generateDebugBuildConfig
2026-10-09T16:11:37.5713056Z > Task :Paintroid:javaPreCompileDebug
2026-10-09T16:11:37.5713686Z > Task :app:javaPreCompileDebug
2026-10-09T16:11:37.6719458Z > Task :app:mergeDebugShaders
2026-10-09T16:11:37.6720399Z > Task :app:compileDebugShaders NO-SOURCE
2026-10-09T16:11:37.6748895Z > Task :app:generateDebugAssets UP-TO-DATE
2026-10-09T16:11:37.6776768Z > Task :Paintroid:mergeDebugShaders
2026-10-09T16:11:37.6779112Z > Task :Paintroid:compileDebugShaders NO-SOURCE
2026-10-09T16:11:37.6784319Z > Task :Paintroid:generateDebugAssets UP-TO-DATE
2026-10-09T16:11:37.7702779Z > Task :Paintroid:parseDebugLocalResources
2026-10-09T16:11:37.8685050Z > Task :Paintroid:mergeDebugAssets
2026-10-09T16:11:38.1684955Z > Task :Paintroid:generateDebugRFile
2026-10-09T16:11:38.2714382Z > Task :app:mergeDebugAssets
2026-10-09T16:11:39.8689547Z > Task :app:processDebugResources
2026-10-09T16:11:44.8728810Z > Task :app:compressDebugAssets
2026-10-09T16:11:47.2729446Z > Task :app:desugarDebugFileDependencies
2026-10-09T16:11:47.6699382Z > Task :app:checkDebugDuplicateClasses
2026-10-09T16:12:08.7688673Z > Task :Paintroid:compileDebugKotlin
2026-10-09T16:12:17.6699942Z > Task :app:mergeExtDexDebug
2026-10-09T16:12:33.4709596Z > Task :app:mergeDebugJniLibFolders
2026-10-09T16:12:39.7687715Z 
2026-10-09T16:12:39.7723057Z > Task :Paintroid:configureCMakeDebug[arm64-v8a]
2026-10-09T16:12:39.7769432Z C/C++: -- Compiler is not EMSCRIPTEN
2026-10-09T16:12:48.5685581Z C/C++: --- aom_configure: Detected CPU: generic
2026-10-09T16:12:48.5686344Z C/C++: Running C compiler test: pie_check
2026-10-09T16:12:48.6759808Z C/C++: CONFIG_PIC enabled for position independent executable (PIE) build
2026-10-09T16:12:48.6819536Z C/C++: Running C compiler test: unistd_check
2026-10-09T16:12:48.8684888Z C/C++: Running CXX compiler test: unistd_check
2026-10-09T16:12:49.3701768Z C/C++: Running C compiler test: fenv_check
2026-10-09T16:12:49.5709318Z C/C++: Checking C compiler flag support for: -std=c11
2026-10-09T16:12:49.6684604Z C/C++: Checking C++ compiler flag support for: -std=c++17
2026-10-09T16:12:49.8699647Z C/C++: Checking C compiler flag support for: -Wall
2026-10-09T16:12:50.0699241Z C/C++: Checking C++ compiler flag support for: -Wall
2026-10-09T16:12:50.2689450Z C/C++: Checking C compiler flag support for: -Wdisabled-optimization
2026-10-09T16:12:50.4692907Z C/C++: Checking C++ compiler flag support for: -Wdisabled-optimization
2026-10-09T16:12:50.6740028Z C/C++: Checking C compiler flag support for: -Wextra
2026-10-09T16:12:50.8684904Z C/C++: Checking C++ compiler flag support for: -Wextra
2026-10-09T16:12:51.0713581Z C/C++: Checking C compiler flag support for: -Wextra-semi
2026-10-09T16:12:51.1689452Z C/C++: Checking C++ compiler flag support for: -Wextra-semi
2026-10-09T16:12:51.3711039Z C/C++: Checking C compiler flag support for: -Wextra-semi-stmt
2026-10-09T16:12:51.5699623Z C/C++: Checking C++ compiler flag support for: -Wextra-semi-stmt
2026-10-09T16:12:51.7684884Z C/C++: Checking C compiler flag support for: -Wfloat-conversion
2026-10-09T16:12:51.9684601Z C/C++: Checking C++ compiler flag support for: -Wfloat-conversion
2026-10-09T16:12:52.1726535Z C/C++: Checking C compiler flag support for: -Wformat=2
2026-10-09T16:12:52.3685570Z C/C++: Checking C++ compiler flag support for: -Wformat=2
2026-10-09T16:12:52.5722770Z C/C++: Checking C compiler flag support for: -Wimplicit-function-declaration
2026-10-09T16:12:52.6696396Z C/C++: Checking C compiler flag support for: -Wlogical-op
2026-10-09T16:12:52.8709779Z C/C++: Checking C++ compiler flag support for: -Wlogical-op
2026-10-09T16:12:53.0684813Z C/C++: Checking C compiler flag support for: -Wmissing-declarations
2026-10-09T16:12:53.2723073Z C/C++: Checking C++ compiler flag support for: -Wmissing-declarations
2026-10-09T16:12:53.4689461Z C/C++: Checking C compiler flag support for: -Wmissing-prototypes
2026-10-09T16:12:53.5699744Z C/C++: Checking C++ compiler flag support for: -Wmissing-prototypes
2026-10-09T16:12:53.8719611Z C/C++: Checking C compiler flag support for: -Wpointer-arith
2026-10-09T16:12:54.0684942Z C/C++: Checking C++ compiler flag support for: -Wpointer-arith
2026-10-09T16:12:54.1684577Z C/C++: Checking C compiler flag support for: -Wshadow
2026-10-09T16:12:54.3714432Z C/C++: Checking C++ compiler flag support for: -Wshadow
2026-10-09T16:12:54.5691854Z C/C++: Checking C compiler flag support for: -Wshorten-64-to-32
2026-10-09T16:12:54.7693734Z C/C++: Checking C++ compiler flag support for: -Wshorten-64-to-32
2026-10-09T16:12:54.8692453Z C/C++: Checking C compiler flag support for: -Wsign-compare
2026-10-09T16:12:55.0709581Z C/C++: Checking C++ compiler flag support for: -Wsign-compare
2026-10-09T16:12:55.2739561Z C/C++: Checking C compiler flag support for: -Wstring-conversion
2026-10-09T16:12:55.4709432Z C/C++: Checking C++ compiler flag support for: -Wstring-conversion
2026-10-09T16:12:55.5709791Z C/C++: Checking C compiler flag support for: -Wtype-limits
2026-10-09T16:12:55.7699545Z C/C++: Checking C++ compiler flag support for: -Wtype-limits
2026-10-09T16:12:55.9719541Z C/C++: Checking C compiler flag support for: -Wundef
2026-10-09T16:12:56.1684801Z C/C++: Checking C++ compiler flag support for: -Wundef
2026-10-09T16:12:56.3700933Z C/C++: Checking C compiler flag support for: -Wuninitialized
2026-10-09T16:12:56.4684835Z C/C++: Checking C++ compiler flag support for: -Wuninitialized
2026-10-09T16:12:56.6684984Z C/C++: Checking C compiler flag support for: -Wunreachable-code-aggressive
2026-10-09T16:12:56.8709690Z C/C++: Checking C++ compiler flag support for: -Wunreachable-code-aggressive
2026-10-09T16:12:57.0699649Z C/C++: Checking C compiler flag support for: -Wunused
2026-10-09T16:12:57.2719645Z C/C++: Checking C++ compiler flag support for: -Wunused
2026-10-09T16:12:57.4684728Z C/C++: Checking C compiler flag support for: -Wvla
2026-10-09T16:12:57.5700394Z C/C++: Checking C++ compiler flag support for: -Wvla
2026-10-09T16:12:57.7684825Z C/C++: Checking C compiler flag support for: -Wc23-extensions
2026-10-09T16:12:57.9699538Z C/C++: Checking C++ compiler flag support for: -Wc++20-extensions
2026-10-09T16:12:58.1684844Z C/C++: Checking C++ compiler flag support for: -Wc++23-extensions
2026-10-09T16:12:58.3684539Z C/C++: Checking C compiler flag support for: -Wstack-usage=100000
2026-10-09T16:12:58.4689652Z C/C++: Checking C++ compiler flag support for: -Wstack-usage=240000
2026-10-09T16:12:58.7701014Z C/C++: Checking C compiler flag support for: -D_LARGEFILE_SOURCE
2026-10-09T16:12:58.8709615Z C/C++: Checking C++ compiler flag support for: -D_LARGEFILE_SOURCE
2026-10-09T16:12:59.0684765Z C/C++: Checking C compiler flag support for: -D_FILE_OFFSET_BITS=64
2026-10-09T16:12:59.2711845Z C/C++: Checking C++ compiler flag support for: -D_FILE_OFFSET_BITS=64
2026-10-09T16:12:59.4729674Z C/C++: Checking C compiler flag support for: -flax-vector-conversions=none
2026-10-09T16:12:59.5706758Z C/C++: Checking C++ compiler flag support for: -flax-vector-conversions=none
2026-10-09T16:13:00.8700042Z C/C++: === Summary of compiled codecs ===
2026-10-09T16:13:00.8711191Z C/C++: libde265 HEVC decoder                 : + built-in
2026-10-09T16:13:00.8712450Z C/C++: FFMPEG HEVC decoder (HW acc)          : - disabled
2026-10-09T16:13:00.8713442Z C/C++: WebCodecs HEVC decoder (experimental) : - disabled
2026-10-09T16:13:00.8716731Z C/C++: x265 HEVC encoder                     : - disabled
2026-10-09T16:13:00.8718135Z C/C++: Kvazaar HEVC encoder                  : + built-in
2026-10-09T16:13:00.8722910Z C/C++: AOM AV1 decoder                       : + built-in
2026-10-09T16:13:00.8723841Z C/C++: AOM AV1 encoder                       : + built-in
2026-10-09T16:13:00.8724775Z C/C++: Dav1d AV1 decoder                     : - disabled
2026-10-09T16:13:00.8725679Z C/C++: SVT AV1 encoder                       : - disabled
2026-10-09T16:13:00.8726571Z C/C++: Rav1e AV1 encoder                     : - disabled
2026-10-09T16:13:00.8727405Z C/C++: JPEG decoder                          : - disabled
2026-10-09T16:13:00.8728217Z C/C++: JPEG encoder                          : - disabled
2026-10-09T16:13:00.8729338Z C/C++: x264 AVC encoder                      : - disabled
2026-10-09T16:13:00.8730180Z C/C++: OpenH264 decoder                      : - disabled
2026-10-09T16:13:00.8731099Z C/C++: OpenJPEG J2K decoder                  : - disabled
2026-10-09T16:13:00.8732028Z C/C++: OpenJPEG J2K encoder                  : - disabled
2026-10-09T16:13:00.8732839Z C/C++: OpenJPH HT-J2K encoder                : - disabled
2026-10-09T16:13:00.8733634Z C/C++: uvg266 VVC encoder                    : - disabled
2026-10-09T16:13:00.8734529Z C/C++: vvenc VVC encoder                     : - disabled
2026-10-09T16:13:00.8735473Z C/C++: vvdec VVC decoder                     : - disabled
2026-10-09T16:13:00.8736237Z C/C++: === Supported formats ===
2026-10-09T16:13:00.8736923Z C/C++: format        decoding   encoding
2026-10-09T16:13:00.8737645Z C/C++: AVC             NO         NO 
2026-10-09T16:13:00.8738633Z C/C++: AVIF            YES        YES
2026-10-09T16:13:00.8739405Z C/C++: HEIC            YES        YES
2026-10-09T16:13:00.8740252Z C/C++: JPEG            NO         NO 
2026-10-09T16:13:00.8741002Z C/C++: JPEG2000        NO         NO 
2026-10-09T16:13:00.8742493Z C/C++: JPEG2000-HT     NO         NO 
2026-10-09T16:13:00.8743232Z C/C++: Uncompressed    NO         NO 
2026-10-09T16:13:00.8743981Z C/C++: VVC             NO         NO 
2026-10-09T16:13:00.8744698Z C/C++: libsharpyuv: disabled
2026-10-09T16:13:00.9692668Z C/C++: === Active input formats for heif-enc ===
2026-10-09T16:13:00.9720604Z C/C++: JPEG: ------ (libjpeg not found)
2026-10-09T16:13:00.9743610Z C/C++: PNG:  ------ (libpng not found)
2026-10-09T16:13:00.9769207Z C/C++: WEBP:  ------ (libwebp not found)
2026-10-09T16:13:00.9799084Z C/C++: TIFF: ------ (libtiff not found)
2026-10-09T16:13:00.9799905Z C/C++: Not compiling 'x265' backend
2026-10-09T16:13:00.9809329Z C/C++: Compiling 'libde265' as built-in backend
2026-10-09T16:13:00.9840921Z C/C++: Not compiling 'dav1d' backend
2026-10-09T16:13:00.9841923Z C/C++: Compiling 'aomdec' as built-in backend
2026-10-09T16:13:00.9842702Z C/C++: Compiling 'aomenc' as built-in backend
2026-10-09T16:13:00.9843433Z C/C++: Not compiling 'svtenc' backend
2026-10-09T16:13:00.9844122Z C/C++: Not compiling 'rav1e' backend
2026-10-09T16:13:00.9844777Z C/C++: Not compiling 'jpegdec' backend
2026-10-09T16:13:00.9845449Z C/C++: Not compiling 'jpegenc' backend
2026-10-09T16:13:00.9846109Z C/C++: Not compiling 'j2kdec' backend
2026-10-09T16:13:00.9846752Z C/C++: Not compiling 'j2kenc' backend
2026-10-09T16:13:00.9847427Z C/C++: Compiling 'kvazaar' as built-in backend
2026-10-09T16:13:00.9848125Z C/C++: Not compiling 'ffmpegdec' backend
2026-10-09T16:13:00.9849223Z C/C++: Not compiling 'jphenc' backend
2026-10-09T16:13:00.9849910Z C/C++: Not compiling 'uvg266' backend
2026-10-09T16:13:00.9850583Z C/C++: Not compiling 'vvdec' backend
2026-10-09T16:13:00.9851234Z C/C++: Not compiling 'vvenc' backend
2026-10-09T16:13:00.9851885Z C/C++: Not compiling 'x264' backend
2026-10-09T16:13:00.9852570Z C/C++: Not compiling 'openh264dec' backend
2026-10-09T16:13:00.9853267Z C/C++: Not compiling 'libsharpyuv'
2026-10-09T16:13:05.8697940Z 
2026-10-09T16:13:05.8719150Z > Task :Paintroid:compileDebugKotlin
2026-10-09T16:13:05.8730759Z w: file:///home/runner/work/AN-Paint/AN-Paint/Paintroid/src/main/java/org/catrobat/paintroid/classic/AssemblyRenderer.kt:141:23 Unnecessary non-null assertion (!!) on a non-null receiver of type Bitmap
2026-10-09T16:13:05.8733944Z w: file:///home/runner/work/AN-Paint/AN-Paint/Paintroid/src/main/java/org/catrobat/paintroid/classic/ClassicPaintActivity.kt:154:29 'getParcelableArrayList(String?): ArrayList<T!>?' is deprecated. Deprecated in Java
2026-10-09T16:13:05.8736802Z w: file:///home/runner/work/AN-Paint/AN-Paint/Paintroid/src/main/java/org/catrobat/paintroid/classic/ClassicPaintActivity.kt:260:61 'getParcelable(String?): T?' is deprecated. Deprecated in Java
2026-10-09T16:13:05.8739715Z w: file:///home/runner/work/AN-Paint/AN-Paint/Paintroid/src/main/java/org/catrobat/paintroid/classic/ClassicPaintActivity.kt:261:96 'getParcelable(String?): T?' is deprecated. Deprecated in Java
2026-10-09T16:13:05.8742451Z w: file:///home/runner/work/AN-Paint/AN-Paint/Paintroid/src/main/java/org/catrobat/paintroid/classic/ClassicPaintActivity.kt:1128:40 'getParcelableExtra(String!): T?' is deprecated. Deprecated in Java
2026-10-09T16:13:05.8745117Z w: file:///home/runner/work/AN-Paint/AN-Paint/Paintroid/src/main/java/org/catrobat/paintroid/classic/ClassicPaintActivity.kt:1205:39 Condition 'returnedSession!=null' is always 'true'
2026-10-09T16:13:05.8747708Z w: file:///home/runner/work/AN-Paint/AN-Paint/Paintroid/src/main/java/org/catrobat/paintroid/classic/ClassicPaintActivity.kt:1229:21 Unnecessary safe call on a non-null receiver of type Intent?
2026-10-09T16:13:05.8750558Z w: file:///home/runner/work/AN-Paint/AN-Paint/Paintroid/src/main/java/org/catrobat/paintroid/classic/ClassicPaintActivity.kt:1230:21 Unnecessary safe call on a non-null receiver of type Intent?
2026-10-09T16:13:05.8753252Z w: file:///home/runner/work/AN-Paint/AN-Paint/Paintroid/src/main/java/org/catrobat/paintroid/classic/ClassicPaintActivity.kt:1231:21 Unnecessary safe call on a non-null receiver of type Intent?
2026-10-09T16:13:05.8756320Z w: file:///home/runner/work/AN-Paint/AN-Paint/Paintroid/src/main/java/org/catrobat/paintroid/classic/ClassicPaintActivity.kt:1574:26 'setter for systemUiVisibility: Int' is deprecated. Deprecated in Java
2026-10-09T16:13:05.8759404Z w: file:///home/runner/work/AN-Paint/AN-Paint/Paintroid/src/main/java/org/catrobat/paintroid/classic/ClassicPaintActivity.kt:1574:65 'SYSTEM_UI_FLAG_FULLSCREEN: Int' is deprecated. Deprecated in Java
2026-10-09T16:13:05.8762166Z w: file:///home/runner/work/AN-Paint/AN-Paint/Paintroid/src/main/java/org/catrobat/paintroid/classic/ClassicPaintActivity.kt:1574:101 'SYSTEM_UI_FLAG_VISIBLE: Int' is deprecated. Deprecated in Java
2026-10-09T16:13:05.8765213Z w: file:///home/runner/work/AN-Paint/AN-Paint/Paintroid/src/main/java/org/catrobat/paintroid/classic/ColourStatusButton.kt:49:112 'scaledDensity: Float' is deprecated. Deprecated in Java
2026-10-09T16:13:05.8769002Z w: file:///home/runner/work/AN-Paint/AN-Paint/Paintroid/src/main/java/org/catrobat/paintroid/classic/LegalInfo.kt:130:26 This declaration overrides deprecated member but not marked as deprecated itself. Please add @Deprecated annotation or suppress. See https://youtrack.jetbrains.com/issue/KT-47902 for details
2026-10-09T16:13:05.8773413Z w: file:///home/runner/work/AN-Paint/AN-Paint/Paintroid/src/main/java/org/catrobat/paintroid/classic/MediaGalleryActivity.kt:164:30 This declaration overrides deprecated member but not marked as deprecated itself. Please add @Deprecated annotation or suppress. See https://youtrack.jetbrains.com/issue/KT-47902 for details
2026-10-09T16:13:05.8777049Z w: file:///home/runner/work/AN-Paint/AN-Paint/Paintroid/src/main/java/org/catrobat/paintroid/classic/MediaGalleryActivity.kt:377:102 'onBackPressed(): Unit' is deprecated. Deprecated in Java
2026-10-09T16:13:05.8779933Z w: file:///home/runner/work/AN-Paint/AN-Paint/Paintroid/src/main/java/org/catrobat/paintroid/classic/PaintCanvas.kt:578:113 'scaledDensity: Float' is deprecated. Deprecated in Java
2026-10-09T16:13:05.8782736Z w: file:///home/runner/work/AN-Paint/AN-Paint/Paintroid/src/main/java/org/catrobat/paintroid/classic/PaintCanvas.kt:584:113 'scaledDensity: Float' is deprecated. Deprecated in Java
2026-10-09T16:13:05.8785341Z w: file:///home/runner/work/AN-Paint/AN-Paint/Paintroid/src/main/java/org/catrobat/paintroid/classic/PaintCanvas.kt:815:143 'computeBounds(RectF, Boolean): Unit' is deprecated. Deprecated in Java
2026-10-09T16:13:05.8788133Z w: file:///home/runner/work/AN-Paint/AN-Paint/Paintroid/src/main/java/org/catrobat/paintroid/classic/RibbonWidgets.kt:40:15 'setColorFilter(Int, PorterDuff.Mode): Unit' is deprecated. Deprecated in Java
2026-10-09T16:13:12.4708984Z 
2026-10-09T16:13:12.4756962Z > Task :Paintroid:compileDebugJavaWithJavac
2026-10-09T16:13:12.5709697Z > Task :Paintroid:bundleLibRuntimeToJarDebug
2026-10-09T16:13:12.5728993Z > Task :Paintroid:bundleLibCompileToJarDebug
2026-10-09T16:13:12.5758890Z > Task :app:compileDebugKotlin NO-SOURCE
2026-10-09T16:13:12.5759451Z > Task :app:compileDebugJavaWithJavac NO-SOURCE
2026-10-09T16:13:12.9684254Z > Task :app:dexBuilderDebug
2026-10-09T16:13:12.9701375Z > Task :app:processDebugJavaRes NO-SOURCE
2026-10-09T16:13:13.0689618Z > Task :Paintroid:processDebugJavaRes
2026-10-09T16:13:13.6685352Z > Task :app:mergeDebugJavaResource
2026-10-09T16:13:13.7684324Z > Task :app:mergeProjectDexDebug
2026-10-09T16:13:20.1708910Z 
2026-10-09T16:13:20.1724780Z > Task :Paintroid:buildCMakeDebug[arm64-v8a][anpaint_heif,anpaint_jxl,etc]
2026-10-09T16:13:20.1756554Z C/C++: ninja: Entering directory `/home/runner/work/AN-Paint/AN-Paint/Paintroid/.cxx/Debug/68am3368/arm64-v8a'
2026-10-09T16:13:20.1799101Z C/C++: In file included from /home/runner/work/AN-Paint/AN-Paint/Paintroid/build/jxl-source/third_party/skcms/src/skcms_TransformBaseline.cc:47:
2026-10-09T16:13:20.1834236Z C/C++: /home/runner/work/AN-Paint/AN-Paint/Paintroid/build/jxl-source/third_party/skcms/src/Transform_inl.h:1199:1: warning: stack frame size (5872) exceeds limit (5632) in 'skcms_private::baseline::Exec_tf_rgb(skcms_private::baseline::StageList, void const**, char const*, char*, float vector[4], float vector[4], float vector[4], float vector[4], int)' [-Wframe-larger-than]
2026-10-09T16:13:20.1837356Z C/C++:  1199 | STAGE(tf_rgb, const skcms_TransferFunction* tf) {
2026-10-09T16:13:20.1859046Z C/C++:       | ^
2026-10-09T16:13:20.1890091Z C/C++: /home/runner/work/AN-Paint/AN-Paint/Paintroid/build/jxl-source/third_party/skcms/src/Transform_inl.h:818:9: note: expanded from macro 'STAGE'
2026-10-09T16:13:20.1919388Z C/C++:   818 |         DECLARE_STAGE(name, arg, [[clang::musttail]] return (*list.fn)(list, ctx, src, dst, \
2026-10-09T16:13:20.1920175Z C/C++:       |         ^
2026-10-09T16:13:20.1950019Z C/C++: /home/runner/work/AN-Paint/AN-Paint/Paintroid/build/jxl-source/third_party/skcms/src/Transform_inl.h:809:17: note: expanded from macro 'DECLARE_STAGE'
2026-10-09T16:13:20.1979358Z C/C++:   809 |         SI void Exec_##name(StageList list, const void** ctx, STAGE_PARAMS()) { \
2026-10-09T16:13:20.2008817Z C/C++:       |                 ^
2026-10-09T16:13:20.2020755Z C/C++: /home/runner/work/AN-Paint/AN-Paint/Paintroid/.cxx/Debug/68am3368/arm64-v8a/<scratch space>:113:1: note: expanded from here
2026-10-09T16:13:20.2038897Z C/C++:   113 | Exec_tf_rgb
2026-10-09T16:13:20.2039313Z C/C++:       | ^
2026-10-09T16:13:20.2040334Z C/C++: In file included from /home/runner/work/AN-Paint/AN-Paint/Paintroid/build/jxl-source/third_party/skcms/src/skcms_TransformBaseline.cc:47:
2026-10-09T16:13:20.2043539Z C/C++: /home/runner/work/AN-Paint/AN-Paint/Paintroid/build/jxl-source/third_party/skcms/src/Transform_inl.h:1210:1: warning: stack frame size (10816) exceeds limit (5632) in 'skcms_private::baseline::Exec_pq_rgb(skcms_private::baseline::StageList, void const**, char const*, char*, float vector[4], float vector[4], float vector[4], float vector[4], int)' [-Wframe-larger-than]
2026-10-09T16:13:20.2046170Z C/C++:  1210 | STAGE(pq_rgb, const skcms_TransferFunction* tf) {
2026-10-09T16:13:20.2046770Z C/C++:       | ^
2026-10-09T16:13:20.2048231Z C/C++: /home/runner/work/AN-Paint/AN-Paint/Paintroid/build/jxl-source/third_party/skcms/src/Transform_inl.h:818:9: note: expanded from macro 'STAGE'
2026-10-09T16:13:20.2050017Z C/C++:   818 |         DECLARE_STAGE(name, arg, [[clang::musttail]] return (*list.fn)(list, ctx, src, dst, \
2026-10-09T16:13:20.2050819Z C/C++:       |         ^
2026-10-09T16:13:20.2051954Z C/C++: /home/runner/work/AN-Paint/AN-Paint/Paintroid/build/jxl-source/third_party/skcms/src/Transform_inl.h:809:17: note: expanded from macro 'DECLARE_STAGE'
2026-10-09T16:13:20.2053430Z C/C++:   809 |         SI void Exec_##name(StageList list, const void** ctx, STAGE_PARAMS()) { \
2026-10-09T16:13:20.2054172Z C/C++:       |                 ^
2026-10-09T16:13:20.2055134Z C/C++: /home/runner/work/AN-Paint/AN-Paint/Paintroid/.cxx/Debug/68am3368/arm64-v8a/<scratch space>:148:1: note: expanded from here
2026-10-09T16:13:20.2056150Z C/C++:   148 | Exec_pq_rgb
2026-10-09T16:13:20.2056549Z C/C++:       | ^
2026-10-09T16:13:20.2057563Z C/C++: In file included from /home/runner/work/AN-Paint/AN-Paint/Paintroid/build/jxl-source/third_party/skcms/src/skcms_TransformBaseline.cc:47:
2026-10-09T16:13:20.2060939Z C/C++: /home/runner/work/AN-Paint/AN-Paint/Paintroid/build/jxl-source/third_party/skcms/src/Transform_inl.h:1221:1: warning: stack frame size (6976) exceeds limit (5632) in 'skcms_private::baseline::Exec_hlg_rgb(skcms_private::baseline::StageList, void const**, char const*, char*, float vector[4], float vector[4], float vector[4], float vector[4], int)' [-Wframe-larger-than]
2026-10-09T16:13:20.2063515Z C/C++:  1221 | STAGE(hlg_rgb, const skcms_TransferFunction* tf) {
2026-10-09T16:13:20.2064115Z C/C++:       | ^
2026-10-09T16:13:20.2065147Z C/C++: /home/runner/work/AN-Paint/AN-Paint/Paintroid/build/jxl-source/third_party/skcms/src/Transform_inl.h:818:9: note: expanded from macro 'STAGE'
2026-10-09T16:13:20.2066624Z C/C++:   818 |         DECLARE_STAGE(name, arg, [[clang::musttail]] return (*list.fn)(list, ctx, src, dst, \
2026-10-09T16:13:20.2067716Z C/C++:       |         ^
2026-10-09T16:13:20.2099261Z C/C++: /home/runner/work/AN-Paint/AN-Paint/Paintroid/build/jxl-source/third_party/skcms/src/Transform_inl.h:809:17: note: expanded from macro 'DECLARE_STAGE'
2026-10-09T16:13:20.2100837Z C/C++:   809 |         SI void Exec_##name(StageList list, const void** ctx, STAGE_PARAMS()) { \
2026-10-09T16:13:20.2101579Z C/C++:       |                 ^
2026-10-09T16:13:20.2102562Z C/C++: /home/runner/work/AN-Paint/AN-Paint/Paintroid/.cxx/Debug/68am3368/arm64-v8a/<scratch space>:183:1: note: expanded from here
2026-10-09T16:13:20.2103583Z C/C++:   183 | Exec_hlg_rgb
2026-10-09T16:13:20.2103982Z C/C++:       | ^
2026-10-09T16:13:20.2104991Z C/C++: In file included from /home/runner/work/AN-Paint/AN-Paint/Paintroid/build/jxl-source/third_party/skcms/src/skcms_TransformBaseline.cc:47:
2026-10-09T16:13:20.2108117Z C/C++: /home/runner/work/AN-Paint/AN-Paint/Paintroid/build/jxl-source/third_party/skcms/src/Transform_inl.h:1253:1: warning: stack frame size (6544) exceeds limit (5632) in 'skcms_private::baseline::Exec_hlginv_rgb(skcms_private::baseline::StageList, void const**, char const*, char*, float vector[4], float vector[4], float vector[4], float vector[4], int)' [-Wframe-larger-than]
2026-10-09T16:13:20.2111025Z C/C++:  1253 | STAGE(hlginv_rgb, const skcms_TransferFunction* tf) {
2026-10-09T16:13:20.2111633Z C/C++:       | ^
2026-10-09T16:13:20.2112667Z C/C++: /home/runner/work/AN-Paint/AN-Paint/Paintroid/build/jxl-source/third_party/skcms/src/Transform_inl.h:818:9: note: expanded from macro 'STAGE'
2026-10-09T16:13:20.2114137Z C/C++:   818 |         DECLARE_STAGE(name, arg, [[clang::musttail]] return (*list.fn)(list, ctx, src, dst, \
2026-10-09T16:13:20.2114928Z C/C++:       |         ^
2026-10-09T16:13:20.2116029Z C/C++: /home/runner/work/AN-Paint/AN-Paint/Paintroid/build/jxl-source/third_party/skcms/src/Transform_inl.h:809:17: note: expanded from macro 'DECLARE_STAGE'
2026-10-09T16:13:20.2117494Z C/C++:   809 |         SI void Exec_##name(StageList list, const void** ctx, STAGE_PARAMS()) { \
2026-10-09T16:13:20.2118733Z C/C++:       |                 ^
2026-10-09T16:13:20.2119754Z C/C++: /home/runner/work/AN-Paint/AN-Paint/Paintroid/.cxx/Debug/68am3368/arm64-v8a/<scratch space>:225:1: note: expanded from here
2026-10-09T16:13:20.2141016Z C/C++:   225 | Exec_hlginv_rgb
2026-10-09T16:13:20.2141462Z C/C++:       | ^
2026-10-09T16:13:20.2141833Z C/C++: 4 warnings generated.
2026-10-09T16:13:22.5699846Z C/C++: In file included from /home/runner/work/AN-Paint/AN-Paint/Paintroid/build/jxl-source/lib/jxl/compressed_dc.cc:22:
2026-10-09T16:13:22.5759759Z C/C++: In file included from /home/runner/work/AN-Paint/AN-Paint/Paintroid/build/jxl-source/third_party/highway/hwy/foreach_target.h:163:
2026-10-09T16:13:22.5763195Z C/C++: /home/runner/work/AN-Paint/AN-Paint/Paintroid/build/jxl-source/lib/jxl/compressed_dc.cc:149:22: warning: stack frame size (8048) exceeds limit (5632) in 'jxl::N_NEON::AdaptiveDCSmoothing(JxlMemoryManagerStruct*, float const*, jxl::Image3<float>*, jxl::ThreadPool*)::$_0::operator()(unsigned int, unsigned long) const' [-Wframe-larger-than]
2026-10-09T16:13:22.5869544Z C/C++:   149 |   auto process_row = [&](const uint32_t y, size_t /*thread*/) -> Status {
2026-10-09T16:13:22.5899394Z C/C++:       |                      ^
2026-10-09T16:13:22.5999856Z C/C++: In file included from /home/runner/work/AN-Paint/AN-Paint/Paintroid/build/jxl-source/lib/jxl/compressed_dc.cc:22:
2026-10-09T16:13:22.6039641Z C/C++: In file included from /home/runner/work/AN-Paint/AN-Paint/Paintroid/build/jxl-source/third_party/highway/hwy/foreach_target.h:174:
2026-10-09T16:13:22.6080776Z C/C++: /home/runner/work/AN-Paint/AN-Paint/Paintroid/build/jxl-source/lib/jxl/compressed_dc.cc:149:22: warning: stack frame size (8048) exceeds limit (5632) in 'jxl::N_NEON_BF16::AdaptiveDCSmoothing(JxlMemoryManagerStruct*, float const*, jxl::Image3<float>*, jxl::ThreadPool*)::$_0::operator()(unsigned int, unsigned long) const' [-Wframe-larger-than]
2026-10-09T16:13:22.6199174Z C/C++:   149 |   auto process_row = [&](const uint32_t y, size_t /*thread*/) -> Status {
2026-10-09T16:13:22.6258859Z C/C++:       |                      ^
2026-10-09T16:13:22.6280919Z C/C++: /home/runner/work/AN-Paint/AN-Paint/Paintroid/build/jxl-source/lib/jxl/compressed_dc.cc:149:22: warning: stack frame size (8048) exceeds limit (5632) in 'jxl::N_NEON_WITHOUT_AES::AdaptiveDCSmoothing(JxlMemoryManagerStruct*, float const*, jxl::Image3<float>*, jxl::ThreadPool*)::$_0::operator()(unsigned int, unsigned long) const' [-Wframe-larger-than]
2026-10-09T16:13:22.6369351Z C/C++:   149 |   auto process_row = [&](const uint32_t y, size_t /*thread*/) -> Status {
2026-10-09T16:13:22.6416114Z C/C++:       |                      ^
2026-10-09T16:13:22.6488950Z C/C++: 3 warnings generated.
2026-10-09T16:13:26.7687426Z C/C++: /home/runner/work/AN-Paint/AN-Paint/Paintroid/build/jxl-source/lib/jxl/modular/encoding/encoding.cc:149:8: warning: stack frame size (8096) exceeds limit (5632) in 'jxl::Status jxl::detail::DecodeModularChannelMAANS<true>(jxl::BitReader*, jxl::ANSSymbolReader*, std::__ndk1::vector<unsigned char, std::__ndk1::allocator<unsigned char>> const&, std::__ndk1::vector<jxl::PropertyDecisionNode, std::__ndk1::allocator<jxl::PropertyDecisionNode>> const&, jxl::weighted::Header const&, int, unsigned long, jxl::TreeLut<unsigned char, false, false>&, jxl::Image*, unsigned int&, unsigned int&)' [-Wframe-larger-than]
2026-10-09T16:13:26.7719325Z C/C++:   149 | Status DecodeModularChannelMAANS(BitReader *br, ANSSymbolReader *reader,
2026-10-09T16:13:26.7748988Z C/C++:       |        ^
2026-10-09T16:13:26.7753540Z C/C++: /home/runner/work/AN-Paint/AN-Paint/Paintroid/build/jxl-source/lib/jxl/modular/encoding/encoding.cc:149:8: warning: stack frame size (15728) exceeds limit (5632) in 'jxl::Status jxl::detail::DecodeModularChannelMAANS<false>(jxl::BitReader*, jxl::ANSSymbolReader*, std::__ndk1::vector<unsigned char, std::__ndk1::allocator<unsigned char>> const&, std::__ndk1::vector<jxl::PropertyDecisionNode, std::__ndk1::allocator<jxl::PropertyDecisionNode>> const&, jxl::weighted::Header const&, int, unsigned long, jxl::TreeLut<unsigned char, false, false>&, jxl::Image*, unsigned int&, unsigned int&)' [-Wframe-larger-than]
2026-10-09T16:13:26.7778975Z C/C++: 2 warnings generated.
2026-10-09T16:13:28.1710205Z C/C++: In file included from /home/runner/work/AN-Paint/AN-Paint/Paintroid/build/jxl-source/lib/jxl/modular/transform/squeeze.cc:26:
2026-10-09T16:13:28.1769785Z C/C++: In file included from /home/runner/work/AN-Paint/AN-Paint/Paintroid/build/jxl-source/third_party/highway/hwy/foreach_target.h:163:
2026-10-09T16:13:28.1830745Z C/C++: /home/runner/work/AN-Paint/AN-Paint/Paintroid/build/jxl-source/lib/jxl/modular/transform/squeeze.cc:182:31: warning: stack frame size (6384) exceeds limit (5632) in 'jxl::N_NEON::InvHSqueeze(jxl::Image&, unsigned int, unsigned int, jxl::ThreadPool*)::$_0::operator()(unsigned int, unsigned long) const' [-Wframe-larger-than]
2026-10-09T16:13:28.1858997Z C/C++:   182 |   const auto unsqueeze_span = [&](const uint32_t task,
2026-10-09T16:13:28.1918898Z C/C++:       |                               ^
2026-10-09T16:13:28.1949436Z C/C++: In file included from /home/runner/work/AN-Paint/AN-Paint/Paintroid/build/jxl-source/lib/jxl/modular/transform/squeeze.cc:26:
2026-10-09T16:13:28.1999464Z C/C++: In file included from /home/runner/work/AN-Paint/AN-Paint/Paintroid/build/jxl-source/third_party/highway/hwy/foreach_target.h:174:
2026-10-09T16:13:28.2040656Z C/C++: /home/runner/work/AN-Paint/AN-Paint/Paintroid/build/jxl-source/lib/jxl/modular/transform/squeeze.cc:182:31: warning: stack frame size (6384) exceeds limit (5632) in 'jxl::N_NEON_BF16::InvHSqueeze(jxl::Image&, unsigned int, unsigned int, jxl::ThreadPool*)::$_0::operator()(unsigned int, unsigned long) const' [-Wframe-larger-than]
2026-10-09T16:13:28.2069019Z C/C++:   182 |   const auto unsqueeze_span = [&](const uint32_t task,
2026-10-09T16:13:28.2119012Z C/C++:       |                               ^
2026-10-09T16:13:28.2180710Z C/C++: /home/runner/work/AN-Paint/AN-Paint/Paintroid/build/jxl-source/lib/jxl/modular/transform/squeeze.cc:182:31: warning: stack frame size (6384) exceeds limit (5632) in 'jxl::N_NEON_WITHOUT_AES::InvHSqueeze(jxl::Image&, unsigned int, unsigned int, jxl::ThreadPool*)::$_0::operator()(unsigned int, unsigned long) const' [-Wframe-larger-than]
2026-10-09T16:13:28.2279324Z C/C++:   182 |   const auto unsqueeze_span = [&](const uint32_t task,
2026-10-09T16:13:28.2369351Z C/C++:       |                               ^
2026-10-09T16:13:28.2429246Z C/C++: 3 warnings generated.
2026-10-09T16:13:30.0691974Z C/C++: In file included from /home/runner/work/AN-Paint/AN-Paint/Paintroid/build/jxl-source/lib/jxl/render_pipeline/stage_epf.cc:26:
2026-10-09T16:13:30.0729687Z C/C++: In file included from /home/runner/work/AN-Paint/AN-Paint/Paintroid/build/jxl-source/third_party/highway/hwy/foreach_target.h:163:
2026-10-09T16:13:30.0792614Z C/C++: /home/runner/work/AN-Paint/AN-Paint/Paintroid/build/jxl-source/lib/jxl/render_pipeline/stage_epf.cc:225:10: warning: stack frame size (5824) exceeds limit (5632) in 'jxl::N_NEON::EPF1Stage::ProcessRow(std::__ndk1::vector<std::__ndk1::vector<float*, std::__ndk1::allocator<float*>>, std::__ndk1::allocator<std::__ndk1::vector<float*, std::__ndk1::allocator<float*>>>> const&, std::__ndk1::vector<std::__ndk1::vector<float*, std::__ndk1::allocator<float*>>, std::__ndk1::allocator<std::__ndk1::vector<float*, std::__ndk1::allocator<float*>>>> const&, unsigned long, unsigned long, unsigned long, unsigned long, unsigned long, unsigned long) const' [-Wframe-larger-than]
2026-10-09T16:13:30.0859455Z C/C++:   225 |   Status ProcessRow(const RowInfo& input_rows, const RowInfo& output_rows,
2026-10-09T16:13:30.0908906Z C/C++:       |          ^
2026-10-09T16:13:30.0979665Z C/C++: In file included from /home/runner/work/AN-Paint/AN-Paint/Paintroid/build/jxl-source/lib/jxl/render_pipeline/stage_epf.cc:26:
2026-10-09T16:13:30.1019460Z C/C++: In file included from /home/runner/work/AN-Paint/AN-Paint/Paintroid/build/jxl-source/third_party/highway/hwy/foreach_target.h:174:
2026-10-09T16:13:30.1093148Z C/C++: /home/runner/work/AN-Paint/AN-Paint/Paintroid/build/jxl-source/lib/jxl/render_pipeline/stage_epf.cc:225:10: warning: stack frame size (5824) exceeds limit (5632) in 'jxl::N_NEON_BF16::EPF1Stage::ProcessRow(std::__ndk1::vector<std::__ndk1::vector<float*, std::__ndk1::allocator<float*>>, std::__ndk1::allocator<std::__ndk1::vector<float*, std::__ndk1::allocator<float*>>>> const&, std::__ndk1::vector<std::__ndk1::vector<float*, std::__ndk1::allocator<float*>>, std::__ndk1::allocator<std::__ndk1::vector<float*, std::__ndk1::allocator<float*>>>> const&, unsigned long, unsigned long, unsigned long, unsigned long, unsigned long, unsigned long) const' [-Wframe-larger-than]
2026-10-09T16:13:30.1097577Z C/C++:   225 |   Status ProcessRow(const RowInfo& input_rows, const RowInfo& output_rows,
2026-10-09T16:13:30.1169012Z C/C++:       |          ^
2026-10-09T16:13:30.1192795Z C/C++: /home/runner/work/AN-Paint/AN-Paint/Paintroid/build/jxl-source/lib/jxl/render_pipeline/stage_epf.cc:225:10: warning: stack frame size (5824) exceeds limit (5632) in 'jxl::N_NEON_WITHOUT_AES::EPF1Stage::ProcessRow(std::__ndk1::vector<std::__ndk1::vector<float*, std::__ndk1::allocator<float*>>, std::__ndk1::allocator<std::__ndk1::vector<float*, std::__ndk1::allocator<float*>>>> const&, std::__ndk1::vector<std::__ndk1::vector<float*, std::__ndk1::allocator<float*>>, std::__ndk1::allocator<std::__ndk1::vector<float*, std::__ndk1::allocator<float*>>>> const&, unsigned long, unsigned long, unsigned long, unsigned long, unsigned long, unsigned long) const' [-Wframe-larger-than]
2026-10-09T16:13:30.1249176Z C/C++:   225 |   Status ProcessRow(const RowInfo& input_rows, const RowInfo& output_rows,
2026-10-09T16:13:30.1278810Z C/C++:       |          ^
2026-10-09T16:13:30.1338893Z C/C++: 3 warnings generated.
2026-10-09T16:13:35.5739953Z C/C++: In file included from /home/runner/work/AN-Paint/AN-Paint/Paintroid/build/jxl-source/lib/jxl/enc_convolve_separable5.cc:19:
2026-10-09T16:13:35.5809779Z C/C++: In file included from /home/runner/work/AN-Paint/AN-Paint/Paintroid/build/jxl-source/third_party/highway/hwy/foreach_target.h:163:
2026-10-09T16:13:35.5812749Z C/C++: /home/runner/work/AN-Paint/AN-Paint/Paintroid/build/jxl-source/lib/jxl/enc_convolve_separable5.cc:111:21: warning: stack frame size (10144) exceeds limit (5632) in 'void jxl::N_NEON::Separable5Impl::ConvolveRow<0ul, true>(unsigned int)' [-Wframe-larger-than]
2026-10-09T16:13:35.5814700Z C/C++:   111 |   JXL_NOINLINE void ConvolveRow(const uint32_t y) {
2026-10-09T16:13:35.5815283Z C/C++:       |                     ^
2026-10-09T16:13:35.5817042Z C/C++: /home/runner/work/AN-Paint/AN-Paint/Paintroid/build/jxl-source/lib/jxl/enc_convolve_separable5.cc:111:21: warning: stack frame size (9856) exceeds limit (5632) in 'void jxl::N_NEON::Separable5Impl::ConvolveRow<0ul, false>(unsigned int)' [-Wframe-larger-than]
2026-10-09T16:13:35.5820351Z C/C++: /home/runner/work/AN-Paint/AN-Paint/Paintroid/build/jxl-source/lib/jxl/enc_convolve_separable5.cc:111:21: warning: stack frame size (10080) exceeds limit (5632) in 'void jxl::N_NEON::Separable5Impl::ConvolveRow<1ul, true>(unsigned int)' [-Wframe-larger-than]
2026-10-09T16:13:35.5823292Z C/C++: /home/runner/work/AN-Paint/AN-Paint/Paintroid/build/jxl-source/lib/jxl/enc_convolve_separable5.cc:111:21: warning: stack frame size (9792) exceeds limit (5632) in 'void jxl::N_NEON::Separable5Impl::ConvolveRow<1ul, false>(unsigned int)' [-Wframe-larger-than]
2026-10-09T16:13:35.5826428Z C/C++: /home/runner/work/AN-Paint/AN-Paint/Paintroid/build/jxl-source/lib/jxl/enc_convolve_separable5.cc:111:21: warning: stack frame size (6624) exceeds limit (5632) in 'void jxl::N_NEON::Separable5Impl::ConvolveRow<2ul, true>(unsigned int)' [-Wframe-larger-than]
2026-10-09T16:13:35.5850108Z C/C++: /home/runner/work/AN-Paint/AN-Paint/Paintroid/build/jxl-source/lib/jxl/enc_convolve_separable5.cc:111:21: warning: stack frame size (6336) exceeds limit (5632) in 'void jxl::N_NEON::Separable5Impl::ConvolveRow<2ul, false>(unsigned int)' [-Wframe-larger-than]
2026-10-09T16:13:35.5865821Z C/C++: /home/runner/work/AN-Paint/AN-Paint/Paintroid/build/jxl-source/lib/jxl/enc_convolve_separable5.cc:111:21: warning: stack frame size (6624) exceeds limit (5632) in 'void jxl::N_NEON::Separable5Impl::ConvolveRow<3ul, true>(unsigned int)' [-Wframe-larger-than]
2026-10-09T16:13:35.5910031Z C/C++: /home/runner/work/AN-Paint/AN-Paint/Paintroid/build/jxl-source/lib/jxl/enc_convolve_separable5.cc:111:21: warning: stack frame size (6336) exceeds limit (5632) in 'void jxl::N_NEON::Separable5Impl::ConvolveRow<3ul, false>(unsigned int)' [-Wframe-larger-than]
2026-10-09T16:13:35.5912462Z C/C++: In file included from /home/runner/work/AN-Paint/AN-Paint/Paintroid/build/jxl-source/lib/jxl/enc_convolve_separable5.cc:19:
2026-10-09T16:13:35.5939468Z C/C++: In file included from /home/runner/work/AN-Paint/AN-Paint/Paintroid/build/jxl-source/third_party/highway/hwy/foreach_target.h:174:
2026-10-09T16:13:35.5954180Z C/C++: /home/runner/work/AN-Paint/AN-Paint/Paintroid/build/jxl-source/lib/jxl/enc_convolve_separable5.cc:111:21: warning: stack frame size (10144) exceeds limit (5632) in 'void jxl::N_NEON_BF16::Separable5Impl::ConvolveRow<0ul, true>(unsigned int)' [-Wframe-larger-than]
2026-10-09T16:13:35.5998882Z C/C++:   111 |   JXL_NOINLINE void ConvolveRow(const uint32_t y) {
2026-10-09T16:13:35.6009712Z C/C++:       |                     ^
2026-10-09T16:13:35.6040295Z C/C++: /home/runner/work/AN-Paint/AN-Paint/Paintroid/build/jxl-source/lib/jxl/enc_convolve_separable5.cc:111:21: warning: stack frame size (9856) exceeds limit (5632) in 'void jxl::N_NEON_BF16::Separable5Impl::ConvolveRow<0ul, false>(unsigned int)' [-Wframe-larger-than]
2026-10-09T16:13:35.6061264Z C/C++: /home/runner/work/AN-Paint/AN-Paint/Paintroid/build/jxl-source/lib/jxl/enc_convolve_separable5.cc:111:21: warning: stack frame size (10080) exceeds limit (5632) in 'void jxl::N_NEON_BF16::Separable5Impl::ConvolveRow<1ul, true>(unsigned int)' [-Wframe-larger-than]
2026-10-09T16:13:35.6090283Z C/C++: /home/runner/work/AN-Paint/AN-Paint/Paintroid/build/jxl-source/lib/jxl/enc_convolve_separable5.cc:111:21: warning: stack frame size (9792) exceeds limit (5632) in 'void jxl::N_NEON_BF16::Separable5Impl::ConvolveRow<1ul, false>(unsigned int)' [-Wframe-larger-than]
2026-10-09T16:13:35.6120512Z C/C++: /home/runner/work/AN-Paint/AN-Paint/Paintroid/build/jxl-source/lib/jxl/enc_convolve_separable5.cc:111:21: warning: stack frame size (6608) exceeds limit (5632) in 'void jxl::N_NEON_BF16::Separable5Impl::ConvolveRow<2ul, true>(unsigned int)' [-Wframe-larger-than]
2026-10-09T16:13:35.6130330Z C/C++: /home/runner/work/AN-Paint/AN-Paint/Paintroid/build/jxl-source/lib/jxl/enc_convolve_separable5.cc:111:21: warning: stack frame size (6320) exceeds limit (5632) in 'void jxl::N_NEON_BF16::Separable5Impl::ConvolveRow<2ul, false>(unsigned int)' [-Wframe-larger-than]
2026-10-09T16:13:35.6150306Z C/C++: /home/runner/work/AN-Paint/AN-Paint/Paintroid/build/jxl-source/lib/jxl/enc_convolve_separable5.cc:111:21: warning: stack frame size (6608) exceeds limit (5632) in 'void jxl::N_NEON_BF16::Separable5Impl::ConvolveRow<3ul, true>(unsigned int)' [-Wframe-larger-than]
2026-10-09T16:13:35.6180355Z C/C++: /home/runner/work/AN-Paint/AN-Paint/Paintroid/build/jxl-source/lib/jxl/enc_convolve_separable5.cc:111:21: warning: stack frame size (6320) exceeds limit (5632) in 'void jxl::N_NEON_BF16::Separable5Impl::ConvolveRow<3ul, false>(unsigned int)' [-Wframe-larger-than]
2026-10-09T16:13:35.6210232Z C/C++: /home/runner/work/AN-Paint/AN-Paint/Paintroid/build/jxl-source/lib/jxl/enc_convolve_separable5.cc:111:21: warning: stack frame size (10144) exceeds limit (5632) in 'void jxl::N_NEON_WITHOUT_AES::Separable5Impl::ConvolveRow<0ul, true>(unsigned int)' [-Wframe-larger-than]
2026-10-09T16:13:35.6229043Z C/C++:   111 |   JXL_NOINLINE void ConvolveRow(const uint32_t y) {
2026-10-09T16:13:35.6240195Z C/C++:       |                     ^
2026-10-09T16:13:35.6270732Z C/C++: /home/runner/work/AN-Paint/AN-Paint/Paintroid/build/jxl-source/lib/jxl/enc_convolve_separable5.cc:111:21: warning: stack frame size (9856) exceeds limit (5632) in 'void jxl::N_NEON_WITHOUT_AES::Separable5Impl::ConvolveRow<0ul, false>(unsigned int)' [-Wframe-larger-than]
2026-10-09T16:13:35.6290679Z C/C++: /home/runner/work/AN-Paint/AN-Paint/Paintroid/build/jxl-source/lib/jxl/enc_convolve_separable5.cc:111:21: warning: stack frame size (10080) exceeds limit (5632) in 'void jxl::N_NEON_WITHOUT_AES::Separable5Impl::ConvolveRow<1ul, true>(unsigned int)' [-Wframe-larger-than]
2026-10-09T16:13:35.6294011Z C/C++: /home/runner/work/AN-Paint/AN-Paint/Paintroid/build/jxl-source/lib/jxl/enc_convolve_separable5.cc:111:21: warning: stack frame size (9792) exceeds limit (5632) in 'void jxl::N_NEON_WITHOUT_AES::Separable5Impl::ConvolveRow<1ul, false>(unsigned int)' [-Wframe-larger-than]
2026-10-09T16:13:35.6297301Z C/C++: /home/runner/work/AN-Paint/AN-Paint/Paintroid/build/jxl-source/lib/jxl/enc_convolve_separable5.cc:111:21: warning: stack frame size (6608) exceeds limit (5632) in 'void jxl::N_NEON_WITHOUT_AES::Separable5Impl::ConvolveRow<2ul, true>(unsigned int)' [-Wframe-larger-than]
2026-10-09T16:13:35.6301316Z C/C++: /home/runner/work/AN-Paint/AN-Paint/Paintroid/build/jxl-source/lib/jxl/enc_convolve_separable5.cc:111:21: warning: stack frame size (6320) exceeds limit (5632) in 'void jxl::N_NEON_WITHOUT_AES::Separable5Impl::ConvolveRow<2ul, false>(unsigned int)' [-Wframe-larger-than]
2026-10-09T16:13:35.6304651Z C/C++: /home/runner/work/AN-Paint/AN-Paint/Paintroid/build/jxl-source/lib/jxl/enc_convolve_separable5.cc:111:21: warning: stack frame size (6608) exceeds limit (5632) in 'void jxl::N_NEON_WITHOUT_AES::Separable5Impl::ConvolveRow<3ul, true>(unsigned int)' [-Wframe-larger-than]
2026-10-09T16:13:35.6307950Z C/C++: /home/runner/work/AN-Paint/AN-Paint/Paintroid/build/jxl-source/lib/jxl/enc_convolve_separable5.cc:111:21: warning: stack frame size (6320) exceeds limit (5632) in 'void jxl::N_NEON_WITHOUT_AES::Separable5Impl::ConvolveRow<3ul, false>(unsigned int)' [-Wframe-larger-than]
2026-10-09T16:13:35.6310084Z C/C++: 24 warnings generated.
2026-10-09T16:14:01.0744392Z 
2026-10-09T16:14:01.0769523Z > Task :app:mergeDebugGlobalSynthetics
2026-10-09T16:14:01.3684274Z > Task :app:mergeLibDexDebug
2026-10-09T16:14:04.1683396Z 
2026-10-09T16:14:04.1684434Z > Task :Paintroid:configureCMakeDebug[armeabi-v7a]
2026-10-09T16:14:04.1685099Z C/C++: -- Compiler is not EMSCRIPTEN
2026-10-09T16:14:09.9684686Z C/C++: --- aom_configure: Detected CPU: generic
2026-10-09T16:14:09.9685584Z C/C++: Running C compiler test: pie_check
2026-10-09T16:14:10.0684284Z C/C++: CONFIG_PIC enabled for position independent executable (PIE) build
2026-10-09T16:14:10.0684932Z C/C++: Running C compiler test: unistd_check
2026-10-09T16:14:10.1683707Z C/C++: Running CXX compiler test: unistd_check
2026-10-09T16:14:10.4683973Z C/C++: Running C compiler test: fenv_check
2026-10-09T16:14:10.5683877Z C/C++: Checking C compiler flag support for: -std=c11
2026-10-09T16:14:10.6683866Z C/C++: Checking C++ compiler flag support for: -std=c++17
2026-10-09T16:14:10.7683680Z C/C++: Checking C compiler flag support for: -Wall
2026-10-09T16:14:10.8685454Z C/C++: Checking C++ compiler flag support for: -Wall
2026-10-09T16:14:11.0684117Z C/C++: Checking C compiler flag support for: -Wdisabled-optimization
2026-10-09T16:14:11.1683947Z C/C++: Checking C++ compiler flag support for: -Wdisabled-optimization
2026-10-09T16:14:11.2684380Z C/C++: Checking C compiler flag support for: -Wextra
2026-10-09T16:14:11.3684142Z C/C++: Checking C++ compiler flag support for: -Wextra
2026-10-09T16:14:11.4683844Z C/C++: Checking C compiler flag support for: -Wextra-semi
2026-10-09T16:14:11.5683808Z C/C++: Checking C++ compiler flag support for: -Wextra-semi
2026-10-09T16:14:11.7683915Z C/C++: Checking C compiler flag support for: -Wextra-semi-stmt
2026-10-09T16:14:11.8684570Z C/C++: Checking C++ compiler flag support for: -Wextra-semi-stmt
2026-10-09T16:14:11.9683941Z C/C++: Checking C compiler flag support for: -Wfloat-conversion
2026-10-09T16:14:12.0684018Z C/C++: Checking C++ compiler flag support for: -Wfloat-conversion
2026-10-09T16:14:12.1684127Z C/C++: Checking C compiler flag support for: -Wformat=2
2026-10-09T16:14:12.3683821Z C/C++: Checking C++ compiler flag support for: -Wformat=2
2026-10-09T16:14:12.4684037Z C/C++: Checking C compiler flag support for: -Wimplicit-function-declaration
2026-10-09T16:14:12.5684130Z C/C++: Checking C compiler flag support for: -Wlogical-op
2026-10-09T16:14:12.6684831Z C/C++: Checking C++ compiler flag support for: -Wlogical-op
2026-10-09T16:14:12.7684570Z C/C++: Checking C compiler flag support for: -Wmissing-declarations
2026-10-09T16:14:12.8683702Z C/C++: Checking C++ compiler flag support for: -Wmissing-declarations
2026-10-09T16:14:13.0683679Z C/C++: Checking C compiler flag support for: -Wmissing-prototypes
2026-10-09T16:14:13.1684325Z C/C++: Checking C++ compiler flag support for: -Wmissing-prototypes
2026-10-09T16:14:13.2684522Z C/C++: Checking C compiler flag support for: -Wpointer-arith
2026-10-09T16:14:13.3684213Z C/C++: Checking C++ compiler flag support for: -Wpointer-arith
2026-10-09T16:14:13.4683560Z C/C++: Checking C compiler flag support for: -Wshadow
2026-10-09T16:14:13.6683944Z C/C++: Checking C++ compiler flag support for: -Wshadow
2026-10-09T16:14:13.7683859Z C/C++: Checking C compiler flag support for: -Wshorten-64-to-32
2026-10-09T16:14:13.8684312Z C/C++: Checking C++ compiler flag support for: -Wshorten-64-to-32
2026-10-09T16:14:13.9683938Z C/C++: Checking C compiler flag support for: -Wsign-compare
2026-10-09T16:14:14.0683724Z C/C++: Checking C++ compiler flag support for: -Wsign-compare
2026-10-09T16:14:14.1683822Z C/C++: Checking C compiler flag support for: -Wstring-conversion
2026-10-09T16:14:14.3683948Z C/C++: Checking C++ compiler flag support for: -Wstring-conversion
2026-10-09T16:14:14.4683706Z C/C++: Checking C compiler flag support for: -Wtype-limits
2026-10-09T16:14:14.8683578Z C/C++: Checking C++ compiler flag support for: -Wtype-limits
2026-10-09T16:14:14.9683820Z C/C++: Checking C compiler flag support for: -Wundef
2026-10-09T16:14:15.0683662Z C/C++: Checking C++ compiler flag support for: -Wundef
2026-10-09T16:14:15.1684394Z C/C++: Checking C compiler flag support for: -Wuninitialized
2026-10-09T16:14:15.2683367Z C/C++: Checking C++ compiler flag support for: -Wuninitialized
2026-10-09T16:14:15.4683784Z C/C++: Checking C compiler flag support for: -Wunreachable-code-aggressive
2026-10-09T16:14:15.5683818Z C/C++: Checking C++ compiler flag support for: -Wunreachable-code-aggressive
2026-10-09T16:14:15.6683709Z C/C++: Checking C compiler flag support for: -Wunused
2026-10-09T16:14:15.7683660Z C/C++: Checking C++ compiler flag support for: -Wunused
2026-10-09T16:14:15.8683926Z C/C++: Checking C compiler flag support for: -Wvla
2026-10-09T16:14:15.9683572Z C/C++: Checking C++ compiler flag support for: -Wvla
2026-10-09T16:14:16.0683251Z C/C++: Checking C compiler flag support for: -Wc23-extensions
2026-10-09T16:14:16.2683120Z C/C++: Checking C++ compiler flag support for: -Wc++20-extensions
2026-10-09T16:14:16.3683834Z C/C++: Checking C++ compiler flag support for: -Wc++23-extensions
2026-10-09T16:14:16.4684131Z C/C++: Checking C compiler flag support for: -Wstack-usage=100000
2026-10-09T16:14:16.5683482Z C/C++: Checking C++ compiler flag support for: -Wstack-usage=240000
2026-10-09T16:14:16.6683995Z C/C++: Checking C compiler flag support for: -D_LARGEFILE_SOURCE
2026-10-09T16:14:16.8683662Z C/C++: Checking C++ compiler flag support for: -D_LARGEFILE_SOURCE
2026-10-09T16:14:16.9683915Z C/C++: Checking C compiler flag support for: -D_FILE_OFFSET_BITS=64
2026-10-09T16:14:17.0683583Z C/C++: Checking C++ compiler flag support for: -D_FILE_OFFSET_BITS=64
2026-10-09T16:14:17.1683785Z C/C++: Checking C compiler flag support for: -flax-vector-conversions=none
2026-10-09T16:14:17.2683510Z C/C++: Checking C++ compiler flag support for: -flax-vector-conversions=none
2026-10-09T16:14:18.0683391Z C/C++: === Summary of compiled codecs ===
2026-10-09T16:14:18.0684086Z C/C++: libde265 HEVC decoder                 : + built-in
2026-10-09T16:14:18.0685003Z C/C++: FFMPEG HEVC decoder (HW acc)          : - disabled
2026-10-09T16:14:18.0686244Z C/C++: WebCodecs HEVC decoder (experimental) : - disabled
2026-10-09T16:14:18.0686988Z C/C++: x265 HEVC encoder                     : - disabled
2026-10-09T16:14:18.0687633Z C/C++: Kvazaar HEVC encoder                  : + built-in
2026-10-09T16:14:18.0688250Z C/C++: AOM AV1 decoder                       : + built-in
2026-10-09T16:14:18.0689289Z C/C++: AOM AV1 encoder                       : + built-in
2026-10-09T16:14:18.0689891Z C/C++: Dav1d AV1 decoder                     : - disabled
2026-10-09T16:14:18.0690520Z C/C++: SVT AV1 encoder                       : - disabled
2026-10-09T16:14:18.0691124Z C/C++: Rav1e AV1 encoder                     : - disabled
2026-10-09T16:14:18.0691739Z C/C++: JPEG decoder                          : - disabled
2026-10-09T16:14:18.0692374Z C/C++: JPEG encoder                          : - disabled
2026-10-09T16:14:18.0692980Z C/C++: x264 AVC encoder                      : - disabled
2026-10-09T16:14:18.0693590Z C/C++: OpenH264 decoder                      : - disabled
2026-10-09T16:14:18.0694232Z C/C++: OpenJPEG J2K decoder                  : - disabled
2026-10-09T16:14:18.0694845Z C/C++: OpenJPEG J2K encoder                  : - disabled
2026-10-09T16:14:18.0695495Z C/C++: OpenJPH HT-J2K encoder                : - disabled
2026-10-09T16:14:18.0696110Z C/C++: uvg266 VVC encoder                    : - disabled
2026-10-09T16:14:18.0696721Z C/C++: vvenc VVC encoder                     : - disabled
2026-10-09T16:14:18.0697348Z C/C++: vvdec VVC decoder                     : - disabled
2026-10-09T16:14:18.0697911Z C/C++: === Supported formats ===
2026-10-09T16:14:18.0698636Z C/C++: format        decoding   encoding
2026-10-09T16:14:18.0699114Z C/C++: AVC             NO         NO 
2026-10-09T16:14:18.0699552Z C/C++: AVIF            YES        YES
2026-10-09T16:14:18.0699991Z C/C++: HEIC            YES        YES
2026-10-09T16:14:18.0700419Z C/C++: JPEG            NO         NO 
2026-10-09T16:14:18.0701132Z C/C++: JPEG2000        NO         NO 
2026-10-09T16:14:18.0701570Z C/C++: JPEG2000-HT     NO         NO 
2026-10-09T16:14:18.0702008Z C/C++: Uncompressed    NO         NO 
2026-10-09T16:14:18.0702449Z C/C++: VVC             NO         NO 
2026-10-09T16:14:18.0702879Z C/C++: libsharpyuv: disabled
2026-10-09T16:14:18.0703331Z C/C++: === Active input formats for heif-enc ===
2026-10-09T16:14:18.0703859Z C/C++: JPEG: ------ (libjpeg not found)
2026-10-09T16:14:18.0704339Z C/C++: PNG:  ------ (libpng not found)
2026-10-09T16:14:18.0704815Z C/C++: WEBP:  ------ (libwebp not found)
2026-10-09T16:14:18.0705363Z C/C++: TIFF: ------ (libtiff not found)
2026-10-09T16:14:18.0705697Z C/C++: Not compiling 'x265' backend
2026-10-09T16:14:18.0705990Z C/C++: Compiling 'libde265' as built-in backend
2026-10-09T16:14:18.0706291Z C/C++: Not compiling 'dav1d' backend
2026-10-09T16:14:18.0706565Z C/C++: Compiling 'aomdec' as built-in backend
2026-10-09T16:14:18.0706891Z C/C++: Compiling 'aomenc' as built-in backend
2026-10-09T16:14:18.0707182Z C/C++: Not compiling 'svtenc' backend
2026-10-09T16:14:18.0707449Z C/C++: Not compiling 'rav1e' backend
2026-10-09T16:14:18.0707711Z C/C++: Not compiling 'jpegdec' backend
2026-10-09T16:14:18.0708004Z C/C++: Not compiling 'jpegenc' backend
2026-10-09T16:14:18.0708281Z C/C++: Not compiling 'j2kdec' backend
2026-10-09T16:14:18.0708823Z C/C++: Not compiling 'j2kenc' backend
2026-10-09T16:14:18.0709110Z C/C++: Compiling 'kvazaar' as built-in backend
2026-10-09T16:14:18.0709404Z C/C++: Not compiling 'ffmpegdec' backend
2026-10-09T16:14:18.0709676Z C/C++: Not compiling 'jphenc' backend
2026-10-09T16:14:18.0709938Z C/C++: Not compiling 'uvg266' backend
2026-10-09T16:14:18.0710190Z C/C++: Not compiling 'vvdec' backend
2026-10-09T16:14:18.0710446Z C/C++: Not compiling 'vvenc' backend
2026-10-09T16:14:18.0710704Z C/C++: Not compiling 'x264' backend
2026-10-09T16:14:18.0710969Z C/C++: Not compiling 'openh264dec' backend
2026-10-09T16:14:18.0711254Z C/C++: Not compiling 'libsharpyuv'
2026-10-09T16:14:25.5685339Z 
2026-10-09T16:14:25.5751256Z > Task :Paintroid:buildCMakeDebug[armeabi-v7a][anpaint_heif,anpaint_jxl,etc]
2026-10-09T16:14:25.5779251Z C/C++: ninja: Entering directory `/home/runner/work/AN-Paint/AN-Paint/Paintroid/.cxx/Debug/68am3368/armeabi-v7a'
2026-10-09T16:14:25.5809615Z C/C++: In file included from /home/runner/work/AN-Paint/AN-Paint/Paintroid/build/jxl-source/third_party/skcms/src/skcms_TransformBaseline.cc:47:
2026-10-09T16:14:25.5870493Z C/C++: /home/runner/work/AN-Paint/AN-Paint/Paintroid/build/jxl-source/third_party/skcms/src/Transform_inl.h:1550:17: warning: stack frame size (120704) exceeds limit (5632) in 'skcms_private::baseline::exec_stages(skcms_private::Op const*, void const**, char const*, char*, int)' [-Wframe-larger-than]
2026-10-09T16:14:25.5929473Z C/C++:  1550 |     static void exec_stages(const Op* ops, const void** contexts,
2026-10-09T16:14:25.5978963Z C/C++:       |                 ^
2026-10-09T16:14:25.6008982Z C/C++: 1 warning generated.
2026-10-09T16:14:26.4701424Z C/C++: /home/runner/work/AN-Paint/AN-Paint/Paintroid/build/jxl-source/lib/jxl/compressed_dc.cc:149:22: warning: stack frame size (10224) exceeds limit (5632) in 'jxl::N_EMU128::AdaptiveDCSmoothing(JxlMemoryManagerStruct*, float const*, jxl::Image3<float>*, jxl::ThreadPool*)::$_0::operator()(unsigned int, unsigned int) const' [-Wframe-larger-than]
2026-10-09T16:14:26.4741633Z C/C++:   149 |   auto process_row = [&](const uint32_t y, size_t /*thread*/) -> Status {
2026-10-09T16:14:26.4749055Z C/C++:       |                      ^
2026-10-09T16:14:26.4779016Z C/C++: 1 warning generated.
2026-10-09T16:14:27.1689999Z C/C++: In file included from /home/runner/work/AN-Paint/AN-Paint/Paintroid/build/jxl-source/lib/jxl/dec_external_image.cc:29:
2026-10-09T16:14:27.1739535Z C/C++: In file included from /home/runner/work/AN-Paint/AN-Paint/Paintroid/build/jxl-source/third_party/highway/hwy/highway.h:605:
2026-10-09T16:14:27.1781375Z C/C++: /home/runner/work/AN-Paint/AN-Paint/Paintroid/build/jxl-source/third_party/highway/hwy/ops/generic_ops-inl.h:2807:19: warning: stack frame size (7936) exceeds limit (5632) in 'decltype(Zero((hwy::N_EMU128::Simd<hwy::float16_t, 8u, -1>)())) hwy::N_EMU128::DemoteTo<hwy::N_EMU128::Simd<hwy::float16_t, 8u, -1>, (void*)0>(hwy::N_EMU128::Simd<hwy::float16_t, 8u, -1>, decltype(Zero((hwy::N_EMU128::Simd<hwy::float16_t, 8u, -1>::Rebind<float>)())))' [-Wframe-larger-than]
2026-10-09T16:14:27.1829056Z C/C++:  2807 | HWY_API VFromD<D> DemoteTo(D df16, VFromD<Rebind<float, D>> v) {
2026-10-09T16:14:27.1868770Z C/C++:       |                   ^
2026-10-09T16:14:27.1898720Z C/C++: 1 warning generated.
2026-10-09T16:14:30.0687239Z C/C++: /home/runner/work/AN-Paint/AN-Paint/Paintroid/build/jxl-source/lib/jxl/modular/encoding/encoding.cc:149:8: warning: stack frame size (10016) exceeds limit (5632) in 'jxl::Status jxl::detail::DecodeModularChannelMAANS<false>(jxl::BitReader*, jxl::ANSSymbolReader*, std::__ndk1::vector<unsigned char, std::__ndk1::allocator<unsigned char>> const&, std::__ndk1::vector<jxl::PropertyDecisionNode, std::__ndk1::allocator<jxl::PropertyDecisionNode>> const&, jxl::weighted::Header const&, int, unsigned int, jxl::TreeLut<unsigned char, false, false>&, jxl::Image*, unsigned int&, unsigned int&)' [-Wframe-larger-than]
2026-10-09T16:14:30.0712133Z C/C++:   149 | Status DecodeModularChannelMAANS(BitReader *br, ANSSymbolReader *reader,
2026-10-09T16:14:30.0748226Z C/C++:       |        ^
2026-10-09T16:14:30.0773191Z C/C++: 1 warning generated.
2026-10-09T16:14:30.3685621Z C/C++: /home/runner/work/AN-Paint/AN-Paint/Paintroid/build/jxl-source/lib/jxl/modular/transform/squeeze.cc:182:31: warning: stack frame size (6208) exceeds limit (5632) in 'jxl::N_EMU128::InvHSqueeze(jxl::Image&, unsigned int, unsigned int, jxl::ThreadPool*)::$_0::operator()(unsigned int, unsigned int) const' [-Wframe-larger-than]
2026-10-09T16:14:30.3711497Z C/C++:   182 |   const auto unsqueeze_span = [&](const uint32_t task,
2026-10-09T16:14:30.3769264Z C/C++:       |                               ^
2026-10-09T16:14:30.3819189Z C/C++: 1 warning generated.
2026-10-09T16:14:31.9705351Z C/C++: /home/runner/work/AN-Paint/AN-Paint/Paintroid/build/jxl-source/lib/jxl/render_pipeline/stage_epf.cc:225:10: warning: stack frame size (5664) exceeds limit (5632) in 'jxl::N_EMU128::EPF1Stage::ProcessRow(std::__ndk1::vector<std::__ndk1::vector<float*, std::__ndk1::allocator<float*>>, std::__ndk1::allocator<std::__ndk1::vector<float*, std::__ndk1::allocator<float*>>>> const&, std::__ndk1::vector<std::__ndk1::vector<float*, std::__ndk1::allocator<float*>>, std::__ndk1::allocator<std::__ndk1::vector<float*, std::__ndk1::allocator<float*>>>> const&, unsigned int, unsigned int, unsigned int, unsigned int, unsigned int, unsigned int) const' [-Wframe-larger-than]
2026-10-09T16:14:31.9709869Z C/C++:   225 |   Status ProcessRow(const RowInfo& input_rows, const RowInfo& output_rows,
2026-10-09T16:14:31.9738782Z C/C++:       |          ^
2026-10-09T16:14:31.9819686Z C/C++: 1 warning generated.
2026-10-09T16:14:33.1710100Z C/C++: In file included from /home/runner/work/AN-Paint/AN-Paint/Paintroid/build/jxl-source/lib/jxl/render_pipeline/stage_write.cc:38:
2026-10-09T16:14:33.1739771Z C/C++: In file included from /home/runner/work/AN-Paint/AN-Paint/Paintroid/build/jxl-source/third_party/highway/hwy/highway.h:605:
2026-10-09T16:14:33.1801457Z C/C++: /home/runner/work/AN-Paint/AN-Paint/Paintroid/build/jxl-source/third_party/highway/hwy/ops/generic_ops-inl.h:2807:19: warning: stack frame size (7944) exceeds limit (5632) in 'decltype(Zero((hwy::N_EMU128::Simd<hwy::float16_t, 8u, -1>)())) hwy::N_EMU128::DemoteTo<hwy::N_EMU128::Simd<hwy::float16_t, 8u, -1>, (void*)0>(hwy::N_EMU128::Simd<hwy::float16_t, 8u, -1>, decltype(Zero((hwy::N_EMU128::Simd<hwy::float16_t, 8u, -1>::Rebind<float>)())))' [-Wframe-larger-than]
2026-10-09T16:14:33.1846146Z C/C++:  2807 | HWY_API VFromD<D> DemoteTo(D df16, VFromD<Rebind<float, D>> v) {
2026-10-09T16:14:33.1909160Z C/C++:       |                   ^
2026-10-09T16:14:33.1946922Z C/C++: 1 warning generated.
2026-10-09T16:14:35.4711021Z C/C++: /home/runner/work/AN-Paint/AN-Paint/Paintroid/build/jxl-source/lib/jxl/enc_convolve_separable5.cc:111:21: warning: stack frame size (10504) exceeds limit (5632) in 'void jxl::N_EMU128::Separable5Impl::ConvolveRow<0u, true>(unsigned int)' [-Wframe-larger-than]
2026-10-09T16:14:35.4739390Z C/C++:   111 |   JXL_NOINLINE void ConvolveRow(const uint32_t y) {
2026-10-09T16:14:35.4768964Z C/C++:       |                     ^
2026-10-09T16:14:35.4771009Z C/C++: /home/runner/work/AN-Paint/AN-Paint/Paintroid/build/jxl-source/lib/jxl/enc_convolve_separable5.cc:111:21: warning: stack frame size (10360) exceeds limit (5632) in 'void jxl::N_EMU128::Separable5Impl::ConvolveRow<0u, false>(unsigned int)' [-Wframe-larger-than]
2026-10-09T16:14:35.4800308Z C/C++: /home/runner/work/AN-Paint/AN-Paint/Paintroid/build/jxl-source/lib/jxl/enc_convolve_separable5.cc:111:21: warning: stack frame size (10400) exceeds limit (5632) in 'void jxl::N_EMU128::Separable5Impl::ConvolveRow<1u, true>(unsigned int)' [-Wframe-larger-than]
2026-10-09T16:14:35.4830368Z C/C++: /home/runner/work/AN-Paint/AN-Paint/Paintroid/build/jxl-source/lib/jxl/enc_convolve_separable5.cc:111:21: warning: stack frame size (10256) exceeds limit (5632) in 'void jxl::N_EMU128::Separable5Impl::ConvolveRow<1u, false>(unsigned int)' [-Wframe-larger-than]
2026-10-09T16:14:35.4860285Z C/C++: /home/runner/work/AN-Paint/AN-Paint/Paintroid/build/jxl-source/lib/jxl/enc_convolve_separable5.cc:111:21: warning: stack frame size (6528) exceeds limit (5632) in 'void jxl::N_EMU128::Separable5Impl::ConvolveRow<2u, true>(unsigned int)' [-Wframe-larger-than]
2026-10-09T16:14:35.4875228Z C/C++: /home/runner/work/AN-Paint/AN-Paint/Paintroid/build/jxl-source/lib/jxl/enc_convolve_separable5.cc:111:21: warning: stack frame size (6384) exceeds limit (5632) in 'void jxl::N_EMU128::Separable5Impl::ConvolveRow<2u, false>(unsigned int)' [-Wframe-larger-than]
2026-10-09T16:14:35.4900766Z C/C++: /home/runner/work/AN-Paint/AN-Paint/Paintroid/build/jxl-source/lib/jxl/enc_convolve_separable5.cc:111:21: warning: stack frame size (6528) exceeds limit (5632) in 'void jxl::N_EMU128::Separable5Impl::ConvolveRow<3u, true>(unsigned int)' [-Wframe-larger-than]
2026-10-09T16:14:35.4930390Z C/C++: /home/runner/work/AN-Paint/AN-Paint/Paintroid/build/jxl-source/lib/jxl/enc_convolve_separable5.cc:111:21: warning: stack frame size (6384) exceeds limit (5632) in 'void jxl::N_EMU128::Separable5Impl::ConvolveRow<3u, false>(unsigned int)' [-Wframe-larger-than]
2026-10-09T16:14:35.4959027Z C/C++: 8 warnings generated.
2026-10-09T16:14:43.8720330Z C/C++: /home/runner/work/AN-Paint/AN-Paint/Paintroid/build/heif-source/libde265/libde265/slice.cc:5137:11: warning: comparison of integers of different signs: 'int' and 'value_type' (aka 'unsigned int') [-Wsign-compare]
2026-10-09T16:14:43.8738219Z C/C++:  5136 |           tctx->cabac_decoder.bitstream_curr - tctx->cabac_decoder.bitstream_start - 2 /* -2 because of CABAC init */
2026-10-09T16:14:43.8779032Z C/C++:       |           ~~~~~~~~~~~~~~~~~~~~~~~~~~~~~~~~~~~~~~~~~~~~~~~~~~~~~~~~~~~~~~~~~~~~~~~~~~~~
2026-10-09T16:14:43.8838979Z C/C++:  5137 |           != tctx->shdr->entry_point_offset[substream - 1]) {
2026-10-09T16:14:43.8898824Z C/C++:       |           ^  ~~~~~~~~~~~~~~~~~~~~~~~~~~~~~~~~~~~~~~~~~~~~~
2026-10-09T16:14:43.8928795Z C/C++: 1 warning generated.
2026-10-09T16:14:44.0740263Z C/C++: /home/runner/work/AN-Paint/AN-Paint/Paintroid/build/heif-source/libde265/libde265/arm32/arm.cc:92:2: warning: #warning is a C++23 extension [-Wpedantic]
2026-10-09T16:14:44.0765376Z C/C++:    92 | #warning "Don't know how to detect NEON support at runtime- will be disabled"
2026-10-09T16:14:44.0818830Z C/C++:       |  ^
2026-10-09T16:14:44.0829907Z C/C++: /home/runner/work/AN-Paint/AN-Paint/Paintroid/build/heif-source/libde265/libde265/arm32/arm.cc:92:2: warning: "Don't know how to detect NEON support at runtime- will be disabled" [-W#warnings]
2026-10-09T16:14:44.0908917Z C/C++: 2 warnings generated.
2026-10-09T16:14:45.3695285Z C/C++: /home/runner/work/AN-Paint/AN-Paint/Paintroid/build/heif-source/libheif/libheif/box.cc:1006:27: warning: implicit conversion loses integer precision: 'int64_t' (aka 'long long') to 'size_t' (aka 'unsigned int') [-Wshorten-64-to-32]
2026-10-09T16:14:45.3756421Z C/C++:  1005 |   BitstreamRange boxrange(range.get_istream(),
2026-10-09T16:14:45.3823415Z C/C++:       |                  ~~~~~~~~
2026-10-09T16:14:45.3904227Z C/C++:  1006 |                           box_size_without_header,
2026-10-09T16:14:45.3924270Z C/C++:       |                           ^~~~~~~~~~~~~~~~~~~~~~~
2026-10-09T16:14:45.3940327Z C/C++: /home/runner/work/AN-Paint/AN-Paint/Paintroid/build/heif-source/libheif/libheif/box.cc:2181:76: warning: implicit conversion loses integer precision: 'uint64_t' (aka 'unsigned long long') to 'size_t' (aka 'unsigned int') [-Wshorten-64-to-32]
2026-10-09T16:14:45.3969298Z C/C++:  2181 |       memcpy(extent.data.data() + output_offset, data.data() + data_start, write_n);
2026-10-09T16:14:45.3989026Z C/C++:       |       ~~~~~~                                                               ^~~~~~~
2026-10-09T16:14:45.4030311Z C/C++: /home/runner/work/AN-Paint/AN-Paint/Paintroid/build/heif-source/libheif/libheif/box.cc:2403:44: warning: implicit conversion loses integer precision: 'uint64_t' (aka 'unsigned long long') to 'size_type' (aka 'unsigned int') [-Wshorten-64-to-32]
2026-10-09T16:14:45.4089131Z C/C++:  2403 |           std::vector<uint8_t> data(extent.length);
2026-10-09T16:14:45.4118900Z C/C++:       |                                ~~~~ ~~~~~~~^~~~~~
2026-10-09T16:14:45.4140268Z C/C++: /home/runner/work/AN-Paint/AN-Paint/Paintroid/build/heif-source/libheif/libheif/box.cc:2405:66: warning: implicit conversion loses integer precision: 'uint64_t' (aka 'unsigned long long') to 'size_t' (aka 'unsigned int') [-Wshorten-64-to-32]
2026-10-09T16:14:45.4209181Z C/C++:  2405 |           ssize_t cnt = ::read(m_tmpfile_fd, data.data(), extent.length);
2026-10-09T16:14:45.4238940Z C/C++:       |                         ~~                                ~~~~~~~^~~~~~
2026-10-09T16:14:45.4299296Z C/C++: 4 warnings generated.
2026-10-09T16:14:50.8701241Z C/C++: /home/runner/work/AN-Paint/AN-Paint/Paintroid/build/heif-source/libheif/libheif/bitstream.cc:81:32: warning: implicit conversion loses integer precision: 'uint64_t' (aka 'unsigned long long') to 'unsigned int' [-Wshorten-64-to-32]
2026-10-09T16:14:50.8728955Z C/C++:    81 |     m_owned_data = new uint8_t[m_length];
2026-10-09T16:14:50.8749084Z C/C++:       |                    ~~~         ^~~~~~~~
2026-10-09T16:14:50.8749907Z C/C++: 1 warning generated.
2026-10-09T16:14:50.9760711Z C/C++: /home/runner/work/AN-Paint/AN-Paint/Paintroid/build/heif-source/libheif/libheif/file_layout.cc:56:50: warning: implicit conversion loses integer precision: 'uint64_t' (aka 'unsigned long long') to 'size_t' (aka 'unsigned int') [-Wshorten-64-to-32]
2026-10-09T16:14:50.9789078Z C/C++:    56 |   BitstreamRange ftyp_hdr_range(m_stream_reader, m_max_length);
2026-10-09T16:14:50.9819031Z C/C++:       |                  ~~~~~~~~~~~~~~                  ^~~~~~~~~~~~
2026-10-09T16:14:50.9880220Z C/C++: /home/runner/work/AN-Paint/AN-Paint/Paintroid/build/heif-source/libheif/libheif/file_layout.cc:88:49: warning: implicit conversion loses integer precision: 'uint64_t' (aka 'unsigned long long') to 'size_t' (aka 'unsigned int') [-Wshorten-64-to-32]
2026-10-09T16:14:50.9909015Z C/C++:    88 |   BitstreamRange ftyp_range(m_stream_reader, 0, ftyp_size);
2026-10-09T16:14:50.9938989Z C/C++:       |                  ~~~~~~~~~~                     ^~~~~~~~~
2026-10-09T16:14:50.9970286Z C/C++: /home/runner/work/AN-Paint/AN-Paint/Paintroid/build/heif-source/libheif/libheif/file_layout.cc:125:63: warning: implicit conversion loses integer precision: 'uint64_t' (aka 'unsigned long long') to 'size_t' (aka 'unsigned int') [-Wshorten-64-to-32]
2026-10-09T16:14:50.9972422Z C/C++:   125 |     BitstreamRange box_range(m_stream_reader, next_box_start, m_max_length);
2026-10-09T16:14:51.0024378Z C/C++:       |                    ~~~~~~~~~                                  ^~~~~~~~~~~~
2026-10-09T16:14:51.0029509Z C/C++: /home/runner/work/AN-Paint/AN-Paint/Paintroid/build/heif-source/libheif/libheif/file_layout.cc:125:47: warning: implicit conversion loses integer precision: 'uint64_t' (aka 'unsigned long long') to 'size_t' (aka 'unsigned int') [-Wshorten-64-to-32]
2026-10-09T16:14:51.0059200Z C/C++:   125 |     BitstreamRange box_range(m_stream_reader, next_box_start, m_max_length);
2026-10-09T16:14:51.0088957Z C/C++:       |                    ~~~~~~~~~                  ^~~~~~~~~~~~~~
2026-10-09T16:14:51.0110288Z C/C++: /home/runner/work/AN-Paint/AN-Paint/Paintroid/build/heif-source/libheif/libheif/file_layout.cc:167:70: warning: implicit conversion loses integer precision: 'uint64_t' (aka 'unsigned long long') to 'size_t' (aka 'unsigned int') [-Wshorten-64-to-32]
2026-10-09T16:14:51.0119248Z C/C++:   167 |       BitstreamRange meta_box_range(m_stream_reader, meta_box_start, end_of_meta_box);
2026-10-09T16:14:51.0149129Z C/C++:       |                      ~~~~~~~~~~~~~~                                  ^~~~~~~~~~~~~~~
2026-10-09T16:14:51.0180288Z C/C++: /home/runner/work/AN-Paint/AN-Paint/Paintroid/build/heif-source/libheif/libheif/file_layout.cc:167:54: warning: implicit conversion loses integer precision: 'const uint64_t' (aka 'const unsigned long long') to 'size_t' (aka 'unsigned int') [-Wshorten-64-to-32]
2026-10-09T16:14:51.0206138Z C/C++:   167 |       BitstreamRange meta_box_range(m_stream_reader, meta_box_start, end_of_meta_box);
2026-10-09T16:14:51.0207321Z C/C++:       |                      ~~~~~~~~~~~~~~                  ^~~~~~~~~~~~~~
2026-10-09T16:14:51.0209419Z C/C++: /home/runner/work/AN-Paint/AN-Paint/Paintroid/build/heif-source/libheif/libheif/file_layout.cc:214:70: warning: implicit conversion loses integer precision: 'uint64_t' (aka 'unsigned long long') to 'size_t' (aka 'unsigned int') [-Wshorten-64-to-32]
2026-10-09T16:14:51.0211529Z C/C++:   214 |       BitstreamRange mini_box_range(m_stream_reader, mini_box_start, end_of_mini_box);
2026-10-09T16:14:51.0212885Z C/C++:       |                      ~~~~~~~~~~~~~~                                  ^~~~~~~~~~~~~~~
2026-10-09T16:14:51.0214931Z C/C++: /home/runner/work/AN-Paint/AN-Paint/Paintroid/build/heif-source/libheif/libheif/file_layout.cc:214:54: warning: implicit conversion loses integer precision: 'const uint64_t' (aka 'const unsigned long long') to 'size_t' (aka 'unsigned int') [-Wshorten-64-to-32]
2026-10-09T16:14:51.0217108Z C/C++:   214 |       BitstreamRange mini_box_range(m_stream_reader, mini_box_start, end_of_mini_box);
2026-10-09T16:14:51.0217999Z C/C++:       |                      ~~~~~~~~~~~~~~                  ^~~~~~~~~~~~~~
2026-10-09T16:14:51.0220147Z C/C++: /home/runner/work/AN-Paint/AN-Paint/Paintroid/build/heif-source/libheif/libheif/file_layout.cc:262:70: warning: implicit conversion loses integer precision: 'uint64_t' (aka 'unsigned long long') to 'size_t' (aka 'unsigned int') [-Wshorten-64-to-32]
2026-10-09T16:14:51.0222269Z C/C++:   262 |       BitstreamRange moov_box_range(m_stream_reader, moov_box_start, end_of_moov_box);
2026-10-09T16:14:51.0223234Z C/C++:       |                      ~~~~~~~~~~~~~~                                  ^~~~~~~~~~~~~~~
2026-10-09T16:14:51.0225251Z C/C++: /home/runner/work/AN-Paint/AN-Paint/Paintroid/build/heif-source/libheif/libheif/file_layout.cc:262:54: warning: implicit conversion loses integer precision: 'const uint64_t' (aka 'const unsigned long long') to 'size_t' (aka 'unsigned int') [-Wshorten-64-to-32]
2026-10-09T16:14:51.0227410Z C/C++:   262 |       BitstreamRange moov_box_range(m_stream_reader, moov_box_start, end_of_moov_box);
2026-10-09T16:14:51.0228307Z C/C++:       |                      ~~~~~~~~~~~~~~                  ^~~~~~~~~~~~~~
2026-10-09T16:14:51.0279409Z C/C++: 10 warnings generated.
2026-10-09T16:14:52.2710588Z C/C++: /home/runner/work/AN-Paint/AN-Paint/Paintroid/build/heif-source/libheif/libheif/region.cc:493:40: warning: implicit conversion loses integer precision: 'uint64_t' (aka 'unsigned long long') to 'size_t' (aka 'unsigned int') [-Wshorten-64-to-32]
2026-10-09T16:14:52.2713674Z C/C++:   493 |   if (auto err = m_memory_handle.alloc(bytes_for_mask, limits, "region mask")) {
2026-10-09T16:14:52.2769038Z C/C++:       |                                  ~~~~~ ^~~~~~~~~~~~~~
2026-10-09T16:14:52.2830371Z C/C++: /home/runner/work/AN-Paint/AN-Paint/Paintroid/build/heif-source/libheif/libheif/region.cc:497:20: warning: implicit conversion loses integer precision: 'uint64_t' (aka 'unsigned long long') to 'size_type' (aka 'unsigned int') [-Wshorten-64-to-32]
2026-10-09T16:14:52.2888941Z C/C++:   497 |   mask_data.resize(bytes_for_mask);
2026-10-09T16:14:52.2918839Z C/C++:       |             ~~~~~~ ^~~~~~~~~~~~~~
2026-10-09T16:14:52.2938931Z C/C++: 2 warnings generated.
2026-10-09T16:14:54.4690751Z C/C++: /home/runner/work/AN-Paint/AN-Paint/Paintroid/build/heif-source/libheif/libheif/codecs/decoder.cc:127:80: warning: implicit conversion loses integer precision: 'uint64_t' (aka 'unsigned long long') to 'difference_type' (aka 'int') [-Wshorten-64-to-32]
2026-10-09T16:14:54.4739601Z C/C++:   127 |     data.insert(data.begin(), m_raw.begin() + offset, m_raw.begin() + offset + size);
2026-10-09T16:14:54.4799205Z C/C++:       |                                                                              ~ ^~~~
2026-10-09T16:14:54.4820227Z C/C++: /home/runner/work/AN-Paint/AN-Paint/Paintroid/build/heif-source/libheif/libheif/codecs/decoder.cc:127:71: warning: implicit conversion loses integer precision: 'uint64_t' (aka 'unsigned long long') to 'difference_type' (aka 'int') [-Wshorten-64-to-32]
2026-10-09T16:14:54.4829391Z C/C++:   127 |     data.insert(data.begin(), m_raw.begin() + offset, m_raw.begin() + offset + size);
2026-10-09T16:14:54.4859336Z C/C++:       |                                                                     ~ ^~~~~~
2026-10-09T16:14:54.4890455Z C/C++: /home/runner/work/AN-Paint/AN-Paint/Paintroid/build/heif-source/libheif/libheif/codecs/decoder.cc:127:47: warning: implicit conversion loses integer precision: 'uint64_t' (aka 'unsigned long long') to 'difference_type' (aka 'int') [-Wshorten-64-to-32]
2026-10-09T16:14:54.4909595Z C/C++:   127 |     data.insert(data.begin(), m_raw.begin() + offset, m_raw.begin() + offset + size);
2026-10-09T16:14:54.4919252Z C/C++:       |                                             ~ ^~~~~~
2026-10-09T16:14:54.4949003Z C/C++: 3 warnings generated.
2026-10-09T16:14:57.1700793Z C/C++: /home/runner/work/AN-Paint/AN-Paint/Paintroid/build/heif-source/libheif/libheif/image-items/tiled.cc:360:20: warning: implicit conversion loses integer precision: 'unsigned long long' to 'size_type' (aka 'unsigned int') [-Wshorten-64-to-32]
2026-10-09T16:14:57.1728995Z C/C++:   360 |   m_offsets.resize(*num_tiles_result);
2026-10-09T16:14:57.1756091Z C/C++:       |             ~~~~~~ ^~~~~~~~~~~~~~~~~
2026-10-09T16:14:57.1760236Z C/C++: /home/runner/work/AN-Paint/AN-Paint/Paintroid/build/heif-source/libheif/libheif/image-items/tiled.cc:394:109: warning: implicit conversion loses integer precision: 'uint64_t' (aka 'unsigned long long') to 'size_t' (aka 'unsigned int') [-Wshorten-64-to-32]
2026-10-09T16:14:57.1779535Z C/C++:   394 |   size_t size_to_read = (end - start) * (m_parameters.offset_field_length + m_parameters.size_field_length) / 8;
2026-10-09T16:14:57.1809200Z C/C++:       |          ~~~~~~~~~~~~   ~~~~~~~~~~~~~~~~~~~~~~~~~~~~~~~~~~~~~~~~~~~~~~~~~~~~~~~~~~~~~~~~~~~~~~~~~~~~~~~~~~~~^~~
2026-10-09T16:14:57.1840227Z C/C++: /home/runner/work/AN-Paint/AN-Paint/Paintroid/build/heif-source/libheif/libheif/image-items/tiled.cc:395:101: warning: implicit conversion loses integer precision: 'uint64_t' (aka 'unsigned long long') to 'size_t' (aka 'unsigned int') [-Wshorten-64-to-32]
2026-10-09T16:14:57.1869118Z C/C++:   395 |   size_t start_offset = start * (m_parameters.offset_field_length + m_parameters.size_field_length) / 8;
2026-10-09T16:14:57.1879154Z C/C++:       |          ~~~~~~~~~~~~   ~~~~~~~~~~~~~~~~~~~~~~~~~~~~~~~~~~~~~~~~~~~~~~~~~~~~~~~~~~~~~~~~~~~~~~~~~~~~^~~
2026-10-09T16:14:57.1901309Z C/C++: /home/runner/work/AN-Paint/AN-Paint/Paintroid/build/heif-source/libheif/libheif/image-items/tiled.cc:416:15: warning: implicit conversion loses integer precision: 'uint64_t' (aka 'unsigned long long') to 'size_type' (aka 'unsigned int') [-Wshorten-64-to-32]
2026-10-09T16:14:57.1904073Z C/C++:   416 |     m_offsets[i].offset = readvec(data, idx, m_parameters.offset_field_length / 8);
2026-10-09T16:14:57.1904984Z C/C++:       |     ~~~~~~~~~ ^
2026-10-09T16:14:57.1906825Z C/C++: /home/runner/work/AN-Paint/AN-Paint/Paintroid/build/heif-source/libheif/libheif/image-items/tiled.cc:420:17: warning: implicit conversion loses integer precision: 'uint64_t' (aka 'unsigned long long') to 'size_type' (aka 'unsigned int') [-Wshorten-64-to-32]
2026-10-09T16:14:57.1909572Z C/C++:   420 |       m_offsets[i].size = static_cast<uint32_t>(readvec(data, idx, m_parameters.size_field_length / 8));
2026-10-09T16:14:57.1910616Z C/C++:       |       ~~~~~~~~~ ^
2026-10-09T16:14:57.1912478Z C/C++: /home/runner/work/AN-Paint/AN-Paint/Paintroid/build/heif-source/libheif/libheif/image-items/tiled.cc:502:13: warning: implicit conversion loses integer precision: 'uint64_t' (aka 'unsigned long long') to 'size_type' (aka 'unsigned int') [-Wshorten-64-to-32]
2026-10-09T16:14:57.1914432Z C/C++:   502 |   m_offsets[idx].offset = offset;
2026-10-09T16:14:57.1915018Z C/C++:       |   ~~~~~~~~~ ^~~
2026-10-09T16:14:57.1916843Z C/C++: /home/runner/work/AN-Paint/AN-Paint/Paintroid/build/heif-source/libheif/libheif/image-items/tiled.cc:503:13: warning: implicit conversion loses integer precision: 'uint64_t' (aka 'unsigned long long') to 'size_type' (aka 'unsigned int') [-Wshorten-64-to-32]
2026-10-09T16:14:57.1918982Z C/C++:   503 |   m_offsets[idx].size = size;
2026-10-09T16:14:57.1919603Z C/C++:       |   ~~~~~~~~~ ^~~
2026-10-09T16:14:57.1921430Z C/C++: /home/runner/work/AN-Paint/AN-Paint/Paintroid/build/heif-source/libheif/libheif/image-items/tiled.cc:531:15: warning: implicit conversion loses integer precision: 'uint64_t' (aka 'unsigned long long') to 'size_type' (aka 'unsigned int') [-Wshorten-64-to-32]
2026-10-09T16:14:57.1923627Z C/C++:   531 |   data.resize(size);
2026-10-09T16:14:57.1924210Z C/C++:       |        ~~~~~~ ^~~~
2026-10-09T16:14:57.1924748Z C/C++: 8 warnings generated.
2026-10-09T16:14:58.1736189Z C/C++: /home/runner/work/AN-Paint/AN-Paint/Paintroid/build/heif-source/libheif/libheif/sequences/seq_boxes.cc:1077:40: warning: implicit conversion loses integer precision: 'uint64_t' (aka 'unsigned long long') to 'size_t' (aka 'unsigned int') [-Wshorten-64-to-32]
2026-10-09T16:14:58.1759102Z C/C++:  1077 |   if (auto err = m_memory_handle.alloc(mem_size,
2026-10-09T16:14:58.1788960Z C/C++:       |                                  ~~~~~ ^~~~~~~~
2026-10-09T16:14:58.1850275Z C/C++: /home/runner/work/AN-Paint/AN-Paint/Paintroid/build/heif-source/libheif/libheif/sequences/seq_boxes.cc:2062:42: warning: implicit conversion loses integer precision: 'uint64_t' (aka 'unsigned long long') to 'size_t' (aka 'unsigned int') [-Wshorten-64-to-32]
2026-10-09T16:14:58.1879332Z C/C++:  2062 |     if (auto err = m_memory_handle.alloc(mem_size, limits, "the 'sample aux info sizes' (saiz) table")) {
2026-10-09T16:14:58.1939181Z C/C++:       |                                    ~~~~~ ^~~~~~~~
2026-10-09T16:14:58.1952557Z C/C++: /home/runner/work/AN-Paint/AN-Paint/Paintroid/build/heif-source/libheif/libheif/sequences/seq_boxes.cc:2142:23: warning: implicit conversion loses integer precision: 'uint64_t' (aka 'unsigned long long') to 'size_t' (aka 'unsigned int') [-Wshorten-64-to-32]
2026-10-09T16:14:58.1978923Z C/C++:  2142 |   writer.set_position(m_offset_start_pos);
2026-10-09T16:14:58.2008898Z C/C++:       |          ~~~~~~~~~~~~ ^~~~~~~~~~~~~~~~~~
2026-10-09T16:14:58.2021387Z C/C++: 3 warnings generated.
2026-10-09T16:14:58.8685455Z C/C++: /home/runner/work/AN-Paint/AN-Paint/Paintroid/build/heif-source/libheif/libheif/plugins/encoder_aom.cc:1394:47: warning: implicit conversion loses integer precision: 'const aom_codec_pts_t' (aka 'const long long') to 'uintptr_t' (aka 'unsigned int') [-Wshorten-64-to-32]
2026-10-09T16:14:58.8719188Z C/C++:  1394 |       output_packet.frameNr = pkt->data.frame.pts;
2026-10-09T16:14:58.8749081Z C/C++:       |                             ~ ~~~~~~~~~~~~~~~~^~~
2026-10-09T16:14:58.8780401Z C/C++: /home/runner/work/AN-Paint/AN-Paint/Paintroid/build/heif-source/libheif/libheif/plugins/encoder_aom.cc:1445:47: warning: implicit conversion loses integer precision: 'const aom_codec_pts_t' (aka 'const long long') to 'uintptr_t' (aka 'unsigned int') [-Wshorten-64-to-32]
2026-10-09T16:14:58.8809031Z C/C++:  1445 |       output_packet.frameNr = pkt->data.frame.pts;
2026-10-09T16:14:58.8839136Z C/C++:       |                             ~ ~~~~~~~~~~~~~~~~^~~
2026-10-09T16:14:58.8868904Z C/C++: 2 warnings generated.
2026-10-09T16:14:59.1700828Z C/C++: /home/runner/work/AN-Paint/AN-Paint/Paintroid/build/heif-source/libheif/libheif/plugins/encoder_kvazaar.cc:805:63: warning: implicit conversion loses integer precision: 'int64_t' (aka 'long long') to 'uintptr_t' (aka 'unsigned int') [-Wshorten-64-to-32]
2026-10-09T16:14:59.1759320Z C/C++:   805 |   append_chunk_data(data, encoder, picture_out ? picture_out->pts : 0);
2026-10-09T16:14:59.1769015Z C/C++:       |   ~~~~~~~~~~~~~~~~~                              ~~~~~~~~~~~~~^~~
2026-10-09T16:14:59.1771016Z C/C++: /home/runner/work/AN-Paint/AN-Paint/Paintroid/build/heif-source/libheif/libheif/plugins/encoder_kvazaar.cc:847:51: warning: implicit conversion loses integer precision: 'int64_t' (aka 'long long') to 'uintptr_t' (aka 'unsigned int') [-Wshorten-64-to-32]
2026-10-09T16:14:59.1773064Z C/C++:   847 |     append_chunk_data(data, encoder, picture_out->pts);
2026-10-09T16:14:59.1773764Z C/C++:       |     ~~~~~~~~~~~~~~~~~                ~~~~~~~~~~~~~^~~
2026-10-09T16:14:59.1774331Z C/C++: 2 warnings generated.
2026-10-09T16:15:03.3683181Z 
2026-10-09T16:15:03.3683887Z > Task :Paintroid:configureCMakeDebug[x86]
2026-10-09T16:15:03.3684609Z C/C++: -- Compiler is not EMSCRIPTEN
2026-10-09T16:15:09.2683517Z C/C++: --- aom_configure: Detected CPU: generic
2026-10-09T16:15:09.2684507Z C/C++: Running C compiler test: pie_check
2026-10-09T16:15:09.3683601Z C/C++: CONFIG_PIC enabled for position independent executable (PIE) build
2026-10-09T16:15:09.3684376Z C/C++: Running C compiler test: unistd_check
2026-10-09T16:15:09.4683298Z C/C++: Running CXX compiler test: unistd_check
2026-10-09T16:15:09.7683688Z C/C++: Running C compiler test: fenv_check
2026-10-09T16:15:09.8683615Z C/C++: Checking C compiler flag support for: -std=c11
2026-10-09T16:15:09.9683728Z C/C++: Checking C++ compiler flag support for: -std=c++17
2026-10-09T16:15:10.0683361Z C/C++: Checking C compiler flag support for: -Wall
2026-10-09T16:15:10.1682951Z C/C++: Checking C++ compiler flag support for: -Wall
2026-10-09T16:15:10.2683775Z C/C++: Checking C compiler flag support for: -Wdisabled-optimization
2026-10-09T16:15:10.4683962Z C/C++: Checking C++ compiler flag support for: -Wdisabled-optimization
2026-10-09T16:15:10.5683594Z C/C++: Checking C compiler flag support for: -Wextra
2026-10-09T16:15:10.6683474Z C/C++: Checking C++ compiler flag support for: -Wextra
2026-10-09T16:15:10.7683975Z C/C++: Checking C compiler flag support for: -Wextra-semi
2026-10-09T16:15:10.8683575Z C/C++: Checking C++ compiler flag support for: -Wextra-semi
2026-10-09T16:15:10.9683305Z C/C++: Checking C compiler flag support for: -Wextra-semi-stmt
2026-10-09T16:15:11.1683559Z C/C++: Checking C++ compiler flag support for: -Wextra-semi-stmt
2026-10-09T16:15:11.2683738Z C/C++: Checking C compiler flag support for: -Wfloat-conversion
2026-10-09T16:15:11.3683667Z C/C++: Checking C++ compiler flag support for: -Wfloat-conversion
2026-10-09T16:15:11.4683568Z C/C++: Checking C compiler flag support for: -Wformat=2
2026-10-09T16:15:11.5683660Z C/C++: Checking C++ compiler flag support for: -Wformat=2
2026-10-09T16:15:11.6683610Z C/C++: Checking C compiler flag support for: -Wimplicit-function-declaration
2026-10-09T16:15:11.8683806Z C/C++: Checking C compiler flag support for: -Wlogical-op
2026-10-09T16:15:11.9683689Z C/C++: Checking C++ compiler flag support for: -Wlogical-op
2026-10-09T16:15:12.0683935Z C/C++: Checking C compiler flag support for: -Wmissing-declarations
2026-10-09T16:15:12.1683820Z C/C++: Checking C++ compiler flag support for: -Wmissing-declarations
2026-10-09T16:15:12.2683996Z C/C++: Checking C compiler flag support for: -Wmissing-prototypes
2026-10-09T16:15:12.3683728Z C/C++: Checking C++ compiler flag support for: -Wmissing-prototypes
2026-10-09T16:15:12.4683522Z C/C++: Checking C compiler flag support for: -Wpointer-arith
2026-10-09T16:15:12.6683464Z C/C++: Checking C++ compiler flag support for: -Wpointer-arith
2026-10-09T16:15:12.7683898Z C/C++: Checking C compiler flag support for: -Wshadow
2026-10-09T16:15:12.8683225Z C/C++: Checking C++ compiler flag support for: -Wshadow
2026-10-09T16:15:12.9684262Z C/C++: Checking C compiler flag support for: -Wshorten-64-to-32
2026-10-09T16:15:13.0684050Z C/C++: Checking C++ compiler flag support for: -Wshorten-64-to-32
2026-10-09T16:15:13.1683256Z C/C++: Checking C compiler flag support for: -Wsign-compare
2026-10-09T16:15:13.2683804Z C/C++: Checking C++ compiler flag support for: -Wsign-compare
2026-10-09T16:15:13.4683967Z C/C++: Checking C compiler flag support for: -Wstring-conversion
2026-10-09T16:15:13.5683687Z C/C++: Checking C++ compiler flag support for: -Wstring-conversion
2026-10-09T16:15:13.6683492Z C/C++: Checking C compiler flag support for: -Wtype-limits
2026-10-09T16:15:13.7683861Z C/C++: Checking C++ compiler flag support for: -Wtype-limits
2026-10-09T16:15:13.8683672Z C/C++: Checking C compiler flag support for: -Wundef
2026-10-09T16:15:13.9683548Z C/C++: Checking C++ compiler flag support for: -Wundef
2026-10-09T16:15:14.1683466Z C/C++: Checking C compiler flag support for: -Wuninitialized
2026-10-09T16:15:14.2683668Z C/C++: Checking C++ compiler flag support for: -Wuninitialized
2026-10-09T16:15:14.3683221Z C/C++: Checking C compiler flag support for: -Wunreachable-code-aggressive
2026-10-09T16:15:14.4683928Z C/C++: Checking C++ compiler flag support for: -Wunreachable-code-aggressive
2026-10-09T16:15:14.5684237Z C/C++: Checking C compiler flag support for: -Wunused
2026-10-09T16:15:14.6683542Z C/C++: Checking C++ compiler flag support for: -Wunused
2026-10-09T16:15:14.7683252Z C/C++: Checking C compiler flag support for: -Wvla
2026-10-09T16:15:14.8683117Z C/C++: Checking C++ compiler flag support for: -Wvla
2026-10-09T16:15:15.0683951Z C/C++: Checking C compiler flag support for: -Wc23-extensions
2026-10-09T16:15:15.1683394Z C/C++: Checking C++ compiler flag support for: -Wc++20-extensions
2026-10-09T16:15:15.2683864Z C/C++: Checking C++ compiler flag support for: -Wc++23-extensions
2026-10-09T16:15:15.3683398Z C/C++: Checking C compiler flag support for: -Wstack-usage=100000
2026-10-09T16:15:15.4683482Z C/C++: Checking C++ compiler flag support for: -Wstack-usage=240000
2026-10-09T16:15:15.5683757Z C/C++: Checking C compiler flag support for: -D_LARGEFILE_SOURCE
2026-10-09T16:15:15.7683746Z C/C++: Checking C++ compiler flag support for: -D_LARGEFILE_SOURCE
2026-10-09T16:15:15.8682987Z C/C++: Checking C compiler flag support for: -D_FILE_OFFSET_BITS=64
2026-10-09T16:15:15.9683364Z C/C++: Checking C++ compiler flag support for: -D_FILE_OFFSET_BITS=64
2026-10-09T16:15:16.0683565Z C/C++: Checking C compiler flag support for: -flax-vector-conversions=none
2026-10-09T16:15:16.1682973Z C/C++: Checking C++ compiler flag support for: -flax-vector-conversions=none
2026-10-09T16:15:16.9683915Z C/C++: === Summary of compiled codecs ===
2026-10-09T16:15:16.9684763Z C/C++: libde265 HEVC decoder                 : + built-in
2026-10-09T16:15:16.9685777Z C/C++: FFMPEG HEVC decoder (HW acc)          : - disabled
2026-10-09T16:15:16.9686734Z C/C++: WebCodecs HEVC decoder (experimental) : - disabled
2026-10-09T16:15:16.9687622Z C/C++: x265 HEVC encoder                     : - disabled
2026-10-09T16:15:16.9688717Z C/C++: Kvazaar HEVC encoder                  : + built-in
2026-10-09T16:15:16.9689575Z C/C++: AOM AV1 decoder                       : + built-in
2026-10-09T16:15:16.9690881Z C/C++: AOM AV1 encoder                       : + built-in
2026-10-09T16:15:16.9691712Z C/C++: Dav1d AV1 decoder                     : - disabled
2026-10-09T16:15:16.9692525Z C/C++: SVT AV1 encoder                       : - disabled
2026-10-09T16:15:16.9693372Z C/C++: Rav1e AV1 encoder                     : - disabled
2026-10-09T16:15:16.9694195Z C/C++: JPEG decoder                          : - disabled
2026-10-09T16:15:16.9695010Z C/C++: JPEG encoder                          : - disabled
2026-10-09T16:15:16.9695698Z C/C++: x264 AVC encoder                      : - disabled
2026-10-09T16:15:16.9696415Z C/C++: OpenH264 decoder                      : - disabled
2026-10-09T16:15:16.9697337Z C/C++: OpenJPEG J2K decoder                  : - disabled
2026-10-09T16:15:16.9698746Z C/C++: OpenJPEG J2K encoder                  : - disabled
2026-10-09T16:15:16.9699862Z C/C++: OpenJPH HT-J2K encoder                : - disabled
2026-10-09T16:15:16.9700627Z C/C++: uvg266 VVC encoder                    : - disabled
2026-10-09T16:15:16.9701176Z C/C++: vvenc VVC encoder                     : - disabled
2026-10-09T16:15:16.9701661Z C/C++: vvdec VVC decoder                     : - disabled
2026-10-09T16:15:16.9702110Z C/C++: === Supported formats ===
2026-10-09T16:15:16.9702523Z C/C++: format        decoding   encoding
2026-10-09T16:15:16.9702929Z C/C++: AVC             NO         NO 
2026-10-09T16:15:16.9703324Z C/C++: AVIF            YES        YES
2026-10-09T16:15:16.9703711Z C/C++: HEIC            YES        YES
2026-10-09T16:15:16.9704108Z C/C++: JPEG            NO         NO 
2026-10-09T16:15:16.9704498Z C/C++: JPEG2000        NO         NO 
2026-10-09T16:15:16.9704886Z C/C++: JPEG2000-HT     NO         NO 
2026-10-09T16:15:16.9705297Z C/C++: Uncompressed    NO         NO 
2026-10-09T16:15:16.9705682Z C/C++: VVC             NO         NO 
2026-10-09T16:15:16.9706065Z C/C++: libsharpyuv: disabled
2026-10-09T16:15:16.9706454Z C/C++: === Active input formats for heif-enc ===
2026-10-09T16:15:16.9706884Z C/C++: JPEG: ------ (libjpeg not found)
2026-10-09T16:15:16.9707535Z C/C++: PNG:  ------ (libpng not found)
2026-10-09T16:15:16.9707972Z C/C++: WEBP:  ------ (libwebp not found)
2026-10-09T16:15:16.9708671Z C/C++: TIFF: ------ (libtiff not found)
2026-10-09T16:15:16.9709332Z C/C++: Not compiling 'x265' backend
2026-10-09T16:15:16.9709840Z C/C++: Compiling 'libde265' as built-in backend
2026-10-09T16:15:16.9710366Z C/C++: Not compiling 'dav1d' backend
2026-10-09T16:15:16.9710696Z C/C++: Compiling 'aomdec' as built-in backend
2026-10-09T16:15:16.9711000Z C/C++: Compiling 'aomenc' as built-in backend
2026-10-09T16:15:16.9711290Z C/C++: Not compiling 'svtenc' backend
2026-10-09T16:15:16.9711558Z C/C++: Not compiling 'rav1e' backend
2026-10-09T16:15:16.9711830Z C/C++: Not compiling 'jpegdec' backend
2026-10-09T16:15:16.9712099Z C/C++: Not compiling 'jpegenc' backend
2026-10-09T16:15:16.9712368Z C/C++: Not compiling 'j2kdec' backend
2026-10-09T16:15:16.9712627Z C/C++: Not compiling 'j2kenc' backend
2026-10-09T16:15:16.9712912Z C/C++: Compiling 'kvazaar' as built-in backend
2026-10-09T16:15:16.9713216Z C/C++: Not compiling 'ffmpegdec' backend
2026-10-09T16:15:16.9713492Z C/C++: Not compiling 'jphenc' backend
2026-10-09T16:15:16.9713750Z C/C++: Not compiling 'uvg266' backend
2026-10-09T16:15:16.9714016Z C/C++: Not compiling 'vvdec' backend
2026-10-09T16:15:16.9714273Z C/C++: Not compiling 'vvenc' backend
2026-10-09T16:15:16.9714537Z C/C++: Not compiling 'x264' backend
2026-10-09T16:15:16.9714805Z C/C++: Not compiling 'openh264dec' backend
2026-10-09T16:15:16.9715088Z C/C++: Not compiling 'libsharpyuv'
2026-10-09T16:15:24.5698755Z 
2026-10-09T16:15:24.5729497Z > Task :Paintroid:buildCMakeDebug[x86][anpaint_heif,anpaint_jxl,etc]
2026-10-09T16:15:24.5759195Z C/C++: ninja: Entering directory `/home/runner/work/AN-Paint/AN-Paint/Paintroid/.cxx/Debug/68am3368/x86'
2026-10-09T16:15:24.5789626Z C/C++: In file included from /home/runner/work/AN-Paint/AN-Paint/Paintroid/build/jxl-source/third_party/skcms/src/skcms_TransformBaseline.cc:47:
2026-10-09T16:15:24.5821018Z C/C++: /home/runner/work/AN-Paint/AN-Paint/Paintroid/build/jxl-source/third_party/skcms/src/Transform_inl.h:1165:1: warning: stack frame size (5772) exceeds limit (5632) in 'skcms_private::baseline::Exec_xyz_to_lab(skcms_private::baseline::StageList, void const**, char const*, char*, float vector[4], float vector[4], float vector[4], float vector[4], int)' [-Wframe-larger-than]
2026-10-09T16:15:24.5838995Z C/C++:  1165 | STAGE(xyz_to_lab, NoCtx) {
2026-10-09T16:15:24.5868821Z C/C++:       | ^
2026-10-09T16:15:24.5889592Z C/C++: /home/runner/work/AN-Paint/AN-Paint/Paintroid/build/jxl-source/third_party/skcms/src/Transform_inl.h:818:9: note: expanded from macro 'STAGE'
2026-10-09T16:15:24.5930842Z C/C++:   818 |         DECLARE_STAGE(name, arg, [[clang::musttail]] return (*list.fn)(list, ctx, src, dst, \
2026-10-09T16:15:24.5958882Z C/C++:       |         ^
2026-10-09T16:15:24.5989631Z C/C++: /home/runner/work/AN-Paint/AN-Paint/Paintroid/build/jxl-source/third_party/skcms/src/Transform_inl.h:809:17: note: expanded from macro 'DECLARE_STAGE'
2026-10-09T16:15:24.5999001Z C/C++:   809 |         SI void Exec_##name(StageList list, const void** ctx, STAGE_PARAMS()) { \
2026-10-09T16:15:24.6025575Z C/C++:       |                 ^
2026-10-09T16:15:24.6049446Z C/C++: /home/runner/work/AN-Paint/AN-Paint/Paintroid/.cxx/Debug/68am3368/x86/<scratch space>:64:1: note: expanded from here
2026-10-09T16:15:24.6078859Z C/C++:    64 | Exec_xyz_to_lab
2026-10-09T16:15:24.6088678Z C/C++:       | ^
2026-10-09T16:15:24.6109570Z C/C++: In file included from /home/runner/work/AN-Paint/AN-Paint/Paintroid/build/jxl-source/third_party/skcms/src/skcms_TransformBaseline.cc:47:
2026-10-09T16:15:24.6141148Z C/C++: /home/runner/work/AN-Paint/AN-Paint/Paintroid/build/jxl-source/third_party/skcms/src/Transform_inl.h:1188:1: warning: stack frame size (5884) exceeds limit (5632) in 'skcms_private::baseline::Exec_gamma_rgb(skcms_private::baseline::StageList, void const**, char const*, char*, float vector[4], float vector[4], float vector[4], float vector[4], int)' [-Wframe-larger-than]
2026-10-09T16:15:24.6169434Z C/C++:  1188 | STAGE(gamma_rgb, const skcms_TransferFunction* tf) {
2026-10-09T16:15:24.6178682Z C/C++:       | ^
2026-10-09T16:15:24.6209348Z C/C++: /home/runner/work/AN-Paint/AN-Paint/Paintroid/build/jxl-source/third_party/skcms/src/Transform_inl.h:818:9: note: expanded from macro 'STAGE'
2026-10-09T16:15:24.6229233Z C/C++:   818 |         DECLARE_STAGE(name, arg, [[clang::musttail]] return (*list.fn)(list, ctx, src, dst, \
2026-10-09T16:15:24.6259097Z C/C++:       |         ^
2026-10-09T16:15:24.6279572Z C/C++: /home/runner/work/AN-Paint/AN-Paint/Paintroid/build/jxl-source/third_party/skcms/src/Transform_inl.h:809:17: note: expanded from macro 'DECLARE_STAGE'
2026-10-09T16:15:24.6289279Z C/C++:   809 |         SI void Exec_##name(StageList list, const void** ctx, STAGE_PARAMS()) { \
2026-10-09T16:15:24.6318901Z C/C++:       |                 ^
2026-10-09T16:15:24.6326885Z C/C++: /home/runner/work/AN-Paint/AN-Paint/Paintroid/.cxx/Debug/68am3368/x86/<scratch space>:99:1: note: expanded from here
2026-10-09T16:15:24.6364909Z C/C++:    99 | Exec_gamma_rgb
2026-10-09T16:15:24.6365689Z C/C++:       | ^
2026-10-09T16:15:24.6366955Z C/C++: In file included from /home/runner/work/AN-Paint/AN-Paint/Paintroid/build/jxl-source/third_party/skcms/src/skcms_TransformBaseline.cc:47:
2026-10-09T16:15:24.6370568Z C/C++: /home/runner/work/AN-Paint/AN-Paint/Paintroid/build/jxl-source/third_party/skcms/src/Transform_inl.h:1199:1: warning: stack frame size (6748) exceeds limit (5632) in 'skcms_private::baseline::Exec_tf_rgb(skcms_private::baseline::StageList, void const**, char const*, char*, float vector[4], float vector[4], float vector[4], float vector[4], int)' [-Wframe-larger-than]
2026-10-09T16:15:24.6373328Z C/C++:  1199 | STAGE(tf_rgb, const skcms_TransferFunction* tf) {
2026-10-09T16:15:24.6374144Z C/C++:       | ^
2026-10-09T16:15:24.6375328Z C/C++: /home/runner/work/AN-Paint/AN-Paint/Paintroid/build/jxl-source/third_party/skcms/src/Transform_inl.h:818:9: note: expanded from macro 'STAGE'
2026-10-09T16:15:24.6377454Z C/C++:   818 |         DECLARE_STAGE(name, arg, [[clang::musttail]] return (*list.fn)(list, ctx, src, dst, \
2026-10-09T16:15:24.6378648Z C/C++:       |         ^
2026-10-09T16:15:24.6379984Z C/C++: /home/runner/work/AN-Paint/AN-Paint/Paintroid/build/jxl-source/third_party/skcms/src/Transform_inl.h:809:17: note: expanded from macro 'DECLARE_STAGE'
2026-10-09T16:15:24.6381631Z C/C++:   809 |         SI void Exec_##name(StageList list, const void** ctx, STAGE_PARAMS()) { \
2026-10-09T16:15:24.6382560Z C/C++:       |                 ^
2026-10-09T16:15:24.6383766Z C/C++: /home/runner/work/AN-Paint/AN-Paint/Paintroid/.cxx/Debug/68am3368/x86/<scratch space>:134:1: note: expanded from here
2026-10-09T16:15:24.6384935Z C/C++:   134 | Exec_tf_rgb
2026-10-09T16:15:24.6385555Z C/C++:       | ^
2026-10-09T16:15:24.6386744Z C/C++: In file included from /home/runner/work/AN-Paint/AN-Paint/Paintroid/build/jxl-source/third_party/skcms/src/skcms_TransformBaseline.cc:47:
2026-10-09T16:15:24.6390216Z C/C++: /home/runner/work/AN-Paint/AN-Paint/Paintroid/build/jxl-source/third_party/skcms/src/Transform_inl.h:1210:1: warning: stack frame size (15532) exceeds limit (5632) in 'skcms_private::baseline::Exec_pq_rgb(skcms_private::baseline::StageList, void const**, char const*, char*, float vector[4], float vector[4], float vector[4], float vector[4], int)' [-Wframe-larger-than]
2026-10-09T16:15:24.6392979Z C/C++:  1210 | STAGE(pq_rgb, const skcms_TransferFunction* tf) {
2026-10-09T16:15:24.6393796Z C/C++:       | ^
2026-10-09T16:15:24.6395000Z C/C++: /home/runner/work/AN-Paint/AN-Paint/Paintroid/build/jxl-source/third_party/skcms/src/Transform_inl.h:818:9: note: expanded from macro 'STAGE'
2026-10-09T16:15:24.6396655Z C/C++:   818 |         DECLARE_STAGE(name, arg, [[clang::musttail]] return (*list.fn)(list, ctx, src, dst, \
2026-10-09T16:15:24.6397628Z C/C++:       |         ^
2026-10-09T16:15:24.6399398Z C/C++: /home/runner/work/AN-Paint/AN-Paint/Paintroid/build/jxl-source/third_party/skcms/src/Transform_inl.h:809:17: note: expanded from macro 'DECLARE_STAGE'
2026-10-09T16:15:24.6401067Z C/C++:   809 |         SI void Exec_##name(StageList list, const void** ctx, STAGE_PARAMS()) { \
2026-10-09T16:15:24.6401991Z C/C++:       |                 ^
2026-10-09T16:15:24.6403090Z C/C++: /home/runner/work/AN-Paint/AN-Paint/Paintroid/.cxx/Debug/68am3368/x86/<scratch space>:169:1: note: expanded from here
2026-10-09T16:15:24.6404256Z C/C++:   169 | Exec_pq_rgb
2026-10-09T16:15:24.6404833Z C/C++:       | ^
2026-10-09T16:15:24.6406013Z C/C++: In file included from /home/runner/work/AN-Paint/AN-Paint/Paintroid/build/jxl-source/third_party/skcms/src/skcms_TransformBaseline.cc:47:
2026-10-09T16:15:24.6409417Z C/C++: /home/runner/work/AN-Paint/AN-Paint/Paintroid/build/jxl-source/third_party/skcms/src/Transform_inl.h:1221:1: warning: stack frame size (9804) exceeds limit (5632) in 'skcms_private::baseline::Exec_hlg_rgb(skcms_private::baseline::StageList, void const**, char const*, char*, float vector[4], float vector[4], float vector[4], float vector[4], int)' [-Wframe-larger-than]
2026-10-09T16:15:24.6412211Z C/C++:  1221 | STAGE(hlg_rgb, const skcms_TransferFunction* tf) {
2026-10-09T16:15:24.6413014Z C/C++:       | ^
2026-10-09T16:15:24.6414285Z C/C++: /home/runner/work/AN-Paint/AN-Paint/Paintroid/build/jxl-source/third_party/skcms/src/Transform_inl.h:818:9: note: expanded from macro 'STAGE'
2026-10-09T16:15:24.6416009Z C/C++:   818 |         DECLARE_STAGE(name, arg, [[clang::musttail]] return (*list.fn)(list, ctx, src, dst, \
2026-10-09T16:15:24.6417008Z C/C++:       |         ^
2026-10-09T16:15:24.6418572Z C/C++: /home/runner/work/AN-Paint/AN-Paint/Paintroid/build/jxl-source/third_party/skcms/src/Transform_inl.h:809:17: note: expanded from macro 'DECLARE_STAGE'
2026-10-09T16:15:24.6420271Z C/C++:   809 |         SI void Exec_##name(StageList list, const void** ctx, STAGE_PARAMS()) { \
2026-10-09T16:15:24.6421255Z C/C++:       |                 ^
2026-10-09T16:15:24.6422699Z C/C++: /home/runner/work/AN-Paint/AN-Paint/Paintroid/.cxx/Debug/68am3368/x86/<scratch space>:204:1: note: expanded from here
2026-10-09T16:15:24.6424113Z C/C++:   204 | Exec_hlg_rgb
2026-10-09T16:15:24.6424785Z C/C++:       | ^
2026-10-09T16:15:24.6425997Z C/C++: In file included from /home/runner/work/AN-Paint/AN-Paint/Paintroid/build/jxl-source/third_party/skcms/src/skcms_TransformBaseline.cc:47:
2026-10-09T16:15:24.6429592Z C/C++: /home/runner/work/AN-Paint/AN-Paint/Paintroid/build/jxl-source/third_party/skcms/src/Transform_inl.h:1253:1: warning: stack frame size (7372) exceeds limit (5632) in 'skcms_private::baseline::Exec_hlginv_rgb(skcms_private::baseline::StageList, void const**, char const*, char*, float vector[4], float vector[4], float vector[4], float vector[4], int)' [-Wframe-larger-than]
2026-10-09T16:15:24.6432463Z C/C++:  1253 | STAGE(hlginv_rgb, const skcms_TransferFunction* tf) {
2026-10-09T16:15:24.6433275Z C/C++:       | ^
2026-10-09T16:15:24.6434508Z C/C++: /home/runner/work/AN-Paint/AN-Paint/Paintroid/build/jxl-source/third_party/skcms/src/Transform_inl.h:818:9: note: expanded from macro 'STAGE'
2026-10-09T16:15:24.6436223Z C/C++:   818 |         DECLARE_STAGE(name, arg, [[clang::musttail]] return (*list.fn)(list, ctx, src, dst, \
2026-10-09T16:15:24.6437229Z C/C++:       |         ^
2026-10-09T16:15:24.6438726Z C/C++: /home/runner/work/AN-Paint/AN-Paint/Paintroid/build/jxl-source/third_party/skcms/src/Transform_inl.h:809:17: note: expanded from macro 'DECLARE_STAGE'
2026-10-09T16:15:24.6440348Z C/C++:   809 |         SI void Exec_##name(StageList list, const void** ctx, STAGE_PARAMS()) { \
2026-10-09T16:15:24.6441261Z C/C++:       |                 ^
2026-10-09T16:15:24.6442450Z C/C++: /home/runner/work/AN-Paint/AN-Paint/Paintroid/.cxx/Debug/68am3368/x86/<scratch space>:246:1: note: expanded from here
2026-10-09T16:15:24.6443610Z C/C++:   246 | Exec_hlginv_rgb
2026-10-09T16:15:24.6444212Z C/C++:       | ^
2026-10-09T16:15:24.6470131Z C/C++: 6 warnings generated.
2026-10-09T16:15:25.1711628Z C/C++: In file included from /home/runner/work/AN-Paint/AN-Paint/Paintroid/build/jxl-source/lib/jxl/compressed_dc.cc:22:
2026-10-09T16:15:25.1781447Z C/C++: In file included from /home/runner/work/AN-Paint/AN-Paint/Paintroid/build/jxl-source/third_party/highway/hwy/foreach_target.h:83:
2026-10-09T16:15:25.1810987Z C/C++: /home/runner/work/AN-Paint/AN-Paint/Paintroid/build/jxl-source/lib/jxl/compressed_dc.cc:149:22: warning: stack frame size (9100) exceeds limit (5632) in 'jxl::N_SSE4::AdaptiveDCSmoothing(JxlMemoryManagerStruct*, float const*, jxl::Image3<float>*, jxl::ThreadPool*)::$_0::operator()(unsigned int, unsigned int) const' [-Wframe-larger-than]
2026-10-09T16:15:25.1839500Z C/C++:   149 |   auto process_row = [&](const uint32_t y, size_t /*thread*/) -> Status {
2026-10-09T16:15:25.1859084Z C/C++:       |                      ^
2026-10-09T16:15:25.1901123Z C/C++: /home/runner/work/AN-Paint/AN-Paint/Paintroid/build/jxl-source/lib/jxl/compressed_dc.cc:149:22: warning: stack frame size (9100) exceeds limit (5632) in 'jxl::N_SSE2::AdaptiveDCSmoothing(JxlMemoryManagerStruct*, float const*, jxl::Image3<float>*, jxl::ThreadPool*)::$_0::operator()(unsigned int, unsigned int) const' [-Wframe-larger-than]
2026-10-09T16:15:25.1904252Z C/C++:   149 |   auto process_row = [&](const uint32_t y, size_t /*thread*/) -> Status {
2026-10-09T16:15:25.1929001Z C/C++:       |                      ^
2026-10-09T16:15:25.1959011Z C/C++: 2 warnings generated.
2026-10-09T16:15:26.2685628Z C/C++: In file included from /home/runner/work/AN-Paint/AN-Paint/Paintroid/build/jxl-source/lib/jxl/dec_external_image.cc:28:
2026-10-09T16:15:26.2759813Z C/C++: In file included from /home/runner/work/AN-Paint/AN-Paint/Paintroid/build/jxl-source/third_party/highway/hwy/foreach_target.h:83:
2026-10-09T16:15:26.2819575Z C/C++: In file included from /home/runner/work/AN-Paint/AN-Paint/Paintroid/build/jxl-source/lib/jxl/dec_external_image.cc:29:
2026-10-09T16:15:26.2844959Z C/C++: In file included from /home/runner/work/AN-Paint/AN-Paint/Paintroid/build/jxl-source/third_party/highway/hwy/highway.h:605:
2026-10-09T16:15:26.2871205Z C/C++: /home/runner/work/AN-Paint/AN-Paint/Paintroid/build/jxl-source/third_party/highway/hwy/ops/generic_ops-inl.h:2807:19: warning: stack frame size (9196) exceeds limit (5632) in 'decltype(Zero((hwy::N_SSE4::Simd<hwy::float16_t, 8u, -1>)())) hwy::N_SSE4::DemoteTo<hwy::N_SSE4::Simd<hwy::float16_t, 8u, -1>, (void*)0>(hwy::N_SSE4::Simd<hwy::float16_t, 8u, -1>, decltype(Zero((hwy::N_SSE4::Simd<hwy::float16_t, 8u, -1>::Rebind<float>)())))' [-Wframe-larger-than]
2026-10-09T16:15:26.2929186Z C/C++:  2807 | HWY_API VFromD<D> DemoteTo(D df16, VFromD<Rebind<float, D>> v) {
2026-10-09T16:15:26.2958881Z C/C++:       |                   ^
2026-10-09T16:15:26.2959878Z C/C++: In file included from /home/runner/work/AN-Paint/AN-Paint/Paintroid/build/jxl-source/lib/jxl/dec_external_image.cc:29:
2026-10-09T16:15:26.2961389Z C/C++: In file included from /home/runner/work/AN-Paint/AN-Paint/Paintroid/build/jxl-source/third_party/highway/hwy/highway.h:605:
2026-10-09T16:15:26.2964714Z C/C++: /home/runner/work/AN-Paint/AN-Paint/Paintroid/build/jxl-source/third_party/highway/hwy/ops/generic_ops-inl.h:2807:19: warning: stack frame size (9244) exceeds limit (5632) in 'decltype(Zero((hwy::N_SSE2::Simd<hwy::float16_t, 8u, -1>)())) hwy::N_SSE2::DemoteTo<hwy::N_SSE2::Simd<hwy::float16_t, 8u, -1>, (void*)0>(hwy::N_SSE2::Simd<hwy::float16_t, 8u, -1>, decltype(Zero((hwy::N_SSE2::Simd<hwy::float16_t, 8u, -1>::Rebind<float>)())))' [-Wframe-larger-than]
2026-10-09T16:15:26.2967597Z C/C++:  2807 | HWY_API VFromD<D> DemoteTo(D df16, VFromD<Rebind<float, D>> v) {
2026-10-09T16:15:26.2968266Z C/C++:       |                   ^
2026-10-09T16:15:26.2968917Z C/C++: 2 warnings generated.
2026-10-09T16:15:29.0713209Z C/C++: /home/runner/work/AN-Paint/AN-Paint/Paintroid/build/jxl-source/lib/jxl/modular/encoding/encoding.cc:149:8: warning: stack frame size (10668) exceeds limit (5632) in 'jxl::Status jxl::detail::DecodeModularChannelMAANS<false>(jxl::BitReader*, jxl::ANSSymbolReader*, std::__ndk1::vector<unsigned char, std::__ndk1::allocator<unsigned char>> const&, std::__ndk1::vector<jxl::PropertyDecisionNode, std::__ndk1::allocator<jxl::PropertyDecisionNode>> const&, jxl::weighted::Header const&, int, unsigned int, jxl::TreeLut<unsigned char, false, false>&, jxl::Image*, unsigned int&, unsigned int&)' [-Wframe-larger-than]
2026-10-09T16:15:29.0749248Z C/C++:   149 | Status DecodeModularChannelMAANS(BitReader *br, ANSSymbolReader *reader,
2026-10-09T16:15:29.0838986Z C/C++:       |        ^
2026-10-09T16:15:29.0899046Z C/C++: 1 warning generated.
2026-10-09T16:15:29.5684953Z C/C++: In file included from /home/runner/work/AN-Paint/AN-Paint/Paintroid/build/jxl-source/lib/jxl/modular/transform/squeeze.cc:26:
2026-10-09T16:15:29.5709436Z C/C++: In file included from /home/runner/work/AN-Paint/AN-Paint/Paintroid/build/jxl-source/third_party/highway/hwy/foreach_target.h:83:
2026-10-09T16:15:29.5733663Z C/C++: /home/runner/work/AN-Paint/AN-Paint/Paintroid/build/jxl-source/lib/jxl/modular/transform/squeeze.cc:182:31: warning: stack frame size (5788) exceeds limit (5632) in 'jxl::N_SSE4::InvHSqueeze(jxl::Image&, unsigned int, unsigned int, jxl::ThreadPool*)::$_0::operator()(unsigned int, unsigned int) const' [-Wframe-larger-than]
2026-10-09T16:15:29.5769005Z C/C++:   182 |   const auto unsqueeze_span = [&](const uint32_t task,
2026-10-09T16:15:29.5769957Z C/C++:       |                               ^
2026-10-09T16:15:29.5800793Z C/C++: /home/runner/work/AN-Paint/AN-Paint/Paintroid/build/jxl-source/lib/jxl/modular/transform/squeeze.cc:182:31: warning: stack frame size (5788) exceeds limit (5632) in 'jxl::N_SSE2::InvHSqueeze(jxl::Image&, unsigned int, unsigned int, jxl::ThreadPool*)::$_0::operator()(unsigned int, unsigned int) const' [-Wframe-larger-than]
2026-10-09T16:15:29.5828979Z C/C++:   182 |   const auto unsqueeze_span = [&](const uint32_t task,
2026-10-09T16:15:29.5858892Z C/C++:       |                               ^
2026-10-09T16:15:29.5859729Z C/C++: 2 warnings generated.
2026-10-09T16:15:32.5708700Z C/C++: In file included from /home/runner/work/AN-Paint/AN-Paint/Paintroid/build/jxl-source/lib/jxl/render_pipeline/stage_write.cc:37:
2026-10-09T16:15:32.5779540Z C/C++: In file included from /home/runner/work/AN-Paint/AN-Paint/Paintroid/build/jxl-source/third_party/highway/hwy/foreach_target.h:83:
2026-10-09T16:15:32.5839314Z C/C++: In file included from /home/runner/work/AN-Paint/AN-Paint/Paintroid/build/jxl-source/lib/jxl/render_pipeline/stage_write.cc:38:
2026-10-09T16:15:32.5869232Z C/C++: In file included from /home/runner/work/AN-Paint/AN-Paint/Paintroid/build/jxl-source/third_party/highway/hwy/highway.h:605:
2026-10-09T16:15:32.5901837Z C/C++: /home/runner/work/AN-Paint/AN-Paint/Paintroid/build/jxl-source/third_party/highway/hwy/ops/generic_ops-inl.h:1637:14: warning: stack frame size (5980) exceeds limit (5632) in 'void hwy::N_SSE4::StoreInterleaved3<hwy::N_SSE4::Simd<unsigned char, 16u, -2>, (void*)0, (void*)0, (void*)0>(decltype(Zero((hwy::N_SSE4::Simd<unsigned char, 16u, -2>)())), decltype(Zero((hwy::N_SSE4::Simd<unsigned char, 16u, -2>)())), decltype(Zero((hwy::N_SSE4::Simd<unsigned char, 16u, -2>)())), hwy::N_SSE4::Simd<unsigned char, 16u, -2>, hwy::N_SSE4::Simd<unsigned char, 16u, -2>::T*)' [-Wframe-larger-than]
2026-10-09T16:15:32.5905750Z C/C++:  1637 | HWY_API void StoreInterleaved3(VFromD<D> part0, VFromD<D> part1,
2026-10-09T16:15:32.5969050Z C/C++:       |              ^
2026-10-09T16:15:32.6042139Z C/C++: /home/runner/work/AN-Paint/AN-Paint/Paintroid/build/jxl-source/third_party/highway/hwy/ops/generic_ops-inl.h:1570:14: warning: stack frame size (10524) exceeds limit (5632) in 'void hwy::N_SSE4::StoreInterleaved3<hwy::N_SSE4::Simd<unsigned short, 8u, -1>, (void*)0, (void*)0>(decltype(Zero((hwy::N_SSE4::Simd<unsigned short, 8u, -1>)())), decltype(Zero((hwy::N_SSE4::Simd<unsigned short, 8u, -1>)())), decltype(Zero((hwy::N_SSE4::Simd<unsigned short, 8u, -1>)())), hwy::N_SSE4::Simd<unsigned short, 8u, -1>, hwy::N_SSE4::Simd<unsigned short, 8u, -1>::T*)' [-Wframe-larger-than]
2026-10-09T16:15:32.6069459Z C/C++:  1570 | HWY_API void StoreInterleaved3(VFromD<D> part0, VFromD<D> part1,
2026-10-09T16:15:32.6109975Z C/C++:       |              ^
2026-10-09T16:15:32.6148912Z C/C++: /home/runner/work/AN-Paint/AN-Paint/Paintroid/build/jxl-source/third_party/highway/hwy/ops/generic_ops-inl.h:2807:19: warning: stack frame size (9212) exceeds limit (5632) in 'decltype(Zero((hwy::N_SSE4::Simd<hwy::float16_t, 8u, -1>)())) hwy::N_SSE4::DemoteTo<hwy::N_SSE4::Simd<hwy::float16_t, 8u, -1>, (void*)0>(hwy::N_SSE4::Simd<hwy::float16_t, 8u, -1>, decltype(Zero((hwy::N_SSE4::Simd<hwy::float16_t, 8u, -1>::Rebind<float>)())))' [-Wframe-larger-than]
2026-10-09T16:15:32.6175428Z C/C++:  2807 | HWY_API VFromD<D> DemoteTo(D df16, VFromD<Rebind<float, D>> v) {
2026-10-09T16:15:32.6238978Z C/C++:       |                   ^
2026-10-09T16:15:32.6240084Z C/C++: In file included from /home/runner/work/AN-Paint/AN-Paint/Paintroid/build/jxl-source/lib/jxl/render_pipeline/stage_write.cc:38:
2026-10-09T16:15:32.6329527Z C/C++: In file included from /home/runner/work/AN-Paint/AN-Paint/Paintroid/build/jxl-source/third_party/highway/hwy/highway.h:605:
2026-10-09T16:15:32.6341788Z C/C++: /home/runner/work/AN-Paint/AN-Paint/Paintroid/build/jxl-source/third_party/highway/hwy/ops/generic_ops-inl.h:1637:14: warning: stack frame size (13260) exceeds limit (5632) in 'void hwy::N_SSE2::StoreInterleaved3<hwy::N_SSE2::Simd<unsigned char, 16u, -2>, (void*)0, (void*)0, (void*)0>(decltype(Zero((hwy::N_SSE2::Simd<unsigned char, 16u, -2>)())), decltype(Zero((hwy::N_SSE2::Simd<unsigned char, 16u, -2>)())), decltype(Zero((hwy::N_SSE2::Simd<unsigned char, 16u, -2>)())), hwy::N_SSE2::Simd<unsigned char, 16u, -2>, hwy::N_SSE2::Simd<unsigned char, 16u, -2>::T*)' [-Wframe-larger-than]
2026-10-09T16:15:32.6369010Z C/C++:  1637 | HWY_API void StoreInterleaved3(VFromD<D> part0, VFromD<D> part1,
2026-10-09T16:15:32.6378875Z C/C++:       |              ^
2026-10-09T16:15:32.6401996Z C/C++: /home/runner/work/AN-Paint/AN-Paint/Paintroid/build/jxl-source/third_party/highway/hwy/ops/generic_ops-inl.h:1570:14: warning: stack frame size (22028) exceeds limit (5632) in 'void hwy::N_SSE2::StoreInterleaved3<hwy::N_SSE2::Simd<unsigned short, 8u, -1>, (void*)0, (void*)0>(decltype(Zero((hwy::N_SSE2::Simd<unsigned short, 8u, -1>)())), decltype(Zero((hwy::N_SSE2::Simd<unsigned short, 8u, -1>)())), decltype(Zero((hwy::N_SSE2::Simd<unsigned short, 8u, -1>)())), hwy::N_SSE2::Simd<unsigned short, 8u, -1>, hwy::N_SSE2::Simd<unsigned short, 8u, -1>::T*)' [-Wframe-larger-than]
2026-10-09T16:15:32.6428974Z C/C++:  1570 | HWY_API void StoreInterleaved3(VFromD<D> part0, VFromD<D> part1,
2026-10-09T16:15:32.6458727Z C/C++:       |              ^
2026-10-09T16:15:32.6461243Z C/C++: /home/runner/work/AN-Paint/AN-Paint/Paintroid/build/jxl-source/third_party/highway/hwy/ops/generic_ops-inl.h:2807:19: warning: stack frame size (9244) exceeds limit (5632) in 'decltype(Zero((hwy::N_SSE2::Simd<hwy::float16_t, 8u, -1>)())) hwy::N_SSE2::DemoteTo<hwy::N_SSE2::Simd<hwy::float16_t, 8u, -1>, (void*)0>(hwy::N_SSE2::Simd<hwy::float16_t, 8u, -1>, decltype(Zero((hwy::N_SSE2::Simd<hwy::float16_t, 8u, -1>::Rebind<float>)())))' [-Wframe-larger-than]
2026-10-09T16:15:32.6464234Z C/C++:  2807 | HWY_API VFromD<D> DemoteTo(D df16, VFromD<Rebind<float, D>> v) {
2026-10-09T16:15:32.6464896Z C/C++:       |                   ^
2026-10-09T16:15:32.6465329Z C/C++: 6 warnings generated.
2026-10-09T16:15:35.0720823Z C/C++: In file included from /home/runner/work/AN-Paint/AN-Paint/Paintroid/build/jxl-source/lib/jxl/enc_convolve_separable5.cc:19:
2026-10-09T16:15:35.0731523Z C/C++: In file included from /home/runner/work/AN-Paint/AN-Paint/Paintroid/build/jxl-source/third_party/highway/hwy/foreach_target.h:83:
2026-10-09T16:15:35.0760592Z C/C++: /home/runner/work/AN-Paint/AN-Paint/Paintroid/build/jxl-source/lib/jxl/enc_convolve_separable5.cc:111:21: warning: stack frame size (10236) exceeds limit (5632) in 'void jxl::N_SSE4::Separable5Impl::ConvolveRow<0u, true>(unsigned int)' [-Wframe-larger-than]
2026-10-09T16:15:35.0799732Z C/C++:   111 |   JXL_NOINLINE void ConvolveRow(const uint32_t y) {
2026-10-09T16:15:35.0809212Z C/C++:       |                     ^
2026-10-09T16:15:35.0840237Z C/C++: /home/runner/work/AN-Paint/AN-Paint/Paintroid/build/jxl-source/lib/jxl/enc_convolve_separable5.cc:111:21: warning: stack frame size (10092) exceeds limit (5632) in 'void jxl::N_SSE4::Separable5Impl::ConvolveRow<0u, false>(unsigned int)' [-Wframe-larger-than]
2026-10-09T16:15:35.0865162Z C/C++: /home/runner/work/AN-Paint/AN-Paint/Paintroid/build/jxl-source/lib/jxl/enc_convolve_separable5.cc:111:21: warning: stack frame size (10140) exceeds limit (5632) in 'void jxl::N_SSE4::Separable5Impl::ConvolveRow<1u, true>(unsigned int)' [-Wframe-larger-than]
2026-10-09T16:15:35.0920291Z C/C++: /home/runner/work/AN-Paint/AN-Paint/Paintroid/build/jxl-source/lib/jxl/enc_convolve_separable5.cc:111:21: warning: stack frame size (9996) exceeds limit (5632) in 'void jxl::N_SSE4::Separable5Impl::ConvolveRow<1u, false>(unsigned int)' [-Wframe-larger-than]
2026-10-09T16:15:35.0950255Z C/C++: /home/runner/work/AN-Paint/AN-Paint/Paintroid/build/jxl-source/lib/jxl/enc_convolve_separable5.cc:111:21: warning: stack frame size (6444) exceeds limit (5632) in 'void jxl::N_SSE4::Separable5Impl::ConvolveRow<2u, true>(unsigned int)' [-Wframe-larger-than]
2026-10-09T16:15:35.0966020Z C/C++: /home/runner/work/AN-Paint/AN-Paint/Paintroid/build/jxl-source/lib/jxl/enc_convolve_separable5.cc:111:21: warning: stack frame size (6300) exceeds limit (5632) in 'void jxl::N_SSE4::Separable5Impl::ConvolveRow<2u, false>(unsigned int)' [-Wframe-larger-than]
2026-10-09T16:15:35.0998766Z C/C++: /home/runner/work/AN-Paint/AN-Paint/Paintroid/build/jxl-source/lib/jxl/enc_convolve_separable5.cc:111:21: warning: stack frame size (6444) exceeds limit (5632) in 'void jxl::N_SSE4::Separable5Impl::ConvolveRow<3u, true>(unsigned int)' [-Wframe-larger-than]
2026-10-09T16:15:35.1040215Z C/C++: /home/runner/work/AN-Paint/AN-Paint/Paintroid/build/jxl-source/lib/jxl/enc_convolve_separable5.cc:111:21: warning: stack frame size (6300) exceeds limit (5632) in 'void jxl::N_SSE4::Separable5Impl::ConvolveRow<3u, false>(unsigned int)' [-Wframe-larger-than]
2026-10-09T16:15:35.1066873Z C/C++: /home/runner/work/AN-Paint/AN-Paint/Paintroid/build/jxl-source/lib/jxl/enc_convolve_separable5.cc:111:21: warning: stack frame size (10236) exceeds limit (5632) in 'void jxl::N_SSE2::Separable5Impl::ConvolveRow<0u, true>(unsigned int)' [-Wframe-larger-than]
2026-10-09T16:15:35.1098925Z C/C++:   111 |   JXL_NOINLINE void ConvolveRow(const uint32_t y) {
2026-10-09T16:15:35.1115881Z C/C++:       |                     ^
2026-10-09T16:15:35.1160197Z C/C++: /home/runner/work/AN-Paint/AN-Paint/Paintroid/build/jxl-source/lib/jxl/enc_convolve_separable5.cc:111:21: warning: stack frame size (10092) exceeds limit (5632) in 'void jxl::N_SSE2::Separable5Impl::ConvolveRow<0u, false>(unsigned int)' [-Wframe-larger-than]
2026-10-09T16:15:35.1190355Z C/C++: /home/runner/work/AN-Paint/AN-Paint/Paintroid/build/jxl-source/lib/jxl/enc_convolve_separable5.cc:111:21: warning: stack frame size (10140) exceeds limit (5632) in 'void jxl::N_SSE2::Separable5Impl::ConvolveRow<1u, true>(unsigned int)' [-Wframe-larger-than]
2026-10-09T16:15:35.1220257Z C/C++: /home/runner/work/AN-Paint/AN-Paint/Paintroid/build/jxl-source/lib/jxl/enc_convolve_separable5.cc:111:21: warning: stack frame size (9996) exceeds limit (5632) in 'void jxl::N_SSE2::Separable5Impl::ConvolveRow<1u, false>(unsigned int)' [-Wframe-larger-than]
2026-10-09T16:15:35.1250171Z C/C++: /home/runner/work/AN-Paint/AN-Paint/Paintroid/build/jxl-source/lib/jxl/enc_convolve_separable5.cc:111:21: warning: stack frame size (6444) exceeds limit (5632) in 'void jxl::N_SSE2::Separable5Impl::ConvolveRow<2u, true>(unsigned int)' [-Wframe-larger-than]
2026-10-09T16:15:35.1253468Z C/C++: /home/runner/work/AN-Paint/AN-Paint/Paintroid/build/jxl-source/lib/jxl/enc_convolve_separable5.cc:111:21: warning: stack frame size (6300) exceeds limit (5632) in 'void jxl::N_SSE2::Separable5Impl::ConvolveRow<2u, false>(unsigned int)' [-Wframe-larger-than]
2026-10-09T16:15:35.1280548Z C/C++: /home/runner/work/AN-Paint/AN-Paint/Paintroid/build/jxl-source/lib/jxl/enc_convolve_separable5.cc:111:21: warning: stack frame size (6444) exceeds limit (5632) in 'void jxl::N_SSE2::Separable5Impl::ConvolveRow<3u, true>(unsigned int)' [-Wframe-larger-than]
2026-10-09T16:15:35.1311088Z C/C++: /home/runner/work/AN-Paint/AN-Paint/Paintroid/build/jxl-source/lib/jxl/enc_convolve_separable5.cc:111:21: warning: stack frame size (6300) exceeds limit (5632) in 'void jxl::N_SSE2::Separable5Impl::ConvolveRow<3u, false>(unsigned int)' [-Wframe-larger-than]
2026-10-09T16:15:35.1338859Z C/C++: 16 warnings generated.
2026-10-09T16:15:43.2700608Z C/C++: /home/runner/work/AN-Paint/AN-Paint/Paintroid/build/heif-source/libde265/libde265/slice.cc:5137:11: warning: comparison of integers of different signs: 'int' and 'value_type' (aka 'unsigned int') [-Wsign-compare]
2026-10-09T16:15:43.2729607Z C/C++:  5136 |           tctx->cabac_decoder.bitstream_curr - tctx->cabac_decoder.bitstream_start - 2 /* -2 because of CABAC init */
2026-10-09T16:15:43.2730805Z C/C++:       |           ~~~~~~~~~~~~~~~~~~~~~~~~~~~~~~~~~~~~~~~~~~~~~~~~~~~~~~~~~~~~~~~~~~~~~~~~~~~~
2026-10-09T16:15:43.2731598Z C/C++:  5137 |           != tctx->shdr->entry_point_offset[substream - 1]) {
2026-10-09T16:15:43.2732284Z C/C++:       |           ^  ~~~~~~~~~~~~~~~~~~~~~~~~~~~~~~~~~~~~~~~~~~~~~
2026-10-09T16:15:43.2732849Z C/C++: 1 warning generated.
2026-10-09T16:15:44.9687525Z C/C++: /home/runner/work/AN-Paint/AN-Paint/Paintroid/build/heif-source/libheif/libheif/bitstream.cc:81:32: warning: implicit conversion loses integer precision: 'uint64_t' (aka 'unsigned long long') to 'unsigned int' [-Wshorten-64-to-32]
2026-10-09T16:15:44.9699281Z C/C++:    81 |     m_owned_data = new uint8_t[m_length];
2026-10-09T16:15:44.9728764Z C/C++:       |                    ~~~         ^~~~~~~~
2026-10-09T16:15:44.9758935Z C/C++: 1 warning generated.
2026-10-09T16:15:45.2691324Z C/C++: /home/runner/work/AN-Paint/AN-Paint/Paintroid/build/heif-source/libheif/libheif/box.cc:1006:27: warning: implicit conversion loses integer precision: 'int64_t' (aka 'long long') to 'size_t' (aka 'unsigned int') [-Wshorten-64-to-32]
2026-10-09T16:15:45.2748240Z C/C++:  1005 |   BitstreamRange boxrange(range.get_istream(),
2026-10-09T16:15:45.2776021Z C/C++:       |                  ~~~~~~~~
2026-10-09T16:15:45.2799414Z C/C++:  1006 |                           box_size_without_header,
2026-10-09T16:15:45.2828851Z C/C++:       |                           ^~~~~~~~~~~~~~~~~~~~~~~
2026-10-09T16:15:45.2850067Z C/C++: /home/runner/work/AN-Paint/AN-Paint/Paintroid/build/heif-source/libheif/libheif/box.cc:2181:76: warning: implicit conversion loses integer precision: 'uint64_t' (aka 'unsigned long long') to 'size_t' (aka 'unsigned int') [-Wshorten-64-to-32]
2026-10-09T16:15:45.2879417Z C/C++:  2181 |       memcpy(extent.data.data() + output_offset, data.data() + data_start, write_n);
2026-10-09T16:15:45.2899111Z C/C++:       |       ~~~~~~                                                               ^~~~~~~
2026-10-09T16:15:45.2910136Z C/C++: /home/runner/work/AN-Paint/AN-Paint/Paintroid/build/heif-source/libheif/libheif/box.cc:2403:44: warning: implicit conversion loses integer precision: 'uint64_t' (aka 'unsigned long long') to 'size_type' (aka 'unsigned int') [-Wshorten-64-to-32]
2026-10-09T16:15:45.2912042Z C/C++:  2403 |           std::vector<uint8_t> data(extent.length);
2026-10-09T16:15:45.2912663Z C/C++:       |                                ~~~~ ~~~~~~~^~~~~~
2026-10-09T16:15:45.2914417Z C/C++: /home/runner/work/AN-Paint/AN-Paint/Paintroid/build/heif-source/libheif/libheif/box.cc:2405:66: warning: implicit conversion loses integer precision: 'uint64_t' (aka 'unsigned long long') to 'size_t' (aka 'unsigned int') [-Wshorten-64-to-32]
2026-10-09T16:15:45.2916323Z C/C++:  2405 |           ssize_t cnt = ::read(m_tmpfile_fd, data.data(), extent.length);
2026-10-09T16:15:45.2917076Z C/C++:       |                         ~~                                ~~~~~~~^~~~~~
2026-10-09T16:15:45.2918076Z C/C++: 4 warnings generated.
2026-10-09T16:15:50.5740803Z C/C++: /home/runner/work/AN-Paint/AN-Paint/Paintroid/build/heif-source/libheif/libheif/file_layout.cc:56:50: warning: implicit conversion loses integer precision: 'uint64_t' (aka 'unsigned long long') to 'size_t' (aka 'unsigned int') [-Wshorten-64-to-32]
2026-10-09T16:15:50.5799037Z C/C++:    56 |   BitstreamRange ftyp_hdr_range(m_stream_reader, m_max_length);
2026-10-09T16:15:50.5819233Z C/C++:       |                  ~~~~~~~~~~~~~~                  ^~~~~~~~~~~~
2026-10-09T16:15:50.5850281Z C/C++: /home/runner/work/AN-Paint/AN-Paint/Paintroid/build/heif-source/libheif/libheif/file_layout.cc:88:49: warning: implicit conversion loses integer precision: 'uint64_t' (aka 'unsigned long long') to 'size_t' (aka 'unsigned int') [-Wshorten-64-to-32]
2026-10-09T16:15:50.5879089Z C/C++:    88 |   BitstreamRange ftyp_range(m_stream_reader, 0, ftyp_size);
2026-10-09T16:15:50.5880029Z C/C++:       |                  ~~~~~~~~~~                     ^~~~~~~~~
2026-10-09T16:15:50.5909983Z C/C++: /home/runner/work/AN-Paint/AN-Paint/Paintroid/build/heif-source/libheif/libheif/file_layout.cc:125:63: warning: implicit conversion loses integer precision: 'uint64_t' (aka 'unsigned long long') to 'size_t' (aka 'unsigned int') [-Wshorten-64-to-32]
2026-10-09T16:15:50.5939264Z C/C++:   125 |     BitstreamRange box_range(m_stream_reader, next_box_start, m_max_length);
2026-10-09T16:15:50.5969079Z C/C++:       |                    ~~~~~~~~~                                  ^~~~~~~~~~~~
2026-10-09T16:15:50.5981065Z C/C++: /home/runner/work/AN-Paint/AN-Paint/Paintroid/build/heif-source/libheif/libheif/file_layout.cc:125:47: warning: implicit conversion loses integer precision: 'uint64_t' (aka 'unsigned long long') to 'size_t' (aka 'unsigned int') [-Wshorten-64-to-32]
2026-10-09T16:15:50.5999197Z C/C++:   125 |     BitstreamRange box_range(m_stream_reader, next_box_start, m_max_length);
2026-10-09T16:15:50.6029008Z C/C++:       |                    ~~~~~~~~~                  ^~~~~~~~~~~~~~
2026-10-09T16:15:50.6030920Z C/C++: /home/runner/work/AN-Paint/AN-Paint/Paintroid/build/heif-source/libheif/libheif/file_layout.cc:167:70: warning: implicit conversion loses integer precision: 'uint64_t' (aka 'unsigned long long') to 'size_t' (aka 'unsigned int') [-Wshorten-64-to-32]
2026-10-09T16:15:50.6033078Z C/C++:   167 |       BitstreamRange meta_box_range(m_stream_reader, meta_box_start, end_of_meta_box);
2026-10-09T16:15:50.6034011Z C/C++:       |                      ~~~~~~~~~~~~~~                                  ^~~~~~~~~~~~~~~
2026-10-09T16:15:50.6035981Z C/C++: /home/runner/work/AN-Paint/AN-Paint/Paintroid/build/heif-source/libheif/libheif/file_layout.cc:167:54: warning: implicit conversion loses integer precision: 'const uint64_t' (aka 'const unsigned long long') to 'size_t' (aka 'unsigned int') [-Wshorten-64-to-32]
2026-10-09T16:15:50.6038117Z C/C++:   167 |       BitstreamRange meta_box_range(m_stream_reader, meta_box_start, end_of_meta_box);
2026-10-09T16:15:50.6039252Z C/C++:       |                      ~~~~~~~~~~~~~~                  ^~~~~~~~~~~~~~
2026-10-09T16:15:50.6041120Z C/C++: /home/runner/work/AN-Paint/AN-Paint/Paintroid/build/heif-source/libheif/libheif/file_layout.cc:214:70: warning: implicit conversion loses integer precision: 'uint64_t' (aka 'unsigned long long') to 'size_t' (aka 'unsigned int') [-Wshorten-64-to-32]
2026-10-09T16:15:50.6043220Z C/C++:   214 |       BitstreamRange mini_box_range(m_stream_reader, mini_box_start, end_of_mini_box);
2026-10-09T16:15:50.6044149Z C/C++:       |                      ~~~~~~~~~~~~~~                                  ^~~~~~~~~~~~~~~
2026-10-09T16:15:50.6046156Z C/C++: /home/runner/work/AN-Paint/AN-Paint/Paintroid/build/heif-source/libheif/libheif/file_layout.cc:214:54: warning: implicit conversion loses integer precision: 'const uint64_t' (aka 'const unsigned long long') to 'size_t' (aka 'unsigned int') [-Wshorten-64-to-32]
2026-10-09T16:15:50.6098952Z C/C++:   214 |       BitstreamRange mini_box_range(m_stream_reader, mini_box_start, end_of_mini_box);
2026-10-09T16:15:50.6100010Z C/C++:       |                      ~~~~~~~~~~~~~~                  ^~~~~~~~~~~~~~
2026-10-09T16:15:50.6102001Z C/C++: /home/runner/work/AN-Paint/AN-Paint/Paintroid/build/heif-source/libheif/libheif/file_layout.cc:262:70: warning: implicit conversion loses integer precision: 'uint64_t' (aka 'unsigned long long') to 'size_t' (aka 'unsigned int') [-Wshorten-64-to-32]
2026-10-09T16:15:50.6104224Z C/C++:   262 |       BitstreamRange moov_box_range(m_stream_reader, moov_box_start, end_of_moov_box);
2026-10-09T16:15:50.6105188Z C/C++:       |                      ~~~~~~~~~~~~~~                                  ^~~~~~~~~~~~~~~
2026-10-09T16:15:50.6107183Z C/C++: /home/runner/work/AN-Paint/AN-Paint/Paintroid/build/heif-source/libheif/libheif/file_layout.cc:262:54: warning: implicit conversion loses integer precision: 'const uint64_t' (aka 'const unsigned long long') to 'size_t' (aka 'unsigned int') [-Wshorten-64-to-32]
2026-10-09T16:15:50.6119882Z C/C++:   262 |       BitstreamRange moov_box_range(m_stream_reader, moov_box_start, end_of_moov_box);
2026-10-09T16:15:50.6120794Z C/C++:       |                      ~~~~~~~~~~~~~~                  ^~~~~~~~~~~~~~
2026-10-09T16:15:50.6121388Z C/C++: 10 warnings generated.
2026-10-09T16:15:51.6685420Z C/C++: /home/runner/work/AN-Paint/AN-Paint/Paintroid/build/heif-source/libheif/libheif/region.cc:493:40: warning: implicit conversion loses integer precision: 'uint64_t' (aka 'unsigned long long') to 'size_t' (aka 'unsigned int') [-Wshorten-64-to-32]
2026-10-09T16:15:51.6709177Z C/C++:   493 |   if (auto err = m_memory_handle.alloc(bytes_for_mask, limits, "region mask")) {
2026-10-09T16:15:51.6738853Z C/C++:       |                                  ~~~~~ ^~~~~~~~~~~~~~
2026-10-09T16:15:51.6770280Z C/C++: /home/runner/work/AN-Paint/AN-Paint/Paintroid/build/heif-source/libheif/libheif/region.cc:497:20: warning: implicit conversion loses integer precision: 'uint64_t' (aka 'unsigned long long') to 'size_type' (aka 'unsigned int') [-Wshorten-64-to-32]
2026-10-09T16:15:51.6798912Z C/C++:   497 |   mask_data.resize(bytes_for_mask);
2026-10-09T16:15:51.6828871Z C/C++:       |             ~~~~~~ ^~~~~~~~~~~~~~
2026-10-09T16:15:51.6858839Z C/C++: 2 warnings generated.
2026-10-09T16:15:54.0686082Z C/C++: /home/runner/work/AN-Paint/AN-Paint/Paintroid/build/heif-source/libheif/libheif/codecs/decoder.cc:127:80: warning: implicit conversion loses integer precision: 'uint64_t' (aka 'unsigned long long') to 'difference_type' (aka 'int') [-Wshorten-64-to-32]
2026-10-09T16:15:54.0759859Z C/C++:   127 |     data.insert(data.begin(), m_raw.begin() + offset, m_raw.begin() + offset + size);
2026-10-09T16:15:54.0769051Z C/C++:       |                                                                              ~ ^~~~
2026-10-09T16:15:54.0820331Z C/C++: /home/runner/work/AN-Paint/AN-Paint/Paintroid/build/heif-source/libheif/libheif/codecs/decoder.cc:127:71: warning: implicit conversion loses integer precision: 'uint64_t' (aka 'unsigned long long') to 'difference_type' (aka 'int') [-Wshorten-64-to-32]
2026-10-09T16:15:54.0869513Z C/C++:   127 |     data.insert(data.begin(), m_raw.begin() + offset, m_raw.begin() + offset + size);
2026-10-09T16:15:54.0870411Z C/C++:       |                                                                     ~ ^~~~~~
2026-10-09T16:15:54.0872343Z C/C++: /home/runner/work/AN-Paint/AN-Paint/Paintroid/build/heif-source/libheif/libheif/codecs/decoder.cc:127:47: warning: implicit conversion loses integer precision: 'uint64_t' (aka 'unsigned long long') to 'difference_type' (aka 'int') [-Wshorten-64-to-32]
2026-10-09T16:15:54.0874473Z C/C++:   127 |     data.insert(data.begin(), m_raw.begin() + offset, m_raw.begin() + offset + size);
2026-10-09T16:15:54.0875289Z C/C++:       |                                             ~ ^~~~~~
2026-10-09T16:15:54.0875813Z C/C++: 3 warnings generated.
2026-10-09T16:15:56.7685215Z C/C++: /home/runner/work/AN-Paint/AN-Paint/Paintroid/build/heif-source/libheif/libheif/image-items/tiled.cc:360:20: warning: implicit conversion loses integer precision: 'unsigned long long' to 'size_type' (aka 'unsigned int') [-Wshorten-64-to-32]
2026-10-09T16:15:56.7696369Z C/C++:   360 |   m_offsets.resize(*num_tiles_result);
2026-10-09T16:15:56.7719039Z C/C++:       |             ~~~~~~ ^~~~~~~~~~~~~~~~~
2026-10-09T16:15:56.7750181Z C/C++: /home/runner/work/AN-Paint/AN-Paint/Paintroid/build/heif-source/libheif/libheif/image-items/tiled.cc:394:109: warning: implicit conversion loses integer precision: 'uint64_t' (aka 'unsigned long long') to 'size_t' (aka 'unsigned int') [-Wshorten-64-to-32]
2026-10-09T16:15:56.7779303Z C/C++:   394 |   size_t size_to_read = (end - start) * (m_parameters.offset_field_length + m_parameters.size_field_length) / 8;
2026-10-09T16:15:56.7797452Z C/C++:       |          ~~~~~~~~~~~~   ~~~~~~~~~~~~~~~~~~~~~~~~~~~~~~~~~~~~~~~~~~~~~~~~~~~~~~~~~~~~~~~~~~~~~~~~~~~~~~~~~~~~^~~
2026-10-09T16:15:56.7810196Z C/C++: /home/runner/work/AN-Paint/AN-Paint/Paintroid/build/heif-source/libheif/libheif/image-items/tiled.cc:395:101: warning: implicit conversion loses integer precision: 'uint64_t' (aka 'unsigned long long') to 'size_t' (aka 'unsigned int') [-Wshorten-64-to-32]
2026-10-09T16:15:56.7839380Z C/C++:   395 |   size_t start_offset = start * (m_parameters.offset_field_length + m_parameters.size_field_length) / 8;
2026-10-09T16:15:56.7859279Z C/C++:       |          ~~~~~~~~~~~~   ~~~~~~~~~~~~~~~~~~~~~~~~~~~~~~~~~~~~~~~~~~~~~~~~~~~~~~~~~~~~~~~~~~~~~~~~~~~~^~~
2026-10-09T16:15:56.7887463Z C/C++: /home/runner/work/AN-Paint/AN-Paint/Paintroid/build/heif-source/libheif/libheif/image-items/tiled.cc:416:15: warning: implicit conversion loses integer precision: 'uint64_t' (aka 'unsigned long long') to 'size_type' (aka 'unsigned int') [-Wshorten-64-to-32]
2026-10-09T16:15:56.7898422Z C/C++:   416 |     m_offsets[i].offset = readvec(data, idx, m_parameters.offset_field_length / 8);
2026-10-09T16:15:56.7928863Z C/C++:       |     ~~~~~~~~~ ^
2026-10-09T16:15:56.7950362Z C/C++: /home/runner/work/AN-Paint/AN-Paint/Paintroid/build/heif-source/libheif/libheif/image-items/tiled.cc:420:17: warning: implicit conversion loses integer precision: 'uint64_t' (aka 'unsigned long long') to 'size_type' (aka 'unsigned int') [-Wshorten-64-to-32]
2026-10-09T16:15:56.7979351Z C/C++:   420 |       m_offsets[i].size = static_cast<uint32_t>(readvec(data, idx, m_parameters.size_field_length / 8));
2026-10-09T16:15:56.7989015Z C/C++:       |       ~~~~~~~~~ ^
2026-10-09T16:15:56.8020292Z C/C++: /home/runner/work/AN-Paint/AN-Paint/Paintroid/build/heif-source/libheif/libheif/image-items/tiled.cc:502:13: warning: implicit conversion loses integer precision: 'uint64_t' (aka 'unsigned long long') to 'size_type' (aka 'unsigned int') [-Wshorten-64-to-32]
2026-10-09T16:15:56.8023945Z C/C++:   502 |   m_offsets[idx].offset = offset;
2026-10-09T16:15:56.8068923Z C/C++:       |   ~~~~~~~~~ ^~~
2026-10-09T16:15:56.8080343Z C/C++: /home/runner/work/AN-Paint/AN-Paint/Paintroid/build/heif-source/libheif/libheif/image-items/tiled.cc:503:13: warning: implicit conversion loses integer precision: 'uint64_t' (aka 'unsigned long long') to 'size_type' (aka 'unsigned int') [-Wshorten-64-to-32]
2026-10-09T16:15:56.8109036Z C/C++:   503 |   m_offsets[idx].size = size;
2026-10-09T16:15:56.8134418Z C/C++:       |   ~~~~~~~~~ ^~~
2026-10-09T16:15:56.8150469Z C/C++: /home/runner/work/AN-Paint/AN-Paint/Paintroid/build/heif-source/libheif/libheif/image-items/tiled.cc:531:15: warning: implicit conversion loses integer precision: 'uint64_t' (aka 'unsigned long long') to 'size_type' (aka 'unsigned int') [-Wshorten-64-to-32]
2026-10-09T16:15:56.8188951Z C/C++:   531 |   data.resize(size);
2026-10-09T16:15:56.8189632Z C/C++:       |        ~~~~~~ ^~~~
2026-10-09T16:15:56.8208978Z C/C++: 8 warnings generated.
2026-10-09T16:15:57.6702025Z C/C++: /home/runner/work/AN-Paint/AN-Paint/Paintroid/build/heif-source/libheif/libheif/sequences/seq_boxes.cc:1077:40: warning: implicit conversion loses integer precision: 'uint64_t' (aka 'unsigned long long') to 'size_t' (aka 'unsigned int') [-Wshorten-64-to-32]
2026-10-09T16:15:57.6759379Z C/C++:  1077 |   if (auto err = m_memory_handle.alloc(mem_size,
2026-10-09T16:15:57.6799281Z C/C++:       |                                  ~~~~~ ^~~~~~~~
2026-10-09T16:15:57.6802092Z C/C++: /home/runner/work/AN-Paint/AN-Paint/Paintroid/build/heif-source/libheif/libheif/sequences/seq_boxes.cc:2062:42: warning: implicit conversion loses integer precision: 'uint64_t' (aka 'unsigned long long') to 'size_t' (aka 'unsigned int') [-Wshorten-64-to-32]
2026-10-09T16:15:57.6879215Z C/C++:  2062 |     if (auto err = m_memory_handle.alloc(mem_size, limits, "the 'sample aux info sizes' (saiz) table")) {
2026-10-09T16:15:57.6919094Z C/C++:       |                                    ~~~~~ ^~~~~~~~
2026-10-09T16:15:57.6960172Z C/C++: /home/runner/work/AN-Paint/AN-Paint/Paintroid/build/heif-source/libheif/libheif/sequences/seq_boxes.cc:2142:23: warning: implicit conversion loses integer precision: 'uint64_t' (aka 'unsigned long long') to 'size_t' (aka 'unsigned int') [-Wshorten-64-to-32]
2026-10-09T16:15:57.6978948Z C/C++:  2142 |   writer.set_position(m_offset_start_pos);
2026-10-09T16:15:57.6979534Z C/C++:       |          ~~~~~~~~~~~~ ^~~~~~~~~~~~~~~~~~
2026-10-09T16:15:57.6979994Z C/C++: 3 warnings generated.
2026-10-09T16:15:58.4685871Z C/C++: /home/runner/work/AN-Paint/AN-Paint/Paintroid/build/heif-source/libheif/libheif/plugins/encoder_aom.cc:1394:47: warning: implicit conversion loses integer precision: 'const aom_codec_pts_t' (aka 'const long long') to 'uintptr_t' (aka 'unsigned int') [-Wshorten-64-to-32]
2026-10-09T16:15:58.4699637Z C/C++:  1394 |       output_packet.frameNr = pkt->data.frame.pts;
2026-10-09T16:15:58.4728930Z C/C++:       |                             ~ ~~~~~~~~~~~~~~~~^~~
2026-10-09T16:15:58.4740496Z C/C++: /home/runner/work/AN-Paint/AN-Paint/Paintroid/build/heif-source/libheif/libheif/plugins/encoder_aom.cc:1445:47: warning: implicit conversion loses integer precision: 'const aom_codec_pts_t' (aka 'const long long') to 'uintptr_t' (aka 'unsigned int') [-Wshorten-64-to-32]
2026-10-09T16:15:58.4789052Z C/C++:  1445 |       output_packet.frameNr = pkt->data.frame.pts;
2026-10-09T16:15:58.4789973Z C/C++:       |                             ~ ~~~~~~~~~~~~~~~~^~~
2026-10-09T16:15:58.4828875Z C/C++: 2 warnings generated.
2026-10-09T16:15:58.5690924Z C/C++: /home/runner/work/AN-Paint/AN-Paint/Paintroid/build/heif-source/libheif/libheif/plugins/encoder_kvazaar.cc:805:63: warning: implicit conversion loses integer precision: 'int64_t' (aka 'long long') to 'uintptr_t' (aka 'unsigned int') [-Wshorten-64-to-32]
2026-10-09T16:15:58.5719191Z C/C++:   805 |   append_chunk_data(data, encoder, picture_out ? picture_out->pts : 0);
2026-10-09T16:15:58.5739087Z C/C++:       |   ~~~~~~~~~~~~~~~~~                              ~~~~~~~~~~~~~^~~
2026-10-09T16:15:58.5770426Z C/C++: /home/runner/work/AN-Paint/AN-Paint/Paintroid/build/heif-source/libheif/libheif/plugins/encoder_kvazaar.cc:847:51: warning: implicit conversion loses integer precision: 'int64_t' (aka 'long long') to 'uintptr_t' (aka 'unsigned int') [-Wshorten-64-to-32]
2026-10-09T16:15:58.5779014Z C/C++:   847 |     append_chunk_data(data, encoder, picture_out->pts);
2026-10-09T16:15:58.5809068Z C/C++:       |     ~~~~~~~~~~~~~~~~~                ~~~~~~~~~~~~~^~~
2026-10-09T16:15:58.5809698Z C/C++: 2 warnings generated.
2026-10-09T16:16:03.1683515Z 
2026-10-09T16:16:03.1684057Z > Task :Paintroid:configureCMakeDebug[x86_64]
2026-10-09T16:16:03.1684591Z C/C++: -- Compiler is not EMSCRIPTEN
2026-10-09T16:16:09.0683568Z C/C++: --- aom_configure: Detected CPU: generic
2026-10-09T16:16:09.0684224Z C/C++: Running C compiler test: pie_check
2026-10-09T16:16:09.1683584Z C/C++: CONFIG_PIC enabled for position independent executable (PIE) build
2026-10-09T16:16:09.1684435Z C/C++: Running C compiler test: unistd_check
2026-10-09T16:16:09.2683729Z C/C++: Running CXX compiler test: unistd_check
2026-10-09T16:16:09.4683426Z C/C++: Running C compiler test: fenv_check
2026-10-09T16:16:09.6683728Z C/C++: Checking C compiler flag support for: -std=c11
2026-10-09T16:16:09.7683903Z C/C++: Checking C++ compiler flag support for: -std=c++17
2026-10-09T16:16:09.8684186Z C/C++: Checking C compiler flag support for: -Wall
2026-10-09T16:16:09.9684038Z C/C++: Checking C++ compiler flag support for: -Wall
2026-10-09T16:16:10.0683797Z C/C++: Checking C compiler flag support for: -Wdisabled-optimization
2026-10-09T16:16:10.1683847Z C/C++: Checking C++ compiler flag support for: -Wdisabled-optimization
2026-10-09T16:16:10.3683541Z C/C++: Checking C compiler flag support for: -Wextra
2026-10-09T16:16:10.4683607Z C/C++: Checking C++ compiler flag support for: -Wextra
2026-10-09T16:16:10.5683806Z C/C++: Checking C compiler flag support for: -Wextra-semi
2026-10-09T16:16:10.6683762Z C/C++: Checking C++ compiler flag support for: -Wextra-semi
2026-10-09T16:16:10.7683866Z C/C++: Checking C compiler flag support for: -Wextra-semi-stmt
2026-10-09T16:16:10.8683669Z C/C++: Checking C++ compiler flag support for: -Wextra-semi-stmt
2026-10-09T16:16:11.0684045Z C/C++: Checking C compiler flag support for: -Wfloat-conversion
2026-10-09T16:16:11.1683716Z C/C++: Checking C++ compiler flag support for: -Wfloat-conversion
2026-10-09T16:16:11.2683870Z C/C++: Checking C compiler flag support for: -Wformat=2
2026-10-09T16:16:11.3696496Z C/C++: Checking C++ compiler flag support for: -Wformat=2
2026-10-09T16:16:11.4684131Z C/C++: Checking C compiler flag support for: -Wimplicit-function-declaration
2026-10-09T16:16:11.5683730Z C/C++: Checking C compiler flag support for: -Wlogical-op
2026-10-09T16:16:11.6683538Z C/C++: Checking C++ compiler flag support for: -Wlogical-op
2026-10-09T16:16:11.8683836Z C/C++: Checking C compiler flag support for: -Wmissing-declarations
2026-10-09T16:16:11.9683548Z C/C++: Checking C++ compiler flag support for: -Wmissing-declarations
2026-10-09T16:16:12.0684352Z C/C++: Checking C compiler flag support for: -Wmissing-prototypes
2026-10-09T16:16:12.1683890Z C/C++: Checking C++ compiler flag support for: -Wmissing-prototypes
2026-10-09T16:16:12.2683516Z C/C++: Checking C compiler flag support for: -Wpointer-arith
2026-10-09T16:16:12.3683839Z C/C++: Checking C++ compiler flag support for: -Wpointer-arith
2026-10-09T16:16:12.5683805Z C/C++: Checking C compiler flag support for: -Wshadow
2026-10-09T16:16:12.6683850Z C/C++: Checking C++ compiler flag support for: -Wshadow
2026-10-09T16:16:12.7683441Z C/C++: Checking C compiler flag support for: -Wshorten-64-to-32
2026-10-09T16:16:12.8683942Z C/C++: Checking C++ compiler flag support for: -Wshorten-64-to-32
2026-10-09T16:16:12.9684177Z C/C++: Checking C compiler flag support for: -Wsign-compare
2026-10-09T16:16:13.0683620Z C/C++: Checking C++ compiler flag support for: -Wsign-compare
2026-10-09T16:16:13.2683608Z C/C++: Checking C compiler flag support for: -Wstring-conversion
2026-10-09T16:16:13.3684209Z C/C++: Checking C++ compiler flag support for: -Wstring-conversion
2026-10-09T16:16:13.4683862Z C/C++: Checking C compiler flag support for: -Wtype-limits
2026-10-09T16:16:13.5683633Z C/C++: Checking C++ compiler flag support for: -Wtype-limits
2026-10-09T16:16:13.6683600Z C/C++: Checking C compiler flag support for: -Wundef
2026-10-09T16:16:13.8683764Z C/C++: Checking C++ compiler flag support for: -Wundef
2026-10-09T16:16:13.9683846Z C/C++: Checking C compiler flag support for: -Wuninitialized
2026-10-09T16:16:14.0683760Z C/C++: Checking C++ compiler flag support for: -Wuninitialized
2026-10-09T16:16:14.1683772Z C/C++: Checking C compiler flag support for: -Wunreachable-code-aggressive
2026-10-09T16:16:14.2683758Z C/C++: Checking C++ compiler flag support for: -Wunreachable-code-aggressive
2026-10-09T16:16:14.3683562Z C/C++: Checking C compiler flag support for: -Wunused
2026-10-09T16:16:14.5683677Z C/C++: Checking C++ compiler flag support for: -Wunused
2026-10-09T16:16:14.6683641Z C/C++: Checking C compiler flag support for: -Wvla
2026-10-09T16:16:14.7683275Z C/C++: Checking C++ compiler flag support for: -Wvla
2026-10-09T16:16:14.8683624Z C/C++: Checking C compiler flag support for: -Wc23-extensions
2026-10-09T16:16:14.9684277Z C/C++: Checking C++ compiler flag support for: -Wc++20-extensions
2026-10-09T16:16:15.0683845Z C/C++: Checking C++ compiler flag support for: -Wc++23-extensions
2026-10-09T16:16:15.1683552Z C/C++: Checking C compiler flag support for: -Wstack-usage=100000
2026-10-09T16:16:15.3683531Z C/C++: Checking C++ compiler flag support for: -Wstack-usage=240000
2026-10-09T16:16:15.4683821Z C/C++: Checking C compiler flag support for: -D_LARGEFILE_SOURCE
2026-10-09T16:16:15.5684246Z C/C++: Checking C++ compiler flag support for: -D_LARGEFILE_SOURCE
2026-10-09T16:16:15.6683811Z C/C++: Checking C compiler flag support for: -D_FILE_OFFSET_BITS=64
2026-10-09T16:16:15.7683363Z C/C++: Checking C++ compiler flag support for: -D_FILE_OFFSET_BITS=64
2026-10-09T16:16:15.8683238Z C/C++: Checking C compiler flag support for: -flax-vector-conversions=none
2026-10-09T16:16:16.0683762Z C/C++: Checking C++ compiler flag support for: -flax-vector-conversions=none
2026-10-09T16:16:16.7683339Z C/C++: === Summary of compiled codecs ===
2026-10-09T16:16:16.7684055Z C/C++: libde265 HEVC decoder                 : + built-in
2026-10-09T16:16:16.7684764Z C/C++: FFMPEG HEVC decoder (HW acc)          : - disabled
2026-10-09T16:16:16.7685223Z C/C++: WebCodecs HEVC decoder (experimental) : - disabled
2026-10-09T16:16:16.7685663Z C/C++: x265 HEVC encoder                     : - disabled
2026-10-09T16:16:16.7686072Z C/C++: Kvazaar HEVC encoder                  : + built-in
2026-10-09T16:16:16.7686485Z C/C++: AOM AV1 decoder                       : + built-in
2026-10-09T16:16:16.7686924Z C/C++: AOM AV1 encoder                       : + built-in
2026-10-09T16:16:16.7687319Z C/C++: Dav1d AV1 decoder                     : - disabled
2026-10-09T16:16:16.7687725Z C/C++: SVT AV1 encoder                       : - disabled
2026-10-09T16:16:16.7688117Z C/C++: Rav1e AV1 encoder                     : - disabled
2026-10-09T16:16:16.7688906Z C/C++: JPEG decoder                          : - disabled
2026-10-09T16:16:16.7689902Z C/C++: JPEG encoder                          : - disabled
2026-10-09T16:16:16.7690503Z C/C++: x264 AVC encoder                      : - disabled
2026-10-09T16:16:16.7691084Z C/C++: OpenH264 decoder                      : - disabled
2026-10-09T16:16:16.7691664Z C/C++: OpenJPEG J2K decoder                  : - disabled
2026-10-09T16:16:16.7692255Z C/C++: OpenJPEG J2K encoder                  : - disabled
2026-10-09T16:16:16.7692838Z C/C++: OpenJPH HT-J2K encoder                : - disabled
2026-10-09T16:16:16.7693368Z C/C++: uvg266 VVC encoder                    : - disabled
2026-10-09T16:16:16.7693719Z C/C++: vvenc VVC encoder                     : - disabled
2026-10-09T16:16:16.7694069Z C/C++: vvdec VVC decoder                     : - disabled
2026-10-09T16:16:16.7694399Z C/C++: === Supported formats ===
2026-10-09T16:16:16.7694679Z C/C++: format        decoding   encoding
2026-10-09T16:16:16.7694976Z C/C++: AVC             NO         NO 
2026-10-09T16:16:16.7695246Z C/C++: AVIF            YES        YES
2026-10-09T16:16:16.7695514Z C/C++: HEIC            YES        YES
2026-10-09T16:16:16.7695795Z C/C++: JPEG            NO         NO 
2026-10-09T16:16:16.7696060Z C/C++: JPEG2000        NO         NO 
2026-10-09T16:16:16.7696327Z C/C++: JPEG2000-HT     NO         NO 
2026-10-09T16:16:16.7696604Z C/C++: Uncompressed    NO         NO 
2026-10-09T16:16:16.7696849Z C/C++: VVC             NO         NO 
2026-10-09T16:16:16.7697107Z C/C++: libsharpyuv: disabled
2026-10-09T16:16:16.8684067Z C/C++: === Active input formats for heif-enc ===
2026-10-09T16:16:16.8684917Z C/C++: JPEG: ------ (libjpeg not found)
2026-10-09T16:16:16.8685737Z C/C++: PNG:  ------ (libpng not found)
2026-10-09T16:16:16.8686543Z C/C++: WEBP:  ------ (libwebp not found)
2026-10-09T16:16:16.8687343Z C/C++: TIFF: ------ (libtiff not found)
2026-10-09T16:16:16.8688057Z C/C++: Not compiling 'x265' backend
2026-10-09T16:16:16.8689005Z C/C++: Compiling 'libde265' as built-in backend
2026-10-09T16:16:16.8689650Z C/C++: Not compiling 'dav1d' backend
2026-10-09T16:16:16.8690747Z C/C++: Compiling 'aomdec' as built-in backend
2026-10-09T16:16:16.8691415Z C/C++: Compiling 'aomenc' as built-in backend
2026-10-09T16:16:16.8692035Z C/C++: Not compiling 'svtenc' backend
2026-10-09T16:16:16.8692609Z C/C++: Not compiling 'rav1e' backend
2026-10-09T16:16:16.8693176Z C/C++: Not compiling 'jpegdec' backend
2026-10-09T16:16:16.8693749Z C/C++: Not compiling 'jpegenc' backend
2026-10-09T16:16:16.8694196Z C/C++: Not compiling 'j2kdec' backend
2026-10-09T16:16:16.8694549Z C/C++: Not compiling 'j2kenc' backend
2026-10-09T16:16:16.8694924Z C/C++: Compiling 'kvazaar' as built-in backend
2026-10-09T16:16:16.8695333Z C/C++: Not compiling 'ffmpegdec' backend
2026-10-09T16:16:16.8695708Z C/C++: Not compiling 'jphenc' backend
2026-10-09T16:16:16.8696077Z C/C++: Not compiling 'uvg266' backend
2026-10-09T16:16:16.8696428Z C/C++: Not compiling 'vvdec' backend
2026-10-09T16:16:16.8696776Z C/C++: Not compiling 'vvenc' backend
2026-10-09T16:16:16.8697126Z C/C++: Not compiling 'x264' backend
2026-10-09T16:16:16.8697497Z C/C++: Not compiling 'openh264dec' backend
2026-10-09T16:16:16.8697875Z C/C++: Not compiling 'libsharpyuv'
2026-10-09T16:16:24.3718787Z 
2026-10-09T16:16:24.3719538Z > Task :Paintroid:buildCMakeDebug[x86_64][anpaint_heif,anpaint_jxl,etc]
2026-10-09T16:16:24.3779459Z C/C++: ninja: Entering directory `/home/runner/work/AN-Paint/AN-Paint/Paintroid/.cxx/Debug/68am3368/x86_64'
2026-10-09T16:16:24.3809788Z C/C++: In file included from /home/runner/work/AN-Paint/AN-Paint/Paintroid/build/jxl-source/third_party/skcms/src/skcms_TransformBaseline.cc:47:
2026-10-09T16:16:24.3840839Z C/C++: /home/runner/work/AN-Paint/AN-Paint/Paintroid/build/jxl-source/third_party/skcms/src/Transform_inl.h:1165:1: warning: stack frame size (5944) exceeds limit (5632) in 'skcms_private::baseline::Exec_xyz_to_lab(skcms_private::baseline::StageList, void const**, char const*, char*, float vector[4], float vector[4], float vector[4], float vector[4], int)' [-Wframe-larger-than]
2026-10-09T16:16:24.3868820Z C/C++:  1165 | STAGE(xyz_to_lab, NoCtx) {
2026-10-09T16:16:24.3869399Z C/C++:       | ^
2026-10-09T16:16:24.3919793Z C/C++: /home/runner/work/AN-Paint/AN-Paint/Paintroid/build/jxl-source/third_party/skcms/src/Transform_inl.h:818:9: note: expanded from macro 'STAGE'
2026-10-09T16:16:24.3921933Z C/C++:   818 |         DECLARE_STAGE(name, arg, [[clang::musttail]] return (*list.fn)(list, ctx, src, dst, \
2026-10-09T16:16:24.3948979Z C/C++:       |         ^
2026-10-09T16:16:24.3976137Z C/C++: /home/runner/work/AN-Paint/AN-Paint/Paintroid/build/jxl-source/third_party/skcms/src/Transform_inl.h:809:17: note: expanded from macro 'DECLARE_STAGE'
2026-10-09T16:16:24.4019193Z C/C++:   809 |         SI void Exec_##name(StageList list, const void** ctx, STAGE_PARAMS()) { \
2026-10-09T16:16:24.4019941Z C/C++:       |                 ^
2026-10-09T16:16:24.4020873Z C/C++: /home/runner/work/AN-Paint/AN-Paint/Paintroid/.cxx/Debug/68am3368/x86_64/<scratch space>:64:1: note: expanded from here
2026-10-09T16:16:24.4021975Z C/C++:    64 | Exec_xyz_to_lab
2026-10-09T16:16:24.4022375Z C/C++:       | ^
2026-10-09T16:16:24.4023373Z C/C++: In file included from /home/runner/work/AN-Paint/AN-Paint/Paintroid/build/jxl-source/third_party/skcms/src/skcms_TransformBaseline.cc:47:
2026-10-09T16:16:24.4026495Z C/C++: /home/runner/work/AN-Paint/AN-Paint/Paintroid/build/jxl-source/third_party/skcms/src/Transform_inl.h:1188:1: warning: stack frame size (6104) exceeds limit (5632) in 'skcms_private::baseline::Exec_gamma_rgb(skcms_private::baseline::StageList, void const**, char const*, char*, float vector[4], float vector[4], float vector[4], float vector[4], int)' [-Wframe-larger-than]
2026-10-09T16:16:24.4029297Z C/C++:  1188 | STAGE(gamma_rgb, const skcms_TransferFunction* tf) {
2026-10-09T16:16:24.4029875Z C/C++:       | ^
2026-10-09T16:16:24.4030879Z C/C++: /home/runner/work/AN-Paint/AN-Paint/Paintroid/build/jxl-source/third_party/skcms/src/Transform_inl.h:818:9: note: expanded from macro 'STAGE'
2026-10-09T16:16:24.4032655Z C/C++:   818 |         DECLARE_STAGE(name, arg, [[clang::musttail]] return (*list.fn)(list, ctx, src, dst, \
2026-10-09T16:16:24.4033442Z C/C++:       |         ^
2026-10-09T16:16:24.4034522Z C/C++: /home/runner/work/AN-Paint/AN-Paint/Paintroid/build/jxl-source/third_party/skcms/src/Transform_inl.h:809:17: note: expanded from macro 'DECLARE_STAGE'
2026-10-09T16:16:24.4035921Z C/C++:   809 |         SI void Exec_##name(StageList list, const void** ctx, STAGE_PARAMS()) { \
2026-10-09T16:16:24.4036617Z C/C++:       |                 ^
2026-10-09T16:16:24.4037586Z C/C++: /home/runner/work/AN-Paint/AN-Paint/Paintroid/.cxx/Debug/68am3368/x86_64/<scratch space>:99:1: note: expanded from here
2026-10-09T16:16:24.4049123Z C/C++:    99 | Exec_gamma_rgb
2026-10-09T16:16:24.4109133Z C/C++:       | ^
2026-10-09T16:16:24.4159626Z C/C++: In file included from /home/runner/work/AN-Paint/AN-Paint/Paintroid/build/jxl-source/third_party/skcms/src/skcms_TransformBaseline.cc:47:
2026-10-09T16:16:24.4190968Z C/C++: /home/runner/work/AN-Paint/AN-Paint/Paintroid/build/jxl-source/third_party/skcms/src/Transform_inl.h:1199:1: warning: stack frame size (7208) exceeds limit (5632) in 'skcms_private::baseline::Exec_tf_rgb(skcms_private::baseline::StageList, void const**, char const*, char*, float vector[4], float vector[4], float vector[4], float vector[4], int)' [-Wframe-larger-than]
2026-10-09T16:16:24.4218996Z C/C++:  1199 | STAGE(tf_rgb, const skcms_TransferFunction* tf) {
2026-10-09T16:16:24.4269037Z C/C++:       | ^
2026-10-09T16:16:24.4329635Z C/C++: /home/runner/work/AN-Paint/AN-Paint/Paintroid/build/jxl-source/third_party/skcms/src/Transform_inl.h:818:9: note: expanded from macro 'STAGE'
2026-10-09T16:16:24.4389321Z C/C++:   818 |         DECLARE_STAGE(name, arg, [[clang::musttail]] return (*list.fn)(list, ctx, src, dst, \
2026-10-09T16:16:24.4390415Z C/C++:       |         ^
2026-10-09T16:16:24.4449850Z C/C++: /home/runner/work/AN-Paint/AN-Paint/Paintroid/build/jxl-source/third_party/skcms/src/Transform_inl.h:809:17: note: expanded from macro 'DECLARE_STAGE'
2026-10-09T16:16:24.4509386Z C/C++:   809 |         SI void Exec_##name(StageList list, const void** ctx, STAGE_PARAMS()) { \
2026-10-09T16:16:24.4543225Z C/C++:       |                 ^
2026-10-09T16:16:24.4569611Z C/C++: /home/runner/work/AN-Paint/AN-Paint/Paintroid/.cxx/Debug/68am3368/x86_64/<scratch space>:134:1: note: expanded from here
2026-10-09T16:16:24.4629077Z C/C++:   134 | Exec_tf_rgb
2026-10-09T16:16:24.4681862Z C/C++:       | ^
2026-10-09T16:16:24.4739722Z C/C++: In file included from /home/runner/work/AN-Paint/AN-Paint/Paintroid/build/jxl-source/third_party/skcms/src/skcms_TransformBaseline.cc:47:
2026-10-09T16:16:24.4760918Z C/C++: /home/runner/work/AN-Paint/AN-Paint/Paintroid/build/jxl-source/third_party/skcms/src/Transform_inl.h:1205:1: warning: stack frame size (5640) exceeds limit (5632) in 'skcms_private::baseline::Exec_pq_r(skcms_private::baseline::StageList, void const**, char const*, char*, float vector[4], float vector[4], float vector[4], float vector[4], int)' [-Wframe-larger-than]
2026-10-09T16:16:24.4799181Z C/C++:  1205 | STAGE(pq_r, const skcms_TransferFunction* tf) { r = apply_pq(tf, r); }
2026-10-09T16:16:24.4859849Z C/C++:       | ^
2026-10-09T16:16:24.4891172Z C/C++: /home/runner/work/AN-Paint/AN-Paint/Paintroid/build/jxl-source/third_party/skcms/src/Transform_inl.h:818:9: note: expanded from macro 'STAGE'
2026-10-09T16:16:24.4949278Z C/C++:   818 |         DECLARE_STAGE(name, arg, [[clang::musttail]] return (*list.fn)(list, ctx, src, dst, \
2026-10-09T16:16:24.4950114Z C/C++:       |         ^
2026-10-09T16:16:24.4979550Z C/C++: /home/runner/work/AN-Paint/AN-Paint/Paintroid/build/jxl-source/third_party/skcms/src/Transform_inl.h:809:17: note: expanded from macro 'DECLARE_STAGE'
2026-10-09T16:16:24.4981020Z C/C++:   809 |         SI void Exec_##name(StageList list, const void** ctx, STAGE_PARAMS()) { \
2026-10-09T16:16:24.4981736Z C/C++:       |                 ^
2026-10-09T16:16:24.4982675Z C/C++: /home/runner/work/AN-Paint/AN-Paint/Paintroid/.cxx/Debug/68am3368/x86_64/<scratch space>:141:1: note: expanded from here
2026-10-09T16:16:24.4984008Z C/C++:   141 | Exec_pq_r
2026-10-09T16:16:24.5038861Z C/C++:       | ^
2026-10-09T16:16:24.5053044Z C/C++: In file included from /home/runner/work/AN-Paint/AN-Paint/Paintroid/build/jxl-source/third_party/skcms/src/skcms_TransformBaseline.cc:47:
2026-10-09T16:16:24.5080826Z C/C++: /home/runner/work/AN-Paint/AN-Paint/Paintroid/build/jxl-source/third_party/skcms/src/Transform_inl.h:1206:1: warning: stack frame size (5640) exceeds limit (5632) in 'skcms_private::baseline::Exec_pq_g(skcms_private::baseline::StageList, void const**, char const*, char*, float vector[4], float vector[4], float vector[4], float vector[4], int)' [-Wframe-larger-than]
2026-10-09T16:16:24.5139282Z C/C++:  1206 | STAGE(pq_g, const skcms_TransferFunction* tf) { g = apply_pq(tf, g); }
2026-10-09T16:16:24.5198909Z C/C++:       | ^
2026-10-09T16:16:24.5229697Z C/C++: /home/runner/work/AN-Paint/AN-Paint/Paintroid/build/jxl-source/third_party/skcms/src/Transform_inl.h:818:9: note: expanded from macro 'STAGE'
2026-10-09T16:16:24.5259230Z C/C++:   818 |         DECLARE_STAGE(name, arg, [[clang::musttail]] return (*list.fn)(list, ctx, src, dst, \
2026-10-09T16:16:24.5298979Z C/C++:       |         ^
2026-10-09T16:16:24.5329738Z C/C++: /home/runner/work/AN-Paint/AN-Paint/Paintroid/build/jxl-source/third_party/skcms/src/Transform_inl.h:809:17: note: expanded from macro 'DECLARE_STAGE'
2026-10-09T16:16:24.5331511Z C/C++:   809 |         SI void Exec_##name(StageList list, const void** ctx, STAGE_PARAMS()) { \
2026-10-09T16:16:24.5358942Z C/C++:       |                 ^
2026-10-09T16:16:24.5389445Z C/C++: /home/runner/work/AN-Paint/AN-Paint/Paintroid/.cxx/Debug/68am3368/x86_64/<scratch space>:148:1: note: expanded from here
2026-10-09T16:16:24.5417292Z C/C++:   148 | Exec_pq_g
2026-10-09T16:16:24.5417935Z C/C++:       | ^
2026-10-09T16:16:24.5433964Z C/C++: In file included from /home/runner/work/AN-Paint/AN-Paint/Paintroid/build/jxl-source/third_party/skcms/src/skcms_TransformBaseline.cc:47:
2026-10-09T16:16:24.5437727Z C/C++: /home/runner/work/AN-Paint/AN-Paint/Paintroid/build/jxl-source/third_party/skcms/src/Transform_inl.h:1207:1: warning: stack frame size (5640) exceeds limit (5632) in 'skcms_private::baseline::Exec_pq_b(skcms_private::baseline::StageList, void const**, char const*, char*, float vector[4], float vector[4], float vector[4], float vector[4], int)' [-Wframe-larger-than]
2026-10-09T16:16:24.5440861Z C/C++:  1207 | STAGE(pq_b, const skcms_TransferFunction* tf) { b = apply_pq(tf, b); }
2026-10-09T16:16:24.5441788Z C/C++:       | ^
2026-10-09T16:16:24.5443011Z C/C++: /home/runner/work/AN-Paint/AN-Paint/Paintroid/build/jxl-source/third_party/skcms/src/Transform_inl.h:818:9: note: expanded from macro 'STAGE'
2026-10-09T16:16:24.5444680Z C/C++:   818 |         DECLARE_STAGE(name, arg, [[clang::musttail]] return (*list.fn)(list, ctx, src, dst, \
2026-10-09T16:16:24.5445693Z C/C++:       |         ^
2026-10-09T16:16:24.5447015Z C/C++: /home/runner/work/AN-Paint/AN-Paint/Paintroid/build/jxl-source/third_party/skcms/src/Transform_inl.h:809:17: note: expanded from macro 'DECLARE_STAGE'
2026-10-09T16:16:24.5448964Z C/C++:   809 |         SI void Exec_##name(StageList list, const void** ctx, STAGE_PARAMS()) { \
2026-10-09T16:16:24.5449903Z C/C++:       |                 ^
2026-10-09T16:16:24.5451132Z C/C++: /home/runner/work/AN-Paint/AN-Paint/Paintroid/.cxx/Debug/68am3368/x86_64/<scratch space>:155:1: note: expanded from here
2026-10-09T16:16:24.5452308Z C/C++:   155 | Exec_pq_b
2026-10-09T16:16:24.5452891Z C/C++:       | ^
2026-10-09T16:16:24.5454069Z C/C++: In file included from /home/runner/work/AN-Paint/AN-Paint/Paintroid/build/jxl-source/third_party/skcms/src/skcms_TransformBaseline.cc:47:
2026-10-09T16:16:24.5472133Z C/C++: /home/runner/work/AN-Paint/AN-Paint/Paintroid/build/jxl-source/third_party/skcms/src/Transform_inl.h:1208:1: warning: stack frame size (5640) exceeds limit (5632) in 'skcms_private::baseline::Exec_pq_a(skcms_private::baseline::StageList, void const**, char const*, char*, float vector[4], float vector[4], float vector[4], float vector[4], int)' [-Wframe-larger-than]
2026-10-09T16:16:24.5475037Z C/C++:  1208 | STAGE(pq_a, const skcms_TransferFunction* tf) { a = apply_pq(tf, a); }
2026-10-09T16:16:24.5475919Z C/C++:       | ^
2026-10-09T16:16:24.5477118Z C/C++: /home/runner/work/AN-Paint/AN-Paint/Paintroid/build/jxl-source/third_party/skcms/src/Transform_inl.h:818:9: note: expanded from macro 'STAGE'
2026-10-09T16:16:24.5479011Z C/C++:   818 |         DECLARE_STAGE(name, arg, [[clang::musttail]] return (*list.fn)(list, ctx, src, dst, \
2026-10-09T16:16:24.5479992Z C/C++:       |         ^
2026-10-09T16:16:24.5481283Z C/C++: /home/runner/work/AN-Paint/AN-Paint/Paintroid/build/jxl-source/third_party/skcms/src/Transform_inl.h:809:17: note: expanded from macro 'DECLARE_STAGE'
2026-10-09T16:16:24.5482910Z C/C++:   809 |         SI void Exec_##name(StageList list, const void** ctx, STAGE_PARAMS()) { \
2026-10-09T16:16:24.5483810Z C/C++:       |                 ^
2026-10-09T16:16:24.5484931Z C/C++: /home/runner/work/AN-Paint/AN-Paint/Paintroid/.cxx/Debug/68am3368/x86_64/<scratch space>:162:1: note: expanded from here
2026-10-09T16:16:24.5486104Z C/C++:   162 | Exec_pq_a
2026-10-09T16:16:24.5486653Z C/C++:       | ^
2026-10-09T16:16:24.5487801Z C/C++: In file included from /home/runner/work/AN-Paint/AN-Paint/Paintroid/build/jxl-source/third_party/skcms/src/skcms_TransformBaseline.cc:47:
2026-10-09T16:16:24.5491217Z C/C++: /home/runner/work/AN-Paint/AN-Paint/Paintroid/build/jxl-source/third_party/skcms/src/Transform_inl.h:1210:1: warning: stack frame size (15800) exceeds limit (5632) in 'skcms_private::baseline::Exec_pq_rgb(skcms_private::baseline::StageList, void const**, char const*, char*, float vector[4], float vector[4], float vector[4], float vector[4], int)' [-Wframe-larger-than]
2026-10-09T16:16:24.5493915Z C/C++:  1210 | STAGE(pq_rgb, const skcms_TransferFunction* tf) {
2026-10-09T16:16:24.5494815Z C/C++:       | ^
2026-10-09T16:16:24.5496018Z C/C++: /home/runner/work/AN-Paint/AN-Paint/Paintroid/build/jxl-source/third_party/skcms/src/Transform_inl.h:818:9: note: expanded from macro 'STAGE'
2026-10-09T16:16:24.5497909Z C/C++:   818 |         DECLARE_STAGE(name, arg, [[clang::musttail]] return (*list.fn)(list, ctx, src, dst, \
2026-10-09T16:16:24.5499207Z C/C++:       |         ^
2026-10-09T16:16:24.5500471Z C/C++: /home/runner/work/AN-Paint/AN-Paint/Paintroid/build/jxl-source/third_party/skcms/src/Transform_inl.h:809:17: note: expanded from macro 'DECLARE_STAGE'
2026-10-09T16:16:24.5502065Z C/C++:   809 |         SI void Exec_##name(StageList list, const void** ctx, STAGE_PARAMS()) { \
2026-10-09T16:16:24.5502976Z C/C++:       |                 ^
2026-10-09T16:16:24.5504101Z C/C++: /home/runner/work/AN-Paint/AN-Paint/Paintroid/.cxx/Debug/68am3368/x86_64/<scratch space>:169:1: note: expanded from here
2026-10-09T16:16:24.5505282Z C/C++:   169 | Exec_pq_rgb
2026-10-09T16:16:24.5505851Z C/C++:       | ^
2026-10-09T16:16:24.5507019Z C/C++: In file included from /home/runner/work/AN-Paint/AN-Paint/Paintroid/build/jxl-source/third_party/skcms/src/skcms_TransformBaseline.cc:47:
2026-10-09T16:16:24.5510518Z C/C++: /home/runner/work/AN-Paint/AN-Paint/Paintroid/build/jxl-source/third_party/skcms/src/Transform_inl.h:1221:1: warning: stack frame size (9752) exceeds limit (5632) in 'skcms_private::baseline::Exec_hlg_rgb(skcms_private::baseline::StageList, void const**, char const*, char*, float vector[4], float vector[4], float vector[4], float vector[4], int)' [-Wframe-larger-than]
2026-10-09T16:16:24.5513285Z C/C++:  1221 | STAGE(hlg_rgb, const skcms_TransferFunction* tf) {
2026-10-09T16:16:24.5514072Z C/C++:       | ^
2026-10-09T16:16:24.5515254Z C/C++: /home/runner/work/AN-Paint/AN-Paint/Paintroid/build/jxl-source/third_party/skcms/src/Transform_inl.h:818:9: note: expanded from macro 'STAGE'
2026-10-09T16:16:24.5516892Z C/C++:   818 |         DECLARE_STAGE(name, arg, [[clang::musttail]] return (*list.fn)(list, ctx, src, dst, \
2026-10-09T16:16:24.5517848Z C/C++:       |         ^
2026-10-09T16:16:24.5519540Z C/C++: /home/runner/work/AN-Paint/AN-Paint/Paintroid/build/jxl-source/third_party/skcms/src/Transform_inl.h:809:17: note: expanded from macro 'DECLARE_STAGE'
2026-10-09T16:16:24.5521264Z C/C++:   809 |         SI void Exec_##name(StageList list, const void** ctx, STAGE_PARAMS()) { \
2026-10-09T16:16:24.5522173Z C/C++:       |                 ^
2026-10-09T16:16:24.5523356Z C/C++: /home/runner/work/AN-Paint/AN-Paint/Paintroid/.cxx/Debug/68am3368/x86_64/<scratch space>:204:1: note: expanded from here
2026-10-09T16:16:24.5524527Z C/C++:   204 | Exec_hlg_rgb
2026-10-09T16:16:24.5525086Z C/C++:       | ^
2026-10-09T16:16:24.5526241Z C/C++: In file included from /home/runner/work/AN-Paint/AN-Paint/Paintroid/build/jxl-source/third_party/skcms/src/skcms_TransformBaseline.cc:47:
2026-10-09T16:16:24.5529984Z C/C++: /home/runner/work/AN-Paint/AN-Paint/Paintroid/build/jxl-source/third_party/skcms/src/Transform_inl.h:1253:1: warning: stack frame size (7928) exceeds limit (5632) in 'skcms_private::baseline::Exec_hlginv_rgb(skcms_private::baseline::StageList, void const**, char const*, char*, float vector[4], float vector[4], float vector[4], float vector[4], int)' [-Wframe-larger-than]
2026-10-09T16:16:24.5532841Z C/C++:  1253 | STAGE(hlginv_rgb, const skcms_TransferFunction* tf) {
2026-10-09T16:16:24.5533619Z C/C++:       | ^
2026-10-09T16:16:24.5534800Z C/C++: /home/runner/work/AN-Paint/AN-Paint/Paintroid/build/jxl-source/third_party/skcms/src/Transform_inl.h:818:9: note: expanded from macro 'STAGE'
2026-10-09T16:16:24.5536462Z C/C++:   818 |         DECLARE_STAGE(name, arg, [[clang::musttail]] return (*list.fn)(list, ctx, src, dst, \
2026-10-09T16:16:24.5537449Z C/C++:       |         ^
2026-10-09T16:16:24.5539083Z C/C++: /home/runner/work/AN-Paint/AN-Paint/Paintroid/build/jxl-source/third_party/skcms/src/Transform_inl.h:809:17: note: expanded from macro 'DECLARE_STAGE'
2026-10-09T16:16:24.5540717Z C/C++:   809 |         SI void Exec_##name(StageList list, const void** ctx, STAGE_PARAMS()) { \
2026-10-09T16:16:24.5541884Z C/C++:       |                 ^
2026-10-09T16:16:24.5543007Z C/C++: /home/runner/work/AN-Paint/AN-Paint/Paintroid/.cxx/Debug/68am3368/x86_64/<scratch space>:246:1: note: expanded from here
2026-10-09T16:16:24.5544173Z C/C++:   246 | Exec_hlginv_rgb
2026-10-09T16:16:24.5544747Z C/C++:       | ^
2026-10-09T16:16:24.5545265Z C/C++: 10 warnings generated.
2026-10-09T16:16:25.6710323Z C/C++: In file included from /home/runner/work/AN-Paint/AN-Paint/Paintroid/build/jxl-source/lib/jxl/compressed_dc.cc:22:
2026-10-09T16:16:25.6739815Z C/C++: In file included from /home/runner/work/AN-Paint/AN-Paint/Paintroid/build/jxl-source/third_party/highway/hwy/foreach_target.h:83:
2026-10-09T16:16:25.6770610Z C/C++: /home/runner/work/AN-Paint/AN-Paint/Paintroid/build/jxl-source/lib/jxl/compressed_dc.cc:149:22: warning: stack frame size (10136) exceeds limit (5632) in 'jxl::N_SSE4::AdaptiveDCSmoothing(JxlMemoryManagerStruct*, float const*, jxl::Image3<float>*, jxl::ThreadPool*)::$_0::operator()(unsigned int, unsigned long) const' [-Wframe-larger-than]
2026-10-09T16:16:25.6779104Z C/C++:   149 |   auto process_row = [&](const uint32_t y, size_t /*thread*/) -> Status {
2026-10-09T16:16:25.6828793Z C/C++:       |                      ^
2026-10-09T16:16:25.6829951Z C/C++: In file included from /home/runner/work/AN-Paint/AN-Paint/Paintroid/build/jxl-source/lib/jxl/compressed_dc.cc:22:
2026-10-09T16:16:25.6859537Z C/C++: In file included from /home/runner/work/AN-Paint/AN-Paint/Paintroid/build/jxl-source/third_party/highway/hwy/foreach_target.h:94:
2026-10-09T16:16:25.6880854Z C/C++: /home/runner/work/AN-Paint/AN-Paint/Paintroid/build/jxl-source/lib/jxl/compressed_dc.cc:149:22: warning: stack frame size (12888) exceeds limit (5632) in 'jxl::N_AVX2::AdaptiveDCSmoothing(JxlMemoryManagerStruct*, float const*, jxl::Image3<float>*, jxl::ThreadPool*)::$_0::operator()(unsigned int, unsigned long) const' [-Wframe-larger-than]
2026-10-09T16:16:25.6919145Z C/C++:   149 |   auto process_row = [&](const uint32_t y, size_t /*thread*/) -> Status {
2026-10-09T16:16:25.6920324Z C/C++:       |                      ^
2026-10-09T16:16:25.6922646Z C/C++: /home/runner/work/AN-Paint/AN-Paint/Paintroid/build/jxl-source/lib/jxl/compressed_dc.cc:149:22: warning: stack frame size (10136) exceeds limit (5632) in 'jxl::N_SSE2::AdaptiveDCSmoothing(JxlMemoryManagerStruct*, float const*, jxl::Image3<float>*, jxl::ThreadPool*)::$_0::operator()(unsigned int, unsigned long) const' [-Wframe-larger-than]
2026-10-09T16:16:25.6925184Z C/C++:   149 |   auto process_row = [&](const uint32_t y, size_t /*thread*/) -> Status {
2026-10-09T16:16:25.6925876Z C/C++:       |                      ^
2026-10-09T16:16:25.6926321Z C/C++: 3 warnings generated.
2026-10-09T16:16:27.1685276Z C/C++: In file included from /home/runner/work/AN-Paint/AN-Paint/Paintroid/build/jxl-source/lib/jxl/dec_external_image.cc:28:
2026-10-09T16:16:27.1769596Z C/C++: In file included from /home/runner/work/AN-Paint/AN-Paint/Paintroid/build/jxl-source/third_party/highway/hwy/foreach_target.h:83:
2026-10-09T16:16:27.1799465Z C/C++: In file included from /home/runner/work/AN-Paint/AN-Paint/Paintroid/build/jxl-source/lib/jxl/dec_external_image.cc:29:
2026-10-09T16:16:27.1859605Z C/C++: In file included from /home/runner/work/AN-Paint/AN-Paint/Paintroid/build/jxl-source/third_party/highway/hwy/highway.h:605:
2026-10-09T16:16:27.1921213Z C/C++: /home/runner/work/AN-Paint/AN-Paint/Paintroid/build/jxl-source/third_party/highway/hwy/ops/generic_ops-inl.h:2807:19: warning: stack frame size (8440) exceeds limit (5632) in 'decltype(Zero((hwy::N_SSE4::Simd<hwy::float16_t, 8ul, -1>)())) hwy::N_SSE4::DemoteTo<hwy::N_SSE4::Simd<hwy::float16_t, 8ul, -1>, (void*)0>(hwy::N_SSE4::Simd<hwy::float16_t, 8ul, -1>, decltype(Zero((hwy::N_SSE4::Simd<hwy::float16_t, 8ul, -1>::Rebind<float>)())))' [-Wframe-larger-than]
2026-10-09T16:16:27.1924096Z C/C++:  2807 | HWY_API VFromD<D> DemoteTo(D df16, VFromD<Rebind<float, D>> v) {
2026-10-09T16:16:27.1924761Z C/C++:       |                   ^
2026-10-09T16:16:27.1926155Z C/C++: In file included from /home/runner/work/AN-Paint/AN-Paint/Paintroid/build/jxl-source/lib/jxl/dec_external_image.cc:29:
2026-10-09T16:16:27.1927629Z C/C++: In file included from /home/runner/work/AN-Paint/AN-Paint/Paintroid/build/jxl-source/third_party/highway/hwy/highway.h:605:
2026-10-09T16:16:27.1931067Z C/C++: /home/runner/work/AN-Paint/AN-Paint/Paintroid/build/jxl-source/third_party/highway/hwy/ops/generic_ops-inl.h:2807:19: warning: stack frame size (8408) exceeds limit (5632) in 'decltype(Zero((hwy::N_SSE2::Simd<hwy::float16_t, 8ul, -1>)())) hwy::N_SSE2::DemoteTo<hwy::N_SSE2::Simd<hwy::float16_t, 8ul, -1>, (void*)0>(hwy::N_SSE2::Simd<hwy::float16_t, 8ul, -1>, decltype(Zero((hwy::N_SSE2::Simd<hwy::float16_t, 8ul, -1>::Rebind<float>)())))' [-Wframe-larger-than]
2026-10-09T16:16:27.1933926Z C/C++:  2807 | HWY_API VFromD<D> DemoteTo(D df16, VFromD<Rebind<float, D>> v) {
2026-10-09T16:16:27.1934563Z C/C++:       |                   ^
2026-10-09T16:16:27.1935016Z C/C++: 2 warnings generated.
2026-10-09T16:16:29.6712777Z C/C++: /home/runner/work/AN-Paint/AN-Paint/Paintroid/build/jxl-source/lib/jxl/modular/encoding/encoding.cc:149:8: warning: stack frame size (8040) exceeds limit (5632) in 'jxl::Status jxl::detail::DecodeModularChannelMAANS<true>(jxl::BitReader*, jxl::ANSSymbolReader*, std::__ndk1::vector<unsigned char, std::__ndk1::allocator<unsigned char>> const&, std::__ndk1::vector<jxl::PropertyDecisionNode, std::__ndk1::allocator<jxl::PropertyDecisionNode>> const&, jxl::weighted::Header const&, int, unsigned long, jxl::TreeLut<unsigned char, false, false>&, jxl::Image*, unsigned int&, unsigned int&)' [-Wframe-larger-than]
2026-10-09T16:16:29.6739369Z C/C++:   149 | Status DecodeModularChannelMAANS(BitReader *br, ANSSymbolReader *reader,
2026-10-09T16:16:29.6768983Z C/C++:       |        ^
2026-10-09T16:16:29.6832810Z C/C++: /home/runner/work/AN-Paint/AN-Paint/Paintroid/build/jxl-source/lib/jxl/modular/encoding/encoding.cc:149:8: warning: stack frame size (15272) exceeds limit (5632) in 'jxl::Status jxl::detail::DecodeModularChannelMAANS<false>(jxl::BitReader*, jxl::ANSSymbolReader*, std::__ndk1::vector<unsigned char, std::__ndk1::allocator<unsigned char>> const&, std::__ndk1::vector<jxl::PropertyDecisionNode, std::__ndk1::allocator<jxl::PropertyDecisionNode>> const&, jxl::weighted::Header const&, int, unsigned long, jxl::TreeLut<unsigned char, false, false>&, jxl::Image*, unsigned int&, unsigned int&)' [-Wframe-larger-than]
2026-10-09T16:16:29.6879047Z C/C++: 2 warnings generated.
2026-10-09T16:16:30.3685554Z C/C++: In file included from /home/runner/work/AN-Paint/AN-Paint/Paintroid/build/jxl-source/lib/jxl/modular/transform/squeeze.cc:26:
2026-10-09T16:16:30.3709680Z C/C++: In file included from /home/runner/work/AN-Paint/AN-Paint/Paintroid/build/jxl-source/third_party/highway/hwy/foreach_target.h:83:
2026-10-09T16:16:30.3730972Z C/C++: /home/runner/work/AN-Paint/AN-Paint/Paintroid/build/jxl-source/lib/jxl/modular/transform/squeeze.cc:182:31: warning: stack frame size (6056) exceeds limit (5632) in 'jxl::N_SSE4::InvHSqueeze(jxl::Image&, unsigned int, unsigned int, jxl::ThreadPool*)::$_0::operator()(unsigned int, unsigned long) const' [-Wframe-larger-than]
2026-10-09T16:16:30.3733364Z C/C++:   182 |   const auto unsqueeze_span = [&](const uint32_t task,
2026-10-09T16:16:30.3759057Z C/C++:       |                               ^
2026-10-09T16:16:30.3789457Z C/C++: In file included from /home/runner/work/AN-Paint/AN-Paint/Paintroid/build/jxl-source/lib/jxl/modular/transform/squeeze.cc:26:
2026-10-09T16:16:30.3819515Z C/C++: In file included from /home/runner/work/AN-Paint/AN-Paint/Paintroid/build/jxl-source/third_party/highway/hwy/foreach_target.h:94:
2026-10-09T16:16:30.3831926Z C/C++: /home/runner/work/AN-Paint/AN-Paint/Paintroid/build/jxl-source/lib/jxl/modular/transform/squeeze.cc:182:31: warning: stack frame size (17080) exceeds limit (5632) in 'jxl::N_AVX2::InvHSqueeze(jxl::Image&, unsigned int, unsigned int, jxl::ThreadPool*)::$_0::operator()(unsigned int, unsigned long) const' [-Wframe-larger-than]
2026-10-09T16:16:30.3849059Z C/C++:   182 |   const auto unsqueeze_span = [&](const uint32_t task,
2026-10-09T16:16:30.3879035Z C/C++:       |                               ^
2026-10-09T16:16:30.3910516Z C/C++: /home/runner/work/AN-Paint/AN-Paint/Paintroid/build/jxl-source/lib/jxl/modular/transform/squeeze.cc:182:31: warning: stack frame size (6056) exceeds limit (5632) in 'jxl::N_SSE2::InvHSqueeze(jxl::Image&, unsigned int, unsigned int, jxl::ThreadPool*)::$_0::operator()(unsigned int, unsigned long) const' [-Wframe-larger-than]
2026-10-09T16:16:30.3920378Z C/C++:   182 |   const auto unsqueeze_span = [&](const uint32_t task,
2026-10-09T16:16:30.3939078Z C/C++:       |                               ^
2026-10-09T16:16:30.3968928Z C/C++: 3 warnings generated.
2026-10-09T16:16:32.3701688Z C/C++: In file included from /home/runner/work/AN-Paint/AN-Paint/Paintroid/build/jxl-source/lib/jxl/render_pipeline/stage_epf.cc:26:
2026-10-09T16:16:32.3729641Z C/C++: In file included from /home/runner/work/AN-Paint/AN-Paint/Paintroid/build/jxl-source/third_party/highway/hwy/foreach_target.h:94:
2026-10-09T16:16:32.3792709Z C/C++: /home/runner/work/AN-Paint/AN-Paint/Paintroid/build/jxl-source/lib/jxl/render_pipeline/stage_epf.cc:225:10: warning: stack frame size (10008) exceeds limit (5632) in 'jxl::N_AVX2::EPF1Stage::ProcessRow(std::__ndk1::vector<std::__ndk1::vector<float*, std::__ndk1::allocator<float*>>, std::__ndk1::allocator<std::__ndk1::vector<float*, std::__ndk1::allocator<float*>>>> const&, std::__ndk1::vector<std::__ndk1::vector<float*, std::__ndk1::allocator<float*>>, std::__ndk1::allocator<std::__ndk1::vector<float*, std::__ndk1::allocator<float*>>>> const&, unsigned long, unsigned long, unsigned long, unsigned long, unsigned long, unsigned long) const' [-Wframe-larger-than]
2026-10-09T16:16:32.3859439Z C/C++:   225 |   Status ProcessRow(const RowInfo& input_rows, const RowInfo& output_rows,
2026-10-09T16:16:32.3919075Z C/C++:       |          ^
2026-10-09T16:16:32.3963059Z C/C++: /home/runner/work/AN-Paint/AN-Paint/Paintroid/build/jxl-source/lib/jxl/render_pipeline/stage_epf.cc:416:10: warning: stack frame size (8696) exceeds limit (5632) in 'jxl::N_AVX2::EPF2Stage::ProcessRow(std::__ndk1::vector<std::__ndk1::vector<float*, std::__ndk1::allocator<float*>>, std::__ndk1::allocator<std::__ndk1::vector<float*, std::__ndk1::allocator<float*>>>> const&, std::__ndk1::vector<std::__ndk1::vector<float*, std::__ndk1::allocator<float*>>, std::__ndk1::allocator<std::__ndk1::vector<float*, std::__ndk1::allocator<float*>>>> const&, unsigned long, unsigned long, unsigned long, unsigned long, unsigned long, unsigned long) const' [-Wframe-larger-than]
2026-10-09T16:16:32.4009113Z C/C++:   416 |   Status ProcessRow(const RowInfo& input_rows, const RowInfo& output_rows,
2026-10-09T16:16:32.4069002Z C/C++:       |          ^
2026-10-09T16:16:32.4128912Z C/C++: 2 warnings generated.
2026-10-09T16:16:33.8699913Z C/C++: In file included from /home/runner/work/AN-Paint/AN-Paint/Paintroid/build/jxl-source/lib/jxl/render_pipeline/stage_write.cc:37:
2026-10-09T16:16:33.8729689Z C/C++: In file included from /home/runner/work/AN-Paint/AN-Paint/Paintroid/build/jxl-source/third_party/highway/hwy/foreach_target.h:83:
2026-10-09T16:16:33.8789473Z C/C++: In file included from /home/runner/work/AN-Paint/AN-Paint/Paintroid/build/jxl-source/lib/jxl/render_pipeline/stage_write.cc:38:
2026-10-09T16:16:33.8819467Z C/C++: In file included from /home/runner/work/AN-Paint/AN-Paint/Paintroid/build/jxl-source/third_party/highway/hwy/highway.h:605:
2026-10-09T16:16:33.8852092Z C/C++: /home/runner/work/AN-Paint/AN-Paint/Paintroid/build/jxl-source/third_party/highway/hwy/ops/generic_ops-inl.h:1570:14: warning: stack frame size (9272) exceeds limit (5632) in 'void hwy::N_SSE4::StoreInterleaved3<hwy::N_SSE4::Simd<unsigned short, 8ul, -1>, (void*)0, (void*)0>(decltype(Zero((hwy::N_SSE4::Simd<unsigned short, 8ul, -1>)())), decltype(Zero((hwy::N_SSE4::Simd<unsigned short, 8ul, -1>)())), decltype(Zero((hwy::N_SSE4::Simd<unsigned short, 8ul, -1>)())), hwy::N_SSE4::Simd<unsigned short, 8ul, -1>, hwy::N_SSE4::Simd<unsigned short, 8ul, -1>::T*)' [-Wframe-larger-than]
2026-10-09T16:16:33.8869158Z C/C++:  1570 | HWY_API void StoreInterleaved3(VFromD<D> part0, VFromD<D> part1,
2026-10-09T16:16:33.8898731Z C/C++:       |              ^
2026-10-09T16:16:33.8931329Z C/C++: /home/runner/work/AN-Paint/AN-Paint/Paintroid/build/jxl-source/third_party/highway/hwy/ops/generic_ops-inl.h:2807:19: warning: stack frame size (8536) exceeds limit (5632) in 'decltype(Zero((hwy::N_SSE4::Simd<hwy::float16_t, 8ul, -1>)())) hwy::N_SSE4::DemoteTo<hwy::N_SSE4::Simd<hwy::float16_t, 8ul, -1>, (void*)0>(hwy::N_SSE4::Simd<hwy::float16_t, 8ul, -1>, decltype(Zero((hwy::N_SSE4::Simd<hwy::float16_t, 8ul, -1>::Rebind<float>)())))' [-Wframe-larger-than]
2026-10-09T16:16:33.8934647Z C/C++:  2807 | HWY_API VFromD<D> DemoteTo(D df16, VFromD<Rebind<float, D>> v) {
2026-10-09T16:16:33.8958796Z C/C++:       |                   ^
2026-10-09T16:16:33.8989483Z C/C++: In file included from /home/runner/work/AN-Paint/AN-Paint/Paintroid/build/jxl-source/lib/jxl/render_pipeline/stage_write.cc:37:
2026-10-09T16:16:33.9019485Z C/C++: In file included from /home/runner/work/AN-Paint/AN-Paint/Paintroid/build/jxl-source/third_party/highway/hwy/foreach_target.h:94:
2026-10-09T16:16:33.9029466Z C/C++: In file included from /home/runner/work/AN-Paint/AN-Paint/Paintroid/build/jxl-source/lib/jxl/render_pipeline/stage_write.cc:38:
2026-10-09T16:16:33.9049452Z C/C++: In file included from /home/runner/work/AN-Paint/AN-Paint/Paintroid/build/jxl-source/third_party/highway/hwy/highway.h:605:
2026-10-09T16:16:33.9082371Z C/C++: /home/runner/work/AN-Paint/AN-Paint/Paintroid/build/jxl-source/third_party/highway/hwy/ops/generic_ops-inl.h:1522:14: warning: stack frame size (9096) exceeds limit (5632) in 'void hwy::N_AVX2::StoreInterleaved3<hwy::N_AVX2::Simd<unsigned char, 32ul, -2>, (void*)0, (void*)0>(decltype(Zero((hwy::N_AVX2::Simd<unsigned char, 32ul, -2>)())), decltype(Zero((hwy::N_AVX2::Simd<unsigned char, 32ul, -2>)())), decltype(Zero((hwy::N_AVX2::Simd<unsigned char, 32ul, -2>)())), hwy::N_AVX2::Simd<unsigned char, 32ul, -2>, hwy::N_AVX2::Simd<unsigned char, 32ul, -2>::T*)' [-Wframe-larger-than]
2026-10-09T16:16:33.9109070Z C/C++:  1522 | HWY_API void StoreInterleaved3(VFromD<D> part0, VFromD<D> part1,
2026-10-09T16:16:33.9138895Z C/C++:       |              ^
2026-10-09T16:16:33.9142550Z C/C++: /home/runner/work/AN-Paint/AN-Paint/Paintroid/build/jxl-source/third_party/highway/hwy/ops/generic_ops-inl.h:1432:14: warning: stack frame size (13192) exceeds limit (5632) in 'void hwy::N_AVX2::StoreInterleaved3<hwy::N_AVX2::Simd<unsigned short, 16ul, -1>, (void*)0, (void*)0>(decltype(Zero((hwy::N_AVX2::Simd<unsigned short, 16ul, -1>)())), decltype(Zero((hwy::N_AVX2::Simd<unsigned short, 16ul, -1>)())), decltype(Zero((hwy::N_AVX2::Simd<unsigned short, 16ul, -1>)())), hwy::N_AVX2::Simd<unsigned short, 16ul, -1>, hwy::N_AVX2::Simd<unsigned short, 16ul, -1>::T*)' [-Wframe-larger-than]
2026-10-09T16:16:33.9169126Z C/C++:  1432 | HWY_API void StoreInterleaved3(VFromD<D> v0, VFromD<D> v1, VFromD<D> v2, D d,
2026-10-09T16:16:33.9199112Z C/C++:       |              ^
2026-10-09T16:16:33.9231558Z C/C++: /home/runner/work/AN-Paint/AN-Paint/Paintroid/build/jxl-source/third_party/highway/hwy/ops/generic_ops-inl.h:1482:14: warning: stack frame size (8280) exceeds limit (5632) in 'void hwy::N_AVX2::StoreInterleaved3<hwy::N_AVX2::Simd<float, 8ul, 0>, (void*)0, (void*)0>(decltype(Zero((hwy::N_AVX2::Simd<float, 8ul, 0>)())), decltype(Zero((hwy::N_AVX2::Simd<float, 8ul, 0>)())), decltype(Zero((hwy::N_AVX2::Simd<float, 8ul, 0>)())), hwy::N_AVX2::Simd<float, 8ul, 0>, hwy::N_AVX2::Simd<float, 8ul, 0>::T*)' [-Wframe-larger-than]
2026-10-09T16:16:33.9252880Z C/C++:  1482 | HWY_API void StoreInterleaved3(VFromD<D> v0, VFromD<D> v1, VFromD<D> v2, D d,
2026-10-09T16:16:33.9268952Z C/C++:       |              ^
2026-10-09T16:16:33.9311828Z C/C++: /home/runner/work/AN-Paint/AN-Paint/Paintroid/build/jxl-source/third_party/highway/hwy/ops/generic_ops-inl.h:1734:14: warning: stack frame size (8376) exceeds limit (5632) in 'void hwy::N_AVX2::StoreInterleaved4<hwy::N_AVX2::Simd<float, 8ul, 0>, (void*)0, (void*)0>(decltype(Zero((hwy::N_AVX2::Simd<float, 8ul, 0>)())), decltype(Zero((hwy::N_AVX2::Simd<float, 8ul, 0>)())), decltype(Zero((hwy::N_AVX2::Simd<float, 8ul, 0>)())), decltype(Zero((hwy::N_AVX2::Simd<float, 8ul, 0>)())), hwy::N_AVX2::Simd<float, 8ul, 0>, hwy::N_AVX2::Simd<float, 8ul, 0>::T*)' [-Wframe-larger-than]
2026-10-09T16:16:33.9353668Z C/C++:  1734 | HWY_API void StoreInterleaved4(VFromD<D> v0, VFromD<D> v1, VFromD<D> v2,
2026-10-09T16:16:33.9378880Z C/C++:       |              ^
2026-10-09T16:16:33.9409477Z C/C++: In file included from /home/runner/work/AN-Paint/AN-Paint/Paintroid/build/jxl-source/lib/jxl/render_pipeline/stage_write.cc:38:
2026-10-09T16:16:33.9429474Z C/C++: In file included from /home/runner/work/AN-Paint/AN-Paint/Paintroid/build/jxl-source/third_party/highway/hwy/highway.h:605:
2026-10-09T16:16:33.9452043Z C/C++: /home/runner/work/AN-Paint/AN-Paint/Paintroid/build/jxl-source/third_party/highway/hwy/ops/generic_ops-inl.h:1637:14: warning: stack frame size (11880) exceeds limit (5632) in 'void hwy::N_SSE2::StoreInterleaved3<hwy::N_SSE2::Simd<unsigned char, 16ul, -2>, (void*)0, (void*)0, (void*)0>(decltype(Zero((hwy::N_SSE2::Simd<unsigned char, 16ul, -2>)())), decltype(Zero((hwy::N_SSE2::Simd<unsigned char, 16ul, -2>)())), decltype(Zero((hwy::N_SSE2::Simd<unsigned char, 16ul, -2>)())), hwy::N_SSE2::Simd<unsigned char, 16ul, -2>, hwy::N_SSE2::Simd<unsigned char, 16ul, -2>::T*)' [-Wframe-larger-than]
2026-10-09T16:16:33.9455730Z C/C++:  1637 | HWY_API void StoreInterleaved3(VFromD<D> part0, VFromD<D> part1,
2026-10-09T16:16:33.9456399Z C/C++:       |              ^
2026-10-09T16:16:33.9460402Z C/C++: /home/runner/work/AN-Paint/AN-Paint/Paintroid/build/jxl-source/third_party/highway/hwy/ops/generic_ops-inl.h:1570:14: warning: stack frame size (19928) exceeds limit (5632) in 'void hwy::N_SSE2::StoreInterleaved3<hwy::N_SSE2::Simd<unsigned short, 8ul, -1>, (void*)0, (void*)0>(decltype(Zero((hwy::N_SSE2::Simd<unsigned short, 8ul, -1>)())), decltype(Zero((hwy::N_SSE2::Simd<unsigned short, 8ul, -1>)())), decltype(Zero((hwy::N_SSE2::Simd<unsigned short, 8ul, -1>)())), hwy::N_SSE2::Simd<unsigned short, 8ul, -1>, hwy::N_SSE2::Simd<unsigned short, 8ul, -1>::T*)' [-Wframe-larger-than]
2026-10-09T16:16:33.9464005Z C/C++:  1570 | HWY_API void StoreInterleaved3(VFromD<D> part0, VFromD<D> part1,
2026-10-09T16:16:33.9464664Z C/C++:       |              ^
2026-10-09T16:16:33.9467347Z C/C++: /home/runner/work/AN-Paint/AN-Paint/Paintroid/build/jxl-source/third_party/highway/hwy/ops/generic_ops-inl.h:2807:19: warning: stack frame size (8424) exceeds limit (5632) in 'decltype(Zero((hwy::N_SSE2::Simd<hwy::float16_t, 8ul, -1>)())) hwy::N_SSE2::DemoteTo<hwy::N_SSE2::Simd<hwy::float16_t, 8ul, -1>, (void*)0>(hwy::N_SSE2::Simd<hwy::float16_t, 8ul, -1>, decltype(Zero((hwy::N_SSE2::Simd<hwy::float16_t, 8ul, -1>::Rebind<float>)())))' [-Wframe-larger-than]
2026-10-09T16:16:33.9470459Z C/C++:  2807 | HWY_API VFromD<D> DemoteTo(D df16, VFromD<Rebind<float, D>> v) {
2026-10-09T16:16:33.9508848Z C/C++:       |                   ^
2026-10-09T16:16:33.9509379Z C/C++: 9 warnings generated.
2026-10-09T16:16:34.8740129Z C/C++: In file included from /home/runner/work/AN-Paint/AN-Paint/Paintroid/build/jxl-source/lib/jxl/butteraugli/butteraugli.cc:45:
2026-10-09T16:16:34.8769496Z C/C++: In file included from /home/runner/work/AN-Paint/AN-Paint/Paintroid/build/jxl-source/third_party/highway/hwy/foreach_target.h:94:
2026-10-09T16:16:34.8820845Z C/C++: /home/runner/work/AN-Paint/AN-Paint/Paintroid/build/jxl-source/lib/jxl/butteraugli/butteraugli.cc:754:8: warning: stack frame size (7320) exceeds limit (5632) in 'decltype(Zero((hwy::N_AVX2::Simd<float, 8ul, 0>)())) jxl::N_AVX2::MaltaUnit<hwy::N_AVX2::Simd<float, 8ul, 0>>(jxl::MaltaTag, hwy::N_AVX2::Simd<float, 8ul, 0>, float const*, long)' [-Wframe-larger-than]
2026-10-09T16:16:34.8823334Z C/C++:   754 | Vec<D> MaltaUnit(MaltaTag /*tag*/, const D df,
2026-10-09T16:16:34.8824257Z C/C++:       |        ^
2026-10-09T16:16:34.8824640Z C/C++: 1 warning generated.
2026-10-09T16:16:36.4688251Z C/C++: In file included from /home/runner/work/AN-Paint/AN-Paint/Paintroid/build/jxl-source/lib/jxl/enc_convolve_separable5.cc:19:
2026-10-09T16:16:36.4739548Z C/C++: In file included from /home/runner/work/AN-Paint/AN-Paint/Paintroid/build/jxl-source/third_party/highway/hwy/foreach_target.h:83:
2026-10-09T16:16:36.4800312Z C/C++: /home/runner/work/AN-Paint/AN-Paint/Paintroid/build/jxl-source/lib/jxl/enc_convolve_separable5.cc:111:21: warning: stack frame size (9864) exceeds limit (5632) in 'void jxl::N_SSE4::Separable5Impl::ConvolveRow<0ul, true>(unsigned int)' [-Wframe-larger-than]
2026-10-09T16:16:36.4829024Z C/C++:   111 |   JXL_NOINLINE void ConvolveRow(const uint32_t y) {
2026-10-09T16:16:36.4858879Z C/C++:       |                     ^
2026-10-09T16:16:36.4920261Z C/C++: /home/runner/work/AN-Paint/AN-Paint/Paintroid/build/jxl-source/lib/jxl/enc_convolve_separable5.cc:111:21: warning: stack frame size (9576) exceeds limit (5632) in 'void jxl::N_SSE4::Separable5Impl::ConvolveRow<0ul, false>(unsigned int)' [-Wframe-larger-than]
2026-10-09T16:16:36.4930264Z C/C++: /home/runner/work/AN-Paint/AN-Paint/Paintroid/build/jxl-source/lib/jxl/enc_convolve_separable5.cc:111:21: warning: stack frame size (9800) exceeds limit (5632) in 'void jxl::N_SSE4::Separable5Impl::ConvolveRow<1ul, true>(unsigned int)' [-Wframe-larger-than]
2026-10-09T16:16:36.4990308Z C/C++: /home/runner/work/AN-Paint/AN-Paint/Paintroid/build/jxl-source/lib/jxl/enc_convolve_separable5.cc:111:21: warning: stack frame size (9512) exceeds limit (5632) in 'void jxl::N_SSE4::Separable5Impl::ConvolveRow<1ul, false>(unsigned int)' [-Wframe-larger-than]
2026-10-09T16:16:36.5040216Z C/C++: /home/runner/work/AN-Paint/AN-Paint/Paintroid/build/jxl-source/lib/jxl/enc_convolve_separable5.cc:111:21: warning: stack frame size (6440) exceeds limit (5632) in 'void jxl::N_SSE4::Separable5Impl::ConvolveRow<2ul, true>(unsigned int)' [-Wframe-larger-than]
2026-10-09T16:16:36.5100694Z C/C++: /home/runner/work/AN-Paint/AN-Paint/Paintroid/build/jxl-source/lib/jxl/enc_convolve_separable5.cc:111:21: warning: stack frame size (6152) exceeds limit (5632) in 'void jxl::N_SSE4::Separable5Impl::ConvolveRow<2ul, false>(unsigned int)' [-Wframe-larger-than]
2026-10-09T16:16:36.5160259Z C/C++: /home/runner/work/AN-Paint/AN-Paint/Paintroid/build/jxl-source/lib/jxl/enc_convolve_separable5.cc:111:21: warning: stack frame size (6440) exceeds limit (5632) in 'void jxl::N_SSE4::Separable5Impl::ConvolveRow<3ul, true>(unsigned int)' [-Wframe-larger-than]
2026-10-09T16:16:36.5220332Z C/C++: /home/runner/work/AN-Paint/AN-Paint/Paintroid/build/jxl-source/lib/jxl/enc_convolve_separable5.cc:111:21: warning: stack frame size (6152) exceeds limit (5632) in 'void jxl::N_SSE4::Separable5Impl::ConvolveRow<3ul, false>(unsigned int)' [-Wframe-larger-than]
2026-10-09T16:16:36.5259526Z C/C++: In file included from /home/runner/work/AN-Paint/AN-Paint/Paintroid/build/jxl-source/lib/jxl/enc_convolve_separable5.cc:19:
2026-10-09T16:16:36.5261228Z C/C++: In file included from /home/runner/work/AN-Paint/AN-Paint/Paintroid/build/jxl-source/third_party/highway/hwy/foreach_target.h:94:
2026-10-09T16:16:36.5263623Z C/C++: /home/runner/work/AN-Paint/AN-Paint/Paintroid/build/jxl-source/lib/jxl/enc_convolve_separable5.cc:111:21: warning: stack frame size (18232) exceeds limit (5632) in 'void jxl::N_AVX2::Separable5Impl::ConvolveRow<0ul, true>(unsigned int)' [-Wframe-larger-than]
2026-10-09T16:16:36.5265542Z C/C++:   111 |   JXL_NOINLINE void ConvolveRow(const uint32_t y) {
2026-10-09T16:16:36.5266127Z C/C++:       |                     ^
2026-10-09T16:16:36.5267935Z C/C++: /home/runner/work/AN-Paint/AN-Paint/Paintroid/build/jxl-source/lib/jxl/enc_convolve_separable5.cc:111:21: warning: stack frame size (17944) exceeds limit (5632) in 'void jxl::N_AVX2::Separable5Impl::ConvolveRow<0ul, false>(unsigned int)' [-Wframe-larger-than]
2026-10-09T16:16:36.5271237Z C/C++: /home/runner/work/AN-Paint/AN-Paint/Paintroid/build/jxl-source/lib/jxl/enc_convolve_separable5.cc:111:21: warning: stack frame size (18008) exceeds limit (5632) in 'void jxl::N_AVX2::Separable5Impl::ConvolveRow<1ul, true>(unsigned int)' [-Wframe-larger-than]
2026-10-09T16:16:36.5274703Z C/C++: /home/runner/work/AN-Paint/AN-Paint/Paintroid/build/jxl-source/lib/jxl/enc_convolve_separable5.cc:111:21: warning: stack frame size (17720) exceeds limit (5632) in 'void jxl::N_AVX2::Separable5Impl::ConvolveRow<1ul, false>(unsigned int)' [-Wframe-larger-than]
2026-10-09T16:16:36.5277788Z C/C++: /home/runner/work/AN-Paint/AN-Paint/Paintroid/build/jxl-source/lib/jxl/enc_convolve_separable5.cc:111:21: warning: stack frame size (11608) exceeds limit (5632) in 'void jxl::N_AVX2::Separable5Impl::ConvolveRow<2ul, true>(unsigned int)' [-Wframe-larger-than]
2026-10-09T16:16:36.5281086Z C/C++: /home/runner/work/AN-Paint/AN-Paint/Paintroid/build/jxl-source/lib/jxl/enc_convolve_separable5.cc:111:21: warning: stack frame size (11320) exceeds limit (5632) in 'void jxl::N_AVX2::Separable5Impl::ConvolveRow<2ul, false>(unsigned int)' [-Wframe-larger-than]
2026-10-09T16:16:36.5332466Z C/C++: /home/runner/work/AN-Paint/AN-Paint/Paintroid/build/jxl-source/lib/jxl/enc_convolve_separable5.cc:111:21: warning: stack frame size (11608) exceeds limit (5632) in 'void jxl::N_AVX2::Separable5Impl::ConvolveRow<3ul, true>(unsigned int)' [-Wframe-larger-than]
2026-10-09T16:16:36.5340355Z C/C++: /home/runner/work/AN-Paint/AN-Paint/Paintroid/build/jxl-source/lib/jxl/enc_convolve_separable5.cc:111:21: warning: stack frame size (11320) exceeds limit (5632) in 'void jxl::N_AVX2::Separable5Impl::ConvolveRow<3ul, false>(unsigned int)' [-Wframe-larger-than]
2026-10-09T16:16:36.5390274Z C/C++: /home/runner/work/AN-Paint/AN-Paint/Paintroid/build/jxl-source/lib/jxl/enc_convolve_separable5.cc:111:21: warning: stack frame size (9864) exceeds limit (5632) in 'void jxl::N_SSE2::Separable5Impl::ConvolveRow<0ul, true>(unsigned int)' [-Wframe-larger-than]
2026-10-09T16:16:36.5399016Z C/C++:   111 |   JXL_NOINLINE void ConvolveRow(const uint32_t y) {
2026-10-09T16:16:36.5429079Z C/C++:       |                     ^
2026-10-09T16:16:36.5450691Z C/C++: /home/runner/work/AN-Paint/AN-Paint/Paintroid/build/jxl-source/lib/jxl/enc_convolve_separable5.cc:111:21: warning: stack frame size (9576) exceeds limit (5632) in 'void jxl::N_SSE2::Separable5Impl::ConvolveRow<0ul, false>(unsigned int)' [-Wframe-larger-than]
2026-10-09T16:16:36.5480244Z C/C++: /home/runner/work/AN-Paint/AN-Paint/Paintroid/build/jxl-source/lib/jxl/enc_convolve_separable5.cc:111:21: warning: stack frame size (9800) exceeds limit (5632) in 'void jxl::N_SSE2::Separable5Impl::ConvolveRow<1ul, true>(unsigned int)' [-Wframe-larger-than]
2026-10-09T16:16:36.5483436Z C/C++: /home/runner/work/AN-Paint/AN-Paint/Paintroid/build/jxl-source/lib/jxl/enc_convolve_separable5.cc:111:21: warning: stack frame size (9512) exceeds limit (5632) in 'void jxl::N_SSE2::Separable5Impl::ConvolveRow<1ul, false>(unsigned int)' [-Wframe-larger-than]
2026-10-09T16:16:36.5486616Z C/C++: /home/runner/work/AN-Paint/AN-Paint/Paintroid/build/jxl-source/lib/jxl/enc_convolve_separable5.cc:111:21: warning: stack frame size (6424) exceeds limit (5632) in 'void jxl::N_SSE2::Separable5Impl::ConvolveRow<2ul, true>(unsigned int)' [-Wframe-larger-than]
2026-10-09T16:16:36.5489943Z C/C++: /home/runner/work/AN-Paint/AN-Paint/Paintroid/build/jxl-source/lib/jxl/enc_convolve_separable5.cc:111:21: warning: stack frame size (6136) exceeds limit (5632) in 'void jxl::N_SSE2::Separable5Impl::ConvolveRow<2ul, false>(unsigned int)' [-Wframe-larger-than]
2026-10-09T16:16:36.5493048Z C/C++: /home/runner/work/AN-Paint/AN-Paint/Paintroid/build/jxl-source/lib/jxl/enc_convolve_separable5.cc:111:21: warning: stack frame size (6424) exceeds limit (5632) in 'void jxl::N_SSE2::Separable5Impl::ConvolveRow<3ul, true>(unsigned int)' [-Wframe-larger-than]
2026-10-09T16:16:36.5496166Z C/C++: /home/runner/work/AN-Paint/AN-Paint/Paintroid/build/jxl-source/lib/jxl/enc_convolve_separable5.cc:111:21: warning: stack frame size (6136) exceeds limit (5632) in 'void jxl::N_SSE2::Separable5Impl::ConvolveRow<3ul, false>(unsigned int)' [-Wframe-larger-than]
2026-10-09T16:16:36.5498240Z C/C++: 24 warnings generated.
2026-10-09T16:16:38.3697732Z C/C++: In file included from /home/runner/work/AN-Paint/AN-Paint/Paintroid/build/jxl-source/lib/jxl/enc_modular_simd.cc:25:
2026-10-09T16:16:38.3747759Z C/C++: In file included from /home/runner/work/AN-Paint/AN-Paint/Paintroid/build/jxl-source/third_party/highway/hwy/foreach_target.h:94:
2026-10-09T16:16:38.3820144Z C/C++: /home/runner/work/AN-Paint/AN-Paint/Paintroid/build/jxl-source/lib/jxl/enc_modular_simd.cc:62:17: warning: stack frame size (8184) exceeds limit (5632) in 'jxl::N_AVX2::EstimateCost(jxl::Image const&)' [-Wframe-larger-than]
2026-10-09T16:16:38.3848991Z C/C++:    62 | StatusOr<float> EstimateCost(const Image& img) {
2026-10-09T16:16:38.3878944Z C/C++:       |                 ^
2026-10-09T16:16:38.3879421Z C/C++: 1 warning generated.
2026-10-09T16:17:01.7702824Z 
2026-10-09T16:17:01.7729290Z > Task :Paintroid:mergeDebugJniLibFolders
2026-10-09T16:17:02.8683977Z > Task :app:validateSigningDebug
2026-10-09T16:17:02.8685456Z > Task :app:writeDebugAppMetadata
2026-10-09T16:17:02.8686163Z > Task :app:writeDebugSigningConfigVersions
2026-10-09T16:17:03.4719287Z > Task :Paintroid:mergeDebugNativeLibs
2026-10-09T16:17:04.7684034Z > Task :Paintroid:copyDebugJniLibsProjectOnly
2026-10-09T16:17:06.2685347Z > Task :app:mergeDebugNativeLibs
2026-10-09T16:17:06.8684123Z > Task :app:stripDebugDebugSymbols
2026-10-09T16:17:08.2684130Z > Task :app:packageDebug
2026-10-09T16:17:08.2686155Z > Task :app:createDebugApkListingFileRedirect
2026-10-09T16:17:08.2686990Z > Task :app:assembleDebug
2026-10-09T16:17:08.3449955Z 
2026-10-09T16:17:08.3468098Z [Incubating] Problems report is available at: file:///home/runner/work/AN-Paint/AN-Paint/build/reports/problems/problems-report.html
2026-10-09T16:17:08.3473122Z 
2026-10-09T16:17:08.3477507Z Deprecated Gradle features were used in this build, making it incompatible with Gradle 9.0.
2026-10-09T16:17:08.3478570Z 
2026-10-09T16:17:08.3479834Z You can use '--warning-mode all' to show the individual deprecation warnings and determine if they come from your own scripts or plugins.
2026-10-09T16:17:08.3480756Z 
2026-10-09T16:17:08.3481743Z For more on this, please refer to https://docs.gradle.org/8.13/userguide/command_line_interface.html#sec:command_line_warnings in the Gradle documentation.
2026-10-09T16:17:08.3482755Z 
2026-10-09T16:17:08.3483011Z BUILD SUCCESSFUL in 5m 59s
2026-10-09T16:17:08.3483525Z 70 actionable tasks: 70 executed
2026-10-09T16:17:08.6745875Z ##[group]Run if command -v ccache >/dev/null; then ccache --show-stats; fi
2026-10-09T16:17:08.6746491Z [36;1mif command -v ccache >/dev/null; then ccache --show-stats; fi[0m
2026-10-09T16:17:08.6817230Z shell: /usr/bin/bash --noprofile --norc -e -o pipefail {0}
2026-10-09T16:17:08.6817671Z env:
2026-10-09T16:17:08.6817914Z   BUILD_VARIANT: debug
2026-10-09T16:17:08.6818202Z   CCACHE_MAXSIZE: 2G
2026-10-09T16:17:08.6818699Z   CCACHE_COMPILERCHECK: content
2026-10-09T16:17:08.6819043Z   CCACHE_SLOPPINESS: 
2026-10-09T16:17:08.6819339Z   CCACHE_NODEPEND: 1
2026-10-09T16:17:08.6819606Z   CCACHE_NODIRECT: 1
2026-10-09T16:17:08.6819889Z   CMAKE_C_COMPILER_LAUNCHER: ccache
2026-10-09T16:17:08.6820250Z   CMAKE_CXX_COMPILER_LAUNCHER: ccache
2026-10-09T16:17:08.6820657Z   CCACHE_DIR: /home/runner/work/_temp/anpaint-ccache
2026-10-09T16:17:08.6821099Z   JAVA_HOME: /usr/lib/jvm/temurin-17-jdk-amd64
2026-10-09T16:17:08.6821483Z ##[endgroup]
2026-10-09T16:17:08.6973354Z Summary:
2026-10-09T16:17:08.6973755Z   Hits:            3246 / 3762 (86.28 %)
2026-10-09T16:17:08.6974121Z     Direct:           0 /    0
2026-10-09T16:17:08.6974460Z     Preprocessed:  3246 / 3812 (85.15 %)
2026-10-09T16:17:08.6974809Z   Misses:           516
2026-10-09T16:17:08.6975089Z     Direct:           0
2026-10-09T16:17:08.6975375Z     Preprocessed:   566
2026-10-09T16:17:08.6975669Z   Uncacheable:      152
2026-10-09T16:17:08.6975945Z Primary storage:
2026-10-09T16:17:08.6976500Z   Hits:            3246 / 3812 (85.15 %)
2026-10-09T16:17:08.6976833Z   Misses:           566
2026-10-09T16:17:08.6977116Z   Cache size (GB): 0.32 / 2.00 (16.17 %)
2026-10-09T16:17:08.6977352Z 
2026-10-09T16:17:08.6977587Z Use the -v/--verbose option for more details.
2026-10-09T16:17:08.7011342Z ##[group]Run python3 - <<'PY'
2026-10-09T16:17:08.7011698Z [36;1mpython3 - <<'PY'[0m
2026-10-09T16:17:08.7011983Z [36;1mimport hashlib, json, os, pathlib, zipfile[0m
2026-10-09T16:17:08.7012330Z [36;1mvariant = os.environ['BUILD_VARIANT'][0m
2026-10-09T16:17:08.7012752Z [36;1mapk = pathlib.Path(f'app/build/outputs/apk/{variant}/app-{variant}.apk')[0m
2026-10-09T16:17:08.7013284Z [36;1mout = pathlib.Path('build/delivery'); out.mkdir(parents=True, exist_ok=True)[0m
2026-10-09T16:17:08.7013718Z [36;1mwith zipfile.ZipFile(apk) as z:[0m
2026-10-09T16:17:08.7014081Z [36;1m    source = z.read('assets/local-source/AN-Paint-source.zip')[0m
2026-10-09T16:17:08.7014496Z [36;1m(out/'AN-Paint-source.zip').write_bytes(source)[0m
2026-10-09T16:17:08.7014866Z [36;1m(out/'build-info.json').write_text(json.dumps({[0m
2026-10-09T16:17:08.7015296Z [36;1m    'commit': os.environ['GITHUB_SHA'], 'run_id': os.environ['GITHUB_RUN_ID'],[0m
2026-10-09T16:17:08.7015742Z [36;1m    'build_variant': variant,[0m
2026-10-09T16:17:08.7027470Z [36;1m    'apk_sha256': hashlib.sha256(apk.read_bytes()).hexdigest(),[0m
2026-10-09T16:17:08.7028210Z [36;1m    'source_sha256': hashlib.sha256(source).hexdigest(),[0m
2026-10-09T16:17:08.7029107Z [36;1m    'test_status': 'Reported separately; artifact availability does not imply tests passed.',[0m
2026-10-09T16:17:08.7029758Z [36;1m    'signing': 'CI debug key. Upgrade signing remains a separate private packaging step.'[0m
2026-10-09T16:17:08.7030203Z [36;1m}, indent=2)+'\n')[0m
2026-10-09T16:17:08.7030437Z [36;1mPY[0m
2026-10-09T16:17:08.7101562Z shell: /usr/bin/bash --noprofile --norc -e -o pipefail {0}
2026-10-09T16:17:08.7101928Z env:
2026-10-09T16:17:08.7102140Z   BUILD_VARIANT: debug
2026-10-09T16:17:08.7102387Z   CCACHE_MAXSIZE: 2G
2026-10-09T16:17:08.7102620Z   CCACHE_COMPILERCHECK: content
2026-10-09T16:17:08.7102897Z   CCACHE_SLOPPINESS: 
2026-10-09T16:17:08.7103125Z   CCACHE_NODEPEND: 1
2026-10-09T16:17:08.7103363Z   CCACHE_NODIRECT: 1
2026-10-09T16:17:08.7103607Z   CMAKE_C_COMPILER_LAUNCHER: ccache
2026-10-09T16:17:08.7103894Z   CMAKE_CXX_COMPILER_LAUNCHER: ccache
2026-10-09T16:17:08.7104224Z   CCACHE_DIR: /home/runner/work/_temp/anpaint-ccache
2026-10-09T16:17:08.7104580Z   JAVA_HOME: /usr/lib/jvm/temurin-17-jdk-amd64
2026-10-09T16:17:08.7104882Z ##[endgroup]
2026-10-09T16:17:09.2701396Z ##[group]Run actions/upload-artifact@043fb46d1a93c77aae656e7c1c64a875d1fc6a0a
2026-10-09T16:17:09.2701834Z with:
2026-10-09T16:17:09.2702023Z   archive: true
2026-10-09T16:17:09.2702327Z   name: apk-and-source-f5d2d3ac79864c5b91a502f24df93b62bdbe4718
2026-10-09T16:17:09.2702679Z   retention-days: 14
2026-10-09T16:17:09.2702904Z   if-no-files-found: error
2026-10-09T16:17:09.2704028Z   path: app/build/outputs/apk/debug/app-debug.apk
build/delivery/
app/build/runtime-dependencies.json
build/reports/native-runtime-notices.json
Paintroid/src/main/assets/legal/THIRD_PARTY_NOTICES.txt
Paintroid/src/main/assets/legal/NATIVE_RUNTIME_NOTICES.txt
verification-tools/

2026-10-09T16:17:09.2705163Z   compression-level: 6
2026-10-09T16:17:09.2705391Z   overwrite: false
2026-10-09T16:17:09.2705607Z   include-hidden-files: false
2026-10-09T16:17:09.2705845Z env:
2026-10-09T16:17:09.2706038Z   BUILD_VARIANT: debug
2026-10-09T16:17:09.2706250Z   CCACHE_MAXSIZE: 2G
2026-10-09T16:17:09.2706503Z   CCACHE_COMPILERCHECK: content
2026-10-09T16:17:09.2706758Z   CCACHE_SLOPPINESS: 
2026-10-09T16:17:09.2706979Z   CCACHE_NODEPEND: 1
2026-10-09T16:17:09.2707185Z   CCACHE_NODIRECT: 1
2026-10-09T16:17:09.2707407Z   CMAKE_C_COMPILER_LAUNCHER: ccache
2026-10-09T16:17:09.2707693Z   CMAKE_CXX_COMPILER_LAUNCHER: ccache
2026-10-09T16:17:09.2708008Z   CCACHE_DIR: /home/runner/work/_temp/anpaint-ccache
2026-10-09T16:17:09.2708891Z   JAVA_HOME: /usr/lib/jvm/temurin-17-jdk-amd64
2026-10-09T16:17:09.2709187Z ##[endgroup]
2026-10-09T16:17:09.4336886Z Multiple search paths detected. Calculating the least common ancestor of all paths
2026-10-09T16:17:09.4341475Z The least common ancestor is /home/runner/work/AN-Paint/AN-Paint. This will be the root directory of the artifact
2026-10-09T16:17:09.4342464Z With the provided path, there will be 11 files uploaded
2026-10-09T16:17:09.4346764Z Artifact name is valid!
2026-10-09T16:17:09.4347571Z Root directory input is valid!
2026-10-09T16:17:09.7392707Z Uploading artifact: apk-and-source-f5d2d3ac79864c5b91a502f24df93b62bdbe4718.zip
2026-10-09T16:17:09.7439546Z Beginning upload of artifact content to blob storage
2026-10-09T16:17:10.9202766Z Uploaded bytes 8388608
2026-10-09T16:17:11.1640433Z Uploaded bytes 16777216
2026-10-09T16:17:12.0553503Z Uploaded bytes 25165824
2026-10-09T16:17:12.8942763Z Uploaded bytes 33554432
2026-10-09T16:17:13.2432561Z Uploaded bytes 41943040
2026-10-09T16:17:13.4553131Z Uploaded bytes 50331648
2026-10-09T16:17:13.6974431Z Uploaded bytes 58720256
2026-10-09T16:17:13.9482602Z Uploaded bytes 67108864
2026-10-09T16:17:14.2307234Z Uploaded bytes 75497472
2026-10-09T16:17:14.8358892Z Uploaded bytes 83886080
2026-10-09T16:17:14.8544214Z Uploaded bytes 92274688
2026-10-09T16:17:15.2236243Z Uploaded bytes 100663296
2026-10-09T16:17:15.3537813Z Uploaded bytes 109051904
2026-10-09T16:17:15.5509638Z Uploaded bytes 117440512
2026-10-09T16:17:15.8851292Z Uploaded bytes 125829120
2026-10-09T16:17:16.1784723Z Uploaded bytes 134217728
2026-10-09T16:17:16.6094292Z Uploaded bytes 142606336
2026-10-09T16:17:16.6435042Z Uploaded bytes 142627455
2026-10-09T16:17:16.6829377Z Finished uploading artifact content to blob storage!
2026-10-09T16:17:16.6833056Z SHA256 digest of uploaded artifact is a50733fc64fa6001b9041f3c40c161cde4b8d8fb61cd2abe4163e2a37425f492
2026-10-09T16:17:16.6835376Z Finalizing artifact upload
2026-10-09T16:17:16.9889378Z Artifact apk-and-source-f5d2d3ac79864c5b91a502f24df93b62bdbe4718 successfully finalized. Artifact ID 11630120141
2026-10-09T16:17:16.9893375Z Artifact apk-and-source-f5d2d3ac79864c5b91a502f24df93b62bdbe4718 has been successfully uploaded! Final size is 142627455 bytes. Artifact ID is 11630120141
2026-10-09T16:17:16.9895349Z Artifact download URL: https://github.com/c933103/AN-Paint/actions/runs/37957075692/artifacts/11630120141
2026-10-09T16:17:17.0078931Z ##[group]Run ./gradlew --no-daemon --max-workers=2 --console=plain :Paintroid:assemble${BUILD_VARIANT^}AndroidTest :app:assemble${BUILD_VARIANT^}AndroidTest -PciReleaseSigning
2026-10-09T16:17:17.0080213Z [36;1m./gradlew --no-daemon --max-workers=2 --console=plain :Paintroid:assemble${BUILD_VARIANT^}AndroidTest :app:assemble${BUILD_VARIANT^}AndroidTest -PciReleaseSigning[0m
2026-10-09T16:17:17.0151807Z shell: /usr/bin/bash --noprofile --norc -e -o pipefail {0}
2026-10-09T16:17:17.0152160Z env:
2026-10-09T16:17:17.0152357Z   BUILD_VARIANT: debug
2026-10-09T16:17:17.0152591Z   CCACHE_MAXSIZE: 2G
2026-10-09T16:17:17.0152842Z   CCACHE_COMPILERCHECK: content
2026-10-09T16:17:17.0153111Z   CCACHE_SLOPPINESS: 
2026-10-09T16:17:17.0153345Z   CCACHE_NODEPEND: 1
2026-10-09T16:17:17.0153571Z   CCACHE_NODIRECT: 1
2026-10-09T16:17:17.0153806Z   CMAKE_C_COMPILER_LAUNCHER: ccache
2026-10-09T16:17:17.0154106Z   CMAKE_CXX_COMPILER_LAUNCHER: ccache
2026-10-09T16:17:17.0154474Z   CCACHE_DIR: /home/runner/work/_temp/anpaint-ccache
2026-10-09T16:17:17.0154836Z   JAVA_HOME: /usr/lib/jvm/temurin-17-jdk-amd64
2026-10-09T16:17:17.0155151Z ##[endgroup]
2026-10-09T16:17:17.7615788Z To honour the JVM settings for this build a single-use Daemon process will be forked. For more on this, please refer to https://docs.gradle.org/8.13/userguide/gradle_daemon.html#sec:disabling_the_daemon in the Gradle documentation.
2026-10-09T16:17:18.9601134Z Daemon will be stopped at the end of the build 
2026-10-09T16:17:29.5609308Z > Task :Paintroid:checkKotlinGradlePluginConfigurationErrors
2026-10-09T16:17:29.6588246Z > Task :Paintroid:fetchHeifSources
2026-10-09T16:17:29.6609616Z > Task :Paintroid:fetchJxlSources
2026-10-09T16:17:29.7588861Z > Task :Paintroid:fetchTiffSources
2026-10-09T16:17:29.8589603Z > Task :Paintroid:fetchWebpSources
2026-10-09T16:17:30.6613922Z > Task :Paintroid:bundleCorrespondingSource UP-TO-DATE
2026-10-09T16:17:30.6629785Z > Task :Paintroid:preBuild UP-TO-DATE
2026-10-09T16:17:30.6630630Z > Task :Paintroid:preDebugBuild UP-TO-DATE
2026-10-09T16:17:30.6632212Z > Task :Paintroid:generateDebugBuildConfig UP-TO-DATE
2026-10-09T16:17:30.6633764Z > Task :Paintroid:generateDebugResValues UP-TO-DATE
2026-10-09T16:17:30.6635386Z > Task :Paintroid:generateDebugResources UP-TO-DATE
2026-10-09T16:17:30.7590393Z > Task :Paintroid:packageDebugResources UP-TO-DATE
2026-10-09T16:17:30.7609952Z > Task :Paintroid:processDebugNavigationResources UP-TO-DATE
2026-10-09T16:17:30.7636432Z > Task :Paintroid:parseDebugLocalResources UP-TO-DATE
2026-10-09T16:17:30.9590839Z > Task :Paintroid:generateDebugRFile UP-TO-DATE
2026-10-09T16:17:31.1619238Z > Task :Paintroid:compileDebugKotlin UP-TO-DATE
2026-10-09T16:17:31.1639787Z > Task :Paintroid:javaPreCompileDebug UP-TO-DATE
2026-10-09T16:17:31.1641158Z > Task :Paintroid:compileDebugJavaWithJavac UP-TO-DATE
2026-10-09T16:17:31.1642075Z > Task :Paintroid:bundleLibCompileToJarDebug UP-TO-DATE
2026-10-09T16:17:31.1643017Z > Task :Paintroid:preDebugAndroidTestBuild UP-TO-DATE
2026-10-09T16:17:31.1643906Z > Task :Paintroid:extractDeepLinksDebug UP-TO-DATE
2026-10-09T16:17:31.1644758Z > Task :Paintroid:processDebugManifest UP-TO-DATE
2026-10-09T16:17:31.7591867Z 
2026-10-09T16:17:31.7611539Z > Task :Paintroid:processDebugAndroidTestManifest
2026-10-09T16:17:31.7613729Z [androidx.vectordrawable:vectordrawable-animated:1.0.0] /home/runner/.gradle/caches/8.13/transforms/4c0c74693644e94e33bc27c89cbf9cd0/transformed/vectordrawable-animated-1.0.0/AndroidManifest.xml Warning:
2026-10-09T16:17:31.7616579Z 	Namespace 'androidx.vectordrawable' is used in multiple modules and/or libraries: androidx.vectordrawable:vectordrawable-animated:1.0.0, androidx.vectordrawable:vectordrawable:1.0.0. Please ensure that all modules and libraries have a unique namespace. For more information, See https://developer.android.com/studio/build/configure-app-module#set-namespace
2026-10-09T16:17:31.7618164Z 
2026-10-09T16:17:31.7618866Z > Task :Paintroid:generateDebugAndroidTestBuildConfig
2026-10-09T16:17:31.7620074Z > Task :Paintroid:writeDebugAarMetadata UP-TO-DATE
2026-10-09T16:17:31.8598999Z > Task :Paintroid:processDebugAndroidTestNavigationResources
2026-10-09T16:17:31.8608677Z > Task :Paintroid:checkDebugAndroidTestAarMetadata
2026-10-09T16:17:31.8609998Z > Task :Paintroid:compileDebugAndroidTestNavigationResources
2026-10-09T16:17:31.8614443Z > Task :Paintroid:compileDebugLibraryResources UP-TO-DATE
2026-10-09T16:17:31.8616245Z > Task :Paintroid:generateDebugAndroidTestResValues
2026-10-09T16:17:31.9592445Z > Task :Paintroid:mapDebugAndroidTestSourceSetPaths
2026-10-09T16:17:31.9596142Z > Task :Paintroid:generateDebugAndroidTestResources
2026-10-09T16:17:35.9591595Z > Task :Paintroid:javaPreCompileDebugAndroidTest
2026-10-09T16:17:36.0641701Z > Task :Paintroid:mergeDebugAndroidTestShaders
2026-10-09T16:17:36.0667647Z > Task :Paintroid:compileDebugAndroidTestShaders NO-SOURCE
2026-10-09T16:17:36.0669282Z > Task :Paintroid:generateDebugAndroidTestAssets UP-TO-DATE
2026-10-09T16:17:36.0700047Z > Task :Paintroid:mergeDebugShaders UP-TO-DATE
2026-10-09T16:17:36.0729064Z > Task :Paintroid:compileDebugShaders NO-SOURCE
2026-10-09T16:17:36.0748948Z > Task :Paintroid:generateDebugAssets UP-TO-DATE
2026-10-09T16:17:36.0759072Z > Task :Paintroid:mergeDebugAssets UP-TO-DATE
2026-10-09T16:17:36.3594537Z > Task :Paintroid:mergeDebugAndroidTestAssets
2026-10-09T16:17:36.4639679Z > Task :Paintroid:mergeDebugAndroidTestResources
2026-10-09T16:17:37.9609501Z > Task :Paintroid:processDebugAndroidTestResources
2026-10-09T16:17:39.1593669Z > Task :Paintroid:compressDebugAndroidTestAssets
2026-10-09T16:17:40.2632424Z > Task :Paintroid:bundleLibRuntimeToJarDebug UP-TO-DATE
2026-10-09T16:17:58.7609765Z > Task :Paintroid:desugarDebugAndroidTestFileDependencies
2026-10-09T16:17:58.7669623Z > Task :Paintroid:processDebugJavaRes UP-TO-DATE
2026-10-09T16:17:59.0639469Z > Task :Paintroid:checkDebugAndroidTestDuplicateClasses
2026-10-09T16:18:07.9587773Z > Task :Paintroid:compileDebugAndroidTestKotlin
2026-10-09T16:18:25.4591674Z > Task :Paintroid:compileDebugAndroidTestJavaWithJavac
2026-10-09T16:18:25.5629656Z > Task :Paintroid:mergeExtDexDebugAndroidTest
2026-10-09T16:18:26.1599626Z > Task :Paintroid:dexBuilderDebugAndroidTest
2026-10-09T16:18:26.2589714Z > Task :Paintroid:mergeDebugAndroidTestGlobalSynthetics
2026-10-09T16:18:26.2590994Z > Task :Paintroid:processDebugAndroidTestJavaRes
2026-10-09T16:18:26.7587822Z > Task :Paintroid:mergeLibDexDebugAndroidTest
2026-10-09T16:18:26.8587656Z > Task :Paintroid:mergeProjectDexDebugAndroidTest
2026-10-09T16:18:26.9589214Z > Task :Paintroid:mergeDebugAndroidTestJavaResource
2026-10-09T16:18:27.1588050Z > Task :Paintroid:configureCMakeDebug[arm64-v8a]
2026-10-09T16:18:27.2588006Z > Task :Paintroid:buildCMakeDebug[arm64-v8a][anpaint_heif,anpaint_jxl,etc]
2026-10-09T16:18:27.2589546Z > Task :Paintroid:configureCMakeDebug[armeabi-v7a]
2026-10-09T16:18:27.3589453Z > Task :Paintroid:buildCMakeDebug[armeabi-v7a][anpaint_heif,anpaint_jxl,etc]
2026-10-09T16:18:27.3590792Z > Task :Paintroid:configureCMakeDebug[x86]
2026-10-09T16:18:27.4588278Z > Task :Paintroid:buildCMakeDebug[x86][anpaint_heif,anpaint_jxl,etc]
2026-10-09T16:18:27.4591378Z > Task :Paintroid:configureCMakeDebug[x86_64]
2026-10-09T16:18:27.5592032Z > Task :Paintroid:buildCMakeDebug[x86_64][anpaint_heif,anpaint_jxl,etc]
2026-10-09T16:18:27.5615032Z > Task :Paintroid:mergeDebugJniLibFolders UP-TO-DATE
2026-10-09T16:18:27.5640208Z > Task :Paintroid:mergeDebugNativeLibs UP-TO-DATE
2026-10-09T16:18:27.5641063Z > Task :Paintroid:copyDebugJniLibsProjectOnly UP-TO-DATE
2026-10-09T16:18:27.5649701Z > Task :Paintroid:mergeDebugAndroidTestJniLibFolders
2026-10-09T16:18:27.6603946Z > Task :Paintroid:validateSigningDebugAndroidTest
2026-10-09T16:18:27.7609660Z > Task :Paintroid:writeDebugAndroidTestSigningConfigVersions
2026-10-09T16:18:27.7634257Z > Task :app:checkKotlinGradlePluginConfigurationErrors
2026-10-09T16:18:27.7657538Z > Task :app:preBuild UP-TO-DATE
2026-10-09T16:18:27.7665362Z > Task :app:preDebugBuild UP-TO-DATE
2026-10-09T16:18:27.7679630Z > Task :app:checkDebugAarMetadata UP-TO-DATE
2026-10-09T16:18:27.7682839Z > Task :app:processDebugNavigationResources UP-TO-DATE
2026-10-09T16:18:27.7719048Z > Task :app:compileDebugNavigationResources UP-TO-DATE
2026-10-09T16:18:27.7742121Z > Task :app:generateDebugResValues UP-TO-DATE
2026-10-09T16:18:27.8599219Z > Task :app:mapDebugSourceSetPaths UP-TO-DATE
2026-10-09T16:18:27.8600689Z > Task :app:generateDebugResources UP-TO-DATE
2026-10-09T16:18:27.8601403Z > Task :app:mergeDebugResources UP-TO-DATE
2026-10-09T16:18:27.8602195Z > Task :app:createDebugCompatibleScreenManifests UP-TO-DATE
2026-10-09T16:18:27.8602996Z > Task :app:extractDeepLinksDebug UP-TO-DATE
2026-10-09T16:18:27.9639470Z > Task :app:processDebugMainManifest UP-TO-DATE
2026-10-09T16:18:27.9652558Z > Task :app:processDebugManifest UP-TO-DATE
2026-10-09T16:18:27.9680741Z > Task :app:processDebugManifestForPackage UP-TO-DATE
2026-10-09T16:18:27.9729077Z > Task :app:processDebugResources UP-TO-DATE
2026-10-09T16:18:27.9742938Z > Task :app:compileDebugKotlin NO-SOURCE
2026-10-09T16:18:27.9778936Z > Task :app:javaPreCompileDebug UP-TO-DATE
2026-10-09T16:18:27.9791734Z > Task :app:compileDebugJavaWithJavac NO-SOURCE
2026-10-09T16:18:27.9802952Z > Task :app:bundleDebugClassesToCompileJar
2026-10-09T16:18:27.9803505Z > Task :app:preDebugAndroidTestBuild SKIPPED
2026-10-09T16:18:28.1669353Z > Task :app:checkDebugAndroidTestAarMetadata
2026-10-09T16:18:28.1729274Z > Task :app:processDebugAndroidTestNavigationResources
2026-10-09T16:18:28.1789300Z > Task :app:compileDebugAndroidTestNavigationResources
2026-10-09T16:18:28.1819060Z > Task :app:generateDebugAndroidTestResValues
2026-10-09T16:18:28.2594666Z > Task :app:mapDebugAndroidTestSourceSetPaths
2026-10-09T16:18:28.2639124Z > Task :app:generateDebugAndroidTestResources
2026-10-09T16:18:28.5594424Z > Task :app:mergeDebugAndroidTestResources
2026-10-09T16:18:28.5619191Z > Task :app:processDebugAndroidTestManifest
2026-10-09T16:18:29.5610117Z > Task :Paintroid:mergeDebugAndroidTestNativeLibs
2026-10-09T16:18:30.0589589Z > Task :app:processDebugAndroidTestResources
2026-10-09T16:18:30.2609685Z > Task :Paintroid:stripDebugAndroidTestDebugSymbols
2026-10-09T16:18:33.7609510Z > Task :Paintroid:packageDebugAndroidTest
2026-10-09T16:18:33.7632268Z > Task :Paintroid:createDebugAndroidTestApkListingFileRedirect
2026-10-09T16:18:33.7697320Z > Task :Paintroid:assembleDebugAndroidTest
2026-10-09T16:18:33.7698105Z > Task :app:javaPreCompileDebugAndroidTest
2026-10-09T16:18:33.7719533Z > Task :app:mergeDebugAndroidTestShaders
2026-10-09T16:18:33.7739734Z > Task :app:compileDebugAndroidTestShaders NO-SOURCE
2026-10-09T16:18:33.7769372Z > Task :app:generateDebugAndroidTestAssets UP-TO-DATE
2026-10-09T16:18:33.7804514Z > Task :app:mergeDebugAndroidTestAssets
2026-10-09T16:18:33.7817679Z > Task :app:compressDebugAndroidTestAssets
2026-10-09T16:18:33.8629788Z > Task :app:desugarDebugAndroidTestFileDependencies
2026-10-09T16:18:33.8689468Z > Task :app:checkDebugAndroidTestDuplicateClasses
2026-10-09T16:18:42.6609524Z > Task :app:mergeExtDexDebugAndroidTest
2026-10-09T16:18:42.6669379Z > Task :app:mergeLibDexDebugAndroidTest
2026-10-09T16:18:42.6699320Z > Task :app:mergeDebugAndroidTestJniLibFolders
2026-10-09T16:18:42.6723556Z > Task :app:mergeDebugJniLibFolders UP-TO-DATE
2026-10-09T16:18:42.7599418Z > Task :app:mergeDebugNativeLibs UP-TO-DATE
2026-10-09T16:18:42.7609216Z > Task :app:mergeDebugAndroidTestNativeLibs NO-SOURCE
2026-10-09T16:18:42.7628973Z > Task :app:stripDebugAndroidTestDebugSymbols NO-SOURCE
2026-10-09T16:18:42.7679001Z > Task :app:validateSigningDebugAndroidTest
2026-10-09T16:18:42.7709102Z > Task :app:writeDebugAndroidTestSigningConfigVersions
2026-10-09T16:18:44.2587761Z 
2026-10-09T16:18:44.2592081Z > Task :app:compileDebugAndroidTestKotlin
2026-10-09T16:18:44.2593934Z w: file:///home/runner/work/AN-Paint/AN-Paint/app/src/androidTest/java/paint/anpaint/android/EditorDeviceTest.kt:196:26 'getParcelableExtra(String!): T?' is deprecated. Deprecated in Java
2026-10-09T16:18:44.2597072Z w: file:///home/runner/work/AN-Paint/AN-Paint/app/src/androidTest/java/paint/anpaint/android/EditorDeviceTest.kt:199:25 'getParcelableExtra(String!): T?' is deprecated. Deprecated in Java
2026-10-09T16:18:44.8587791Z 
2026-10-09T16:18:44.8599726Z > Task :app:compileDebugAndroidTestJavaWithJavac
2026-10-09T16:18:45.4592236Z > Task :app:dexBuilderDebugAndroidTest
2026-10-09T16:18:45.4593296Z > Task :app:mergeDebugAndroidTestGlobalSynthetics
2026-10-09T16:18:45.4596004Z > Task :app:processDebugAndroidTestJavaRes
2026-10-09T16:18:45.5587649Z > Task :app:mergeDebugAndroidTestJavaResource
2026-10-09T16:18:45.5588799Z > Task :app:mergeProjectDexDebugAndroidTest
2026-10-09T16:18:45.6590063Z > Task :app:packageDebugAndroidTest
2026-10-09T16:18:45.7587373Z > Task :app:createDebugAndroidTestApkListingFileRedirect
2026-10-09T16:18:45.7589502Z > Task :app:assembleDebugAndroidTest
2026-10-09T16:18:45.7589996Z 
2026-10-09T16:18:45.7599130Z [Incubating] Problems report is available at: file:///home/runner/work/AN-Paint/AN-Paint/build/reports/problems/problems-report.html
2026-10-09T16:18:45.7600552Z 
2026-10-09T16:18:45.7644052Z Deprecated Gradle features were used in this build, making it incompatible with Gradle 9.0.
2026-10-09T16:18:45.7645002Z 
2026-10-09T16:18:45.7645965Z You can use '--warning-mode all' to show the individual deprecation warnings and determine if they come from your own scripts or plugins.
2026-10-09T16:18:45.7647095Z 
2026-10-09T16:18:45.7648128Z For more on this, please refer to https://docs.gradle.org/8.13/userguide/command_line_interface.html#sec:command_line_warnings in the Gradle documentation.
2026-10-09T16:18:45.7649610Z 
2026-10-09T16:18:45.7649963Z BUILD SUCCESSFUL in 1m 28s
2026-10-09T16:18:45.7651065Z 115 actionable tasks: 76 executed, 39 up-to-date
2026-10-09T16:18:46.1002048Z ##[group]Run actions/upload-artifact@043fb46d1a93c77aae656e7c1c64a875d1fc6a0a
2026-10-09T16:18:46.1002575Z with:
2026-10-09T16:18:46.1002789Z   archive: true
2026-10-09T16:18:46.1003126Z   name: instrumentation-apks-f5d2d3ac79864c5b91a502f24df93b62bdbe4718
2026-10-09T16:18:46.1003515Z   retention-days: 14
2026-10-09T16:18:46.1003747Z   if-no-files-found: error
2026-10-09T16:18:46.1004224Z   path: Paintroid/build/outputs/apk/androidTest/debug/*.apk
app/build/outputs/apk/androidTest/debug/*.apk

2026-10-09T16:18:46.1004738Z   compression-level: 6
2026-10-09T16:18:46.1004956Z   overwrite: false
2026-10-09T16:18:46.1005184Z   include-hidden-files: false
2026-10-09T16:18:46.1005427Z env:
2026-10-09T16:18:46.1005616Z   BUILD_VARIANT: debug
2026-10-09T16:18:46.1005830Z   CCACHE_MAXSIZE: 2G
2026-10-09T16:18:46.1006053Z   CCACHE_COMPILERCHECK: content
2026-10-09T16:18:46.1006303Z   CCACHE_SLOPPINESS: 
2026-10-09T16:18:46.1006545Z   CCACHE_NODEPEND: 1
2026-10-09T16:18:46.1006785Z   CCACHE_NODIRECT: 1
2026-10-09T16:18:46.1007008Z   CMAKE_C_COMPILER_LAUNCHER: ccache
2026-10-09T16:18:46.1007287Z   CMAKE_CXX_COMPILER_LAUNCHER: ccache
2026-10-09T16:18:46.1007593Z   CCACHE_DIR: /home/runner/work/_temp/anpaint-ccache
2026-10-09T16:18:46.1007942Z   JAVA_HOME: /usr/lib/jvm/temurin-17-jdk-amd64
2026-10-09T16:18:46.1008229Z ##[endgroup]
2026-10-09T16:18:46.2737803Z Multiple search paths detected. Calculating the least common ancestor of all paths
2026-10-09T16:18:46.2740563Z The least common ancestor is /home/runner/work/AN-Paint/AN-Paint. This will be the root directory of the artifact
2026-10-09T16:18:46.2741666Z With the provided path, there will be 2 files uploaded
2026-10-09T16:18:46.2746991Z Artifact name is valid!
2026-10-09T16:18:46.2747577Z Root directory input is valid!
2026-10-09T16:18:46.5443103Z Uploading artifact: instrumentation-apks-f5d2d3ac79864c5b91a502f24df93b62bdbe4718.zip
2026-10-09T16:18:46.5485174Z Beginning upload of artifact content to blob storage
2026-10-09T16:18:47.4150979Z Uploaded bytes 8388608
2026-10-09T16:18:47.7446692Z Uploaded bytes 16777216
2026-10-09T16:18:47.9228710Z Uploaded bytes 25165824
2026-10-09T16:18:47.9548594Z Uploaded bytes 33554432
2026-10-09T16:18:48.2085066Z Uploaded bytes 41943040
2026-10-09T16:18:48.4128649Z Uploaded bytes 50331648
2026-10-09T16:18:48.6336843Z Uploaded bytes 58720256
2026-10-09T16:18:48.9659000Z Uploaded bytes 67108864
2026-10-09T16:18:49.2507401Z Uploaded bytes 75497472
2026-10-09T16:18:49.4243373Z Uploaded bytes 83886080
2026-10-09T16:18:50.2999324Z Uploaded bytes 92274688
2026-10-09T16:18:50.4767867Z Uploaded bytes 96042952
2026-10-09T16:18:50.5205180Z Finished uploading artifact content to blob storage!
2026-10-09T16:18:50.5208130Z SHA256 digest of uploaded artifact is c1528c1bdeab9ef174e0083cf865bf5abc29dbfc0ca73dff8233e2309662b472
2026-10-09T16:18:50.5210978Z Finalizing artifact upload
2026-10-09T16:18:50.8543997Z Artifact instrumentation-apks-f5d2d3ac79864c5b91a502f24df93b62bdbe4718 successfully finalized. Artifact ID 11630665244
2026-10-09T16:18:50.8545603Z Artifact instrumentation-apks-f5d2d3ac79864c5b91a502f24df93b62bdbe4718 has been successfully uploaded! Final size is 96042952 bytes. Artifact ID is 11630665244
2026-10-09T16:18:50.8549133Z Artifact download URL: https://github.com/c933103/AN-Paint/actions/runs/37957075692/artifacts/11630665244
2026-10-09T16:18:51.0729709Z Post job cleanup.
2026-10-09T16:18:51.2057762Z Cache hit occurred on the primary key native-ccache-v1-ubuntu22-4.5.1-1900042d713270d9be79884fed5090e06c758cf5a7dbb0dafff05a1471f66488-f6748c512abb37bc571029f4530f88f37ff4e2bf9f52af568a2d57f91e736130, not saving cache.
2026-10-09T16:18:54.4827361Z Post job cleanup.
2026-10-09T16:18:54.6202379Z Cache hit occurred on the primary key android-deps-v1-Linux-3e89dbc8caa9f4c204ec67d5edbc4e22b75fcdfbf3a4bb344dfc355672ee7ee2-build, not saving cache.
2026-10-09T16:18:54.6363870Z Post job cleanup.
2026-10-09T16:18:54.7304627Z [command]/usr/bin/git version
2026-10-09T16:18:54.7365506Z git version 2.55.0
2026-10-09T16:18:54.7407193Z Temporarily overriding HOME='/home/runner/work/_temp/9a0f3c26-0658-4e26-ae63-51a97ff43969' before making global git config changes
2026-10-09T16:18:54.7409185Z Adding repository directory to the temporary git global config as a safe directory
2026-10-09T16:18:54.7413857Z [command]/usr/bin/git config --global --add safe.directory /home/runner/work/AN-Paint/AN-Paint
2026-10-09T16:18:54.7457675Z Removing SSH command configuration
2026-10-09T16:18:54.7479291Z [command]/usr/bin/git config --local --name-only --get-regexp core\.sshCommand
2026-10-09T16:18:54.7505706Z [command]/usr/bin/git submodule foreach --recursive sh -c "git config --local --name-only --get-regexp 'core\.sshCommand' && git config --local --unset-all 'core.sshCommand' || :"
2026-10-09T16:18:54.7807540Z Removing HTTP extra header
2026-10-09T16:18:54.7815302Z [command]/usr/bin/git config --local --name-only --get-regexp http\.https\:\/\/github\.com\/\.extraheader
2026-10-09T16:18:54.7866048Z [command]/usr/bin/git submodule foreach --recursive sh -c "git config --local --name-only --get-regexp 'http\.https\:\/\/github\.com\/\.extraheader' && git config --local --unset-all 'http.https://github.com/.extraheader' || :"
2026-10-09T16:18:54.8155479Z Removing includeIf entries pointing to credentials config files
2026-10-09T16:18:54.8164468Z [command]/usr/bin/git config --local --name-only --get-regexp ^includeIf\.gitdir:
2026-10-09T16:18:54.8214242Z [command]/usr/bin/git submodule foreach --recursive git config --local --show-origin --name-only --get-regexp remote.origin.url
2026-10-09T16:18:54.8687786Z Cleaning up orphan processes

